CityId,DistrictId,CityName,DistrictName,WheatYield,BarleyYield,OatYield,CottonYield,SoybeanYield,TomatoYield,CanolaYield,PotatoYield,SugarbeetYield,OnionYield,BeanYield,LentilYield,ChickpeaYield,PeanutYield,RiceYield,CornYield,SunflowerYield
31,15,HATAY,YAYLADA?I,292,265,278,494,442,7244,347,3514,6846,3329,271,157,123,394,782,941,292
31,17,HATAY,ALTINÖZÜ,292,265,278,494,442,7244,347,3514,6846,3329,271,157,123,394,782,941,292
31,20,HATAY,DEFNE,292,265,278,494,442,7244,347,3514,6846,3329,271,157,123,394,782,941,292
33,25,MERS?N,AYDINCIK,292,265,278,494,442,7244,347,3514,6846,3329,271,157,123,394,782,941,292
31,26,HATAY,SAMANDA?,292,265,278,494,442,7244,347,3514,6846,3329,271,157,123,394,782,941,292
31,28,HATAY,REYHANLI,292,265,278,494,442,7244,347,3514,6846,3329,271,157,123,394,782,941,292
31,30,HATAY,ANTAKYA,292,265,278,494,442,7244,347,3514,6846,3329,271,157,123,394,782,941,292
33,31,MERS?N,BOZYAZI,292,265,278,494,442,7244,347,3514,6846,3329,271,157,123,394,782,941,292
31,32,HATAY,KUMLU,292,265,278,494,442,7244,347,3514,6846,3329,271,157,123,394,782,941,292
7,34,ANTALYA,DEMRE,292,265,278,494,442,7244,347,3514,6846,3329,271,157,123,394,782,941,292
33,36,MERS?N,ANAMUR,292,265,278,494,442,7244,347,3514,6846,3329,271,157,123,394,782,941,292
31,37,HATAY,BELEN,292,265,278,494,442,7244,347,3514,6846,3329,271,157,123,394,782,941,292
7,38,ANTALYA,GAZ?PA?A,292,265,278,494,442,7244,347,3514,6846,3329,271,157,123,394,782,941,292
31,39,HATAY,ARSUZ,292,265,278,494,442,7244,347,3514,6846,3329,271,157,123,394,782,941,292
33,40,MERS?N,GÜLNAR,292,265,278,494,442,7244,347,3514,6846,3329,271,157,123,394,782,941,292
7,43,ANTALYA,F?N?KE,292,265,278,494,442,7244,347,3514,6846,3329,271,157,123,394,782,941,292
31,44,HATAY,KIRIKHAN,292,265,278,494,442,7244,347,3514,6846,3329,271,157,123,394,782,941,292
31,45,HATAY,?SKENDERUN,292,265,278,494,442,7244,347,3514,6846,3329,271,157,123,394,782,941,292
7,47,ANTALYA,KA?,292,265,278,494,442,7244,347,3514,6846,3329,271,157,123,394,782,941,292
70,49,KARAMAN,SARIVEL?LER,292,265,278,494,442,7244,347,3514,6846,3329,271,157,123,394,782,941,292
1,51,ADANA,KARATA?,292,265,278,494,442,7244,347,3514,6846,3329,271,157,123,394,782,941,292
31,52,HATAY,PAYAS,292,265,278,494,442,7244,347,3514,6846,3329,271,157,123,394,782,941,292
7,54,ANTALYA,KEMER,292,265,278,494,442,7244,347,3514,6846,3329,271,157,123,394,782,941,292
7,55,ANTALYA,ALANYA,292,265,278,494,442,7244,347,3514,6846,3329,271,157,123,394,782,941,292
70,59,KARAMAN,BA?YAYLA,292,265,278,494,442,7244,347,3514,6846,3329,271,157,123,394,782,941,292
79,61,K?L?S,ELBEYL?,292,265,278,494,442,7244,347,3514,6846,3329,271,157,123,394,782,941,292
70,69,KARAMAN,ERMENEK,292,265,278,494,442,7244,347,3514,6846,3329,271,157,123,394,782,941,292
79,70,K?L?S,MERKEZ,292,265,278,494,442,7244,347,3514,6846,3329,271,157,123,394,782,941,292
1,75,ADANA,YUMURTALIK,292,265,278,494,442,7244,347,3514,6846,3329,271,157,123,394,782,941,292
31,76,HATAY,HASSA,292,265,278,494,442,7244,347,3514,6846,3329,271,157,123,394,782,941,292
7,77,ANTALYA,KUMLUCA,292,265,278,494,442,7244,347,3514,6846,3329,271,157,123,394,782,941,292
33,78,MERS?N,YEN??EH?R,292,265,278,494,442,7244,347,3514,6846,3329,271,157,123,394,782,941,292
79,79,K?L?S,POLATEL?,292,265,278,494,442,7244,347,3514,6846,3329,271,157,123,394,782,941,292
31,81,HATAY,DÖRTYOL,292,265,278,494,442,7244,347,3514,6846,3329,271,157,123,394,782,941,292
33,87,MERS?N,MEZ?TL?,292,265,278,494,442,7244,347,3514,6846,3329,271,157,123,394,782,941,292
33,88,MERS?N,MUT,292,265,278,494,442,7244,347,3514,6846,3329,271,157,123,394,782,941,292
27,89,GAZ?ANTEP,KARKAMI?,292,265,278,494,442,7244,347,3514,6846,3329,271,157,123,394,782,941,292
33,90,MERS?N,MERKEZ,292,265,278,494,442,7244,347,3514,6846,3329,271,157,123,394,782,941,292
42,91,KONYA,TA?KENT,292,265,278,494,442,7244,347,3514,6846,3329,271,157,123,394,782,941,292
63,92,?ANLIURFA,AKÇAKALE,292,265,278,494,442,7244,347,3514,6846,3329,271,157,123,394,782,941,292
7,94,ANTALYA,MERKEZ,292,265,278,494,442,7244,347,3514,6846,3329,271,157,123,394,782,941,292
31,95,HATAY,ERZ?N,292,265,278,494,442,7244,347,3514,6846,3329,271,157,123,394,782,941,292
48,96,MU?LA,FETH?YE,292,265,278,494,442,7244,347,3514,6846,3329,271,157,123,394,782,941,292
63,97,?ANLIURFA,HARRAN,292,265,278,494,442,7244,347,3514,6846,3329,271,157,123,394,782,941,292
79,98,K?L?S,MUSABEYL?,292,265,278,494,442,7244,347,3514,6846,3329,271,157,123,394,782,941,292
48,99,MU?LA,DATÇA,292,265,278,494,442,7244,347,3514,6846,3329,271,157,123,394,782,941,292
7,100,ANTALYA,ELMALI,292,265,278,494,442,7244,347,3514,6846,3329,271,157,123,394,782,941,292
33,101,MERS?N,S?L?FKE,292,265,278,494,442,7244,347,3514,6846,3329,271,157,123,394,782,941,292
7,102,ANTALYA,KONYAALTI,292,265,278,494,442,7244,347,3514,6846,3329,271,157,123,394,782,941,292
27,103,GAZ?ANTEP,O?UZEL?,292,265,278,494,442,7244,347,3514,6846,3329,271,157,123,394,782,941,292
1,104,ADANA,YÜRE??R,292,265,278,494,442,7244,347,3514,6846,3329,271,157,123,394,782,941,292
1,105,ADANA,SEYHAN,292,265,278,494,442,7244,347,3514,6846,3329,271,157,123,394,782,941,292
48,106,MU?LA,ORTACA,292,265,278,494,442,7244,347,3514,6846,3329,271,157,123,394,782,941,292
48,107,MU?LA,SEYD?KEMER,292,265,278,494,442,7244,347,3514,6846,3329,271,157,123,394,782,941,292
80,108,OSMAN?YE,TOPRAKKALE,292,265,278,494,442,7244,347,3514,6846,3329,271,157,123,394,782,941,292
7,109,ANTALYA,GÜNDO?MU?,292,265,278,494,442,7244,347,3514,6846,3329,271,157,123,394,782,941,292
27,110,GAZ?ANTEP,?AH?NBEY,292,265,278,494,442,7244,347,3514,6846,3329,271,157,123,394,782,941,292
42,111,KONYA,HAD?M,292,265,278,494,442,7244,347,3514,6846,3329,271,157,123,394,782,941,292
1,113,ADANA,ÇUKUROVA,292,265,278,494,442,7244,347,3514,6846,3329,271,157,123,394,782,941,292
27,114,GAZ?ANTEP,?SLAH?YE,292,265,278,494,442,7244,347,3514,6846,3329,271,157,123,394,782,941,292
80,116,OSMAN?YE,HASANBEYL?,292,265,278,494,442,7244,347,3514,6846,3329,271,157,123,394,782,941,292
15,117,BURDUR,ALTINYAYLA,292,265,278,494,442,7244,347,3514,6846,3329,271,157,123,394,782,941,292
33,118,MERS?N,ERDEML?,292,265,278,494,442,7244,347,3514,6846,3329,271,157,123,394,782,941,292
48,119,MU?LA,DALAMAN,292,265,278,494,442,7244,347,3514,6846,3329,271,157,123,394,782,941,292
63,120,?ANLIURFA,SURUÇ,292,265,278,494,442,7244,347,3514,6846,3329,271,157,123,394,782,941,292
48,122,MU?LA,MARMAR?S,292,265,278,494,442,7244,347,3514,6846,3329,271,157,123,394,782,941,292
63,123,?ANLIURFA,MERKEZ,292,265,278,494,442,7244,347,3514,6846,3329,271,157,123,394,782,941,292
63,125,?ANLIURFA,CEYLANPINAR,292,265,278,494,442,7244,347,3514,6846,3329,271,157,123,394,782,941,292
7,126,ANTALYA,KEPEZ,292,265,278,494,442,7244,347,3514,6846,3329,271,157,123,394,782,941,292
33,129,MERS?N,TOROSLAR,292,265,278,494,442,7244,347,3514,6846,3329,271,157,123,394,782,941,292
80,130,OSMAN?YE,MERKEZ,292,265,278,494,442,7244,347,3514,6846,3329,271,157,123,394,782,941,292
1,131,ADANA,SARIÇAM,292,265,278,494,442,7244,347,3514,6846,3329,271,157,123,394,782,941,292
1,132,ADANA,CEYHAN,292,265,278,494,442,7244,347,3514,6846,3329,271,157,123,394,782,941,292
63,135,?ANLIURFA,B?REC?K,292,265,278,494,442,7244,347,3514,6846,3329,271,157,123,394,782,941,292
80,136,OSMAN?YE,BAHÇE,292,265,278,494,442,7244,347,3514,6846,3329,271,157,123,394,782,941,292
27,137,GAZ?ANTEP,N?Z?P,292,265,278,494,442,7244,347,3514,6846,3329,271,157,123,394,782,941,292
7,140,ANTALYA,AKSU,292,265,278,494,442,7244,347,3514,6846,3329,271,157,123,394,782,941,292
27,142,GAZ?ANTEP,NURDA?I,292,265,278,494,442,7244,347,3514,6846,3329,271,157,123,394,782,941,292
42,144,KONYA,BOZKIR,292,265,278,494,442,7244,347,3514,6846,3329,271,157,123,394,782,941,292
20,145,DEN?ZL?,ÇAMEL?,292,265,278,494,442,7244,347,3514,6846,3329,271,157,123,394,782,941,292
48,146,MU?LA,KÖYCE??Z,292,265,278,494,442,7244,347,3514,6846,3329,271,157,123,394,782,941,292
7,147,ANTALYA,DÖ?EMEALTI,292,265,278,494,442,7244,347,3514,6846,3329,271,157,123,394,782,941,292
48,148,MU?LA,ULA,292,265,278,494,442,7244,347,3514,6846,3329,271,157,123,394,782,941,292
27,150,GAZ?ANTEP,MERKEZ,292,265,278,494,442,7244,347,3514,6846,3329,271,157,123,394,782,941,292
42,151,KONYA,GÜNEYSINIR,292,265,278,494,442,7244,347,3514,6846,3329,271,157,123,394,782,941,292
33,152,MERS?N,ÇAMLIYAYLA,292,265,278,494,442,7244,347,3514,6846,3329,271,157,123,394,782,941,292
42,153,KONYA,YALIHÜYÜK,292,265,278,494,442,7244,347,3514,6846,3329,271,157,123,394,782,941,292
48,155,MU?LA,BODRUM,292,265,278,494,442,7244,347,3514,6846,3329,271,157,123,394,782,941,292
7,156,ANTALYA,AKSEK?,292,265,278,494,442,7244,347,3514,6846,3329,271,157,123,394,782,941,292
15,157,BURDUR,GÖLH?SAR,292,265,278,494,442,7244,347,3514,6846,3329,271,157,123,394,782,941,292
7,158,ANTALYA,?BRADI,292,265,278,494,442,7244,347,3514,6846,3329,271,157,123,394,782,941,292
70,160,KARAMAN,KAZIMKARABEK?R,292,265,278,494,442,7244,347,3514,6846,3329,271,157,123,394,782,941,292
27,161,GAZ?ANTEP,YAVUZEL?,292,265,278,494,442,7244,347,3514,6846,3329,271,157,123,394,782,941,292
42,162,KONYA,AHIRLI,292,265,278,494,442,7244,347,3514,6846,3329,271,157,123,394,782,941,292
7,163,ANTALYA,SER?K,292,265,278,494,442,7244,347,3514,6846,3329,271,157,123,394,782,941,292
33,164,MERS?N,TARSUS,292,265,278,494,442,7244,347,3514,6846,3329,271,157,123,394,782,941,292
1,165,ADANA,?MAMO?LU,292,265,278,494,442,7244,347,3514,6846,3329,271,157,123,394,782,941,292
80,166,OSMAN?YE,DÜZ?Ç?,292,265,278,494,442,7244,347,3514,6846,3329,271,157,123,394,782,941,292
7,167,ANTALYA,KORKUTEL?,292,265,278,494,442,7244,347,3514,6846,3329,271,157,123,394,782,941,292
15,168,BURDUR,ÇAVDIR,292,265,278,494,442,7244,347,3514,6846,3329,271,157,123,394,782,941,292
47,169,MARD?N,KIZILTEPE,292,265,278,494,442,7244,347,3514,6846,3329,271,157,123,394,782,941,292
1,170,ADANA,KARA?SALI,292,265,278,494,442,7244,347,3514,6846,3329,271,157,123,394,782,941,292
63,171,?ANLIURFA,HALFET?,292,265,278,494,442,7244,347,3514,6846,3329,271,157,123,394,782,941,292
20,172,DEN?ZL?,BEYA?AÇ,292,265,278,494,442,7244,347,3514,6846,3329,271,157,123,394,782,941,292
47,173,MARD?N,NUSAYB?N,292,265,278,494,442,7244,347,3514,6846,3329,271,157,123,394,782,941,292
7,176,ANTALYA,MANAVGAT,292,265,278,494,442,7244,347,3514,6846,3329,271,157,123,394,782,941,292
46,177,KAHRAMANMARA?,TÜRKO?LU,292,265,278,494,442,7244,347,3514,6846,3329,271,157,123,394,782,941,292
42,179,KONYA,HALKAPINAR,292,265,278,494,442,7244,347,3514,6846,3329,271,157,123,394,782,941,292
63,180,?ANLIURFA,BOZOVA,292,265,278,494,442,7244,347,3514,6846,3329,271,157,123,394,782,941,292
15,181,BURDUR,TEFENN?,292,265,278,494,442,7244,347,3514,6846,3329,271,157,123,394,782,941,292
63,182,?ANLIURFA,HAL?L?YE,292,265,278,494,442,7244,347,3514,6846,3329,271,157,123,394,782,941,292
27,183,GAZ?ANTEP,ARABAN,292,265,278,494,442,7244,347,3514,6846,3329,271,157,123,394,782,941,292
42,184,KONYA,DEREBUCAK,292,265,278,494,442,7244,347,3514,6846,3329,271,157,123,394,782,941,292
70,186,KARAMAN,MERKEZ,292,265,278,494,442,7244,347,3514,6846,3329,271,157,123,394,782,941,292
47,189,MARD?N,YE??LL?,292,265,278,494,442,7244,347,3514,6846,3329,271,157,123,394,782,941,292
42,190,KONYA,AKÖREN,292,265,278,494,442,7244,347,3514,6846,3329,271,157,123,394,782,941,292
30,191,HAKKAR?,DEREC?K,292,265,278,494,442,7244,347,3514,6846,3329,271,157,123,394,782,941,292
15,192,BURDUR,KEMER,292,265,278,494,442,7244,347,3514,6846,3329,271,157,123,394,782,941,292
15,193,BURDUR,KARAMANLI,292,265,278,494,442,7244,347,3514,6846,3329,271,157,123,394,782,941,292
63,194,?ANLIURFA,KARAKÖPRÜ,292,265,278,494,442,7244,347,3514,6846,3329,271,157,123,394,782,941,292
70,195,KARAMAN,AYRANCI,292,265,278,494,442,7244,347,3514,6846,3329,271,157,123,394,782,941,292
73,197,?IRNAK,C?ZRE,292,265,278,494,442,7244,347,3514,6846,3329,271,157,123,394,782,941,292
47,198,MARD?N,ÖMERL?,292,265,278,494,442,7244,347,3514,6846,3329,271,157,123,394,782,941,292
73,199,?IRNAK,?D?L,292,265,278,494,442,7244,347,3514,6846,3329,271,157,123,394,782,941,292
15,200,BURDUR,BUCAK,292,265,278,494,442,7244,347,3514,6846,3329,271,157,123,394,782,941,292
48,201,MU?LA,MERKEZ,292,265,278,494,442,7244,347,3514,6846,3329,271,157,123,394,782,941,292
63,202,?ANLIURFA,V?RAN?EH?R,292,265,278,494,442,7244,347,3514,6846,3329,271,157,123,394,782,941,292
47,203,MARD?N,DER?K,292,265,278,494,442,7244,347,3514,6846,3329,271,157,123,394,782,941,292
73,206,?IRNAK,S?LOP?,292,265,278,494,442,7244,347,3514,6846,3329,271,157,123,394,782,941,292
15,208,BURDUR,ÇELT?KÇ?,292,265,278,494,442,7244,347,3514,6846,3329,271,157,123,394,782,941,292
47,209,MARD?N,MERKEZ,292,265,278,494,442,7244,347,3514,6846,3329,271,157,123,394,782,941,292
1,210,ADANA,POZANTI,292,265,278,494,442,7244,347,3514,6846,3329,271,157,123,394,782,941,292
80,211,OSMAN?YE,SUMBAS,292,265,278,494,442,7244,347,3514,6846,3329,271,157,123,394,782,941,292
46,213,KAHRAMANMARA?,PAZARCIK,292,265,278,494,442,7244,347,3514,6846,3329,271,157,123,394,782,941,292
47,214,MARD?N,M?DYAT,292,265,278,494,442,7244,347,3514,6846,3329,271,157,123,394,782,941,292
51,215,N??DE,ULUKI?LA,292,265,278,494,442,7244,347,3514,6846,3329,271,157,123,394,782,941,292
80,216,OSMAN?YE,KAD?RL?,292,265,278,494,442,7244,347,3514,6846,3329,271,157,123,394,782,941,292
30,217,HAKKAR?,ÇUKURCA,292,265,278,494,442,7244,347,3514,6846,3329,271,157,123,394,782,941,292
48,218,MU?LA,YATA?AN,292,265,278,494,442,7244,347,3514,6846,3329,271,157,123,394,782,941,292
2,220,ADIYAMAN,SAMSAT,292,265,278,494,442,7244,347,3514,6846,3329,271,157,123,394,782,941,292
47,221,MARD?N,MAZIDA?I,292,265,278,494,442,7244,347,3514,6846,3329,271,157,123,394,782,941,292
48,222,MU?LA,KAVAKLIDERE,292,265,278,494,442,7244,347,3514,6846,3329,271,157,123,394,782,941,292
42,223,KONYA,SEYD??EH?R,292,265,278,494,442,7244,347,3514,6846,3329,271,157,123,394,782,941,292
1,225,ADANA,ALADA?,292,265,278,494,442,7244,347,3514,6846,3329,271,157,123,394,782,941,292
20,226,DEN?ZL?,KALE,292,265,278,494,442,7244,347,3514,6846,3329,271,157,123,394,782,941,292
63,227,?ANLIURFA,H?LVAN,292,265,278,494,442,7244,347,3514,6846,3329,271,157,123,394,782,941,292
20,228,DEN?ZL?,ACIPAYAM,292,265,278,494,442,7244,347,3514,6846,3329,271,157,123,394,782,941,292
15,229,BURDUR,A?LASUN,292,265,278,494,442,7244,347,3514,6846,3329,271,157,123,394,782,941,292
48,230,MU?LA,M?LAS,292,265,278,494,442,7244,347,3514,6846,3329,271,157,123,394,782,941,292
32,231,ISPARTA,SÜTÇÜLER,292,265,278,494,442,7244,347,3514,6846,3329,271,157,123,394,782,941,292
42,232,KONYA,ÇUMRA,292,265,278,494,442,7244,347,3514,6846,3329,271,157,123,394,782,941,292
2,233,ADIYAMAN,BESN?,292,265,278,494,442,7244,347,3514,6846,3329,271,157,123,394,782,941,292
9,234,AYDIN,D?D?M,292,265,278,494,442,7244,347,3514,6846,3329,271,157,123,394,782,941,292
73,235,?IRNAK,ULUDERE,292,265,278,494,442,7244,347,3514,6846,3329,271,157,123,394,782,941,292
20,238,DEN?ZL?,SER?NH?SAR,292,265,278,494,442,7244,347,3514,6846,3329,271,157,123,394,782,941,292
1,239,ADANA,KOZAN,292,265,278,494,442,7244,347,3514,6846,3329,271,157,123,394,782,941,292
46,240,KAHRAMANMARA?,ANDIRIN,292,265,278,494,442,7244,347,3514,6846,3329,271,157,123,394,782,941,292
46,241,KAHRAMANMARA?,ÇA?LAYANCER?T,292,265,278,494,442,7244,347,3514,6846,3329,271,157,123,394,782,941,292
46,242,KAHRAMANMARA?,DULKAD?RO?LU,292,265,278,494,442,7244,347,3514,6846,3329,271,157,123,394,782,941,292
30,243,HAKKAR?,?EMD?NL?,292,265,278,494,442,7244,347,3514,6846,3329,271,157,123,394,782,941,292
47,244,MARD?N,DARGEÇ?T,292,265,278,494,442,7244,347,3514,6846,3329,271,157,123,394,782,941,292
73,245,?IRNAK,GÜÇLÜKONAK,292,265,278,494,442,7244,347,3514,6846,3329,271,157,123,394,782,941,292
47,246,MARD?N,SAVUR,292,265,278,494,442,7244,347,3514,6846,3329,271,157,123,394,782,941,292
9,247,AYDIN,KARPUZLU,292,265,278,494,442,7244,347,3514,6846,3329,271,157,123,394,782,941,292
20,248,DEN?ZL?,TAVAS,292,265,278,494,442,7244,347,3514,6846,3329,271,157,123,394,782,941,292
15,249,BURDUR,YE??LOVA,292,265,278,494,442,7244,347,3514,6846,3329,271,157,123,394,782,941,292
15,253,BURDUR,MERKEZ,292,265,278,494,442,7244,347,3514,6846,3329,271,157,123,394,782,941,292
32,254,ISPARTA,YEN??ARBADEML?,292,265,278,494,442,7244,347,3514,6846,3329,271,157,123,394,782,941,292
32,256,ISPARTA,AKSU,292,265,278,494,442,7244,347,3514,6846,3329,271,157,123,394,782,941,292
42,257,KONYA,MERKEZ,292,265,278,494,442,7244,347,3514,6846,3329,271,157,123,394,782,941,292
72,258,BATMAN,GERCÜ?,292,265,278,494,442,7244,347,3514,6846,3329,271,157,123,394,782,941,292
72,259,BATMAN,HASANKEYF,292,265,278,494,442,7244,347,3514,6846,3329,271,157,123,394,782,941,292
21,260,D?YARBAKIR,ÇINAR,292,265,278,494,442,7244,347,3514,6846,3329,271,157,123,394,782,941,292
73,261,?IRNAK,MERKEZ,292,265,278,494,442,7244,347,3514,6846,3329,271,157,123,394,782,941,292
2,263,ADIYAMAN,TUT,292,265,278,494,442,7244,347,3514,6846,3329,271,157,123,394,782,941,292
9,264,AYDIN,Ç?NE,292,265,278,494,442,7244,347,3514,6846,3329,271,157,123,394,782,941,292
2,265,ADIYAMAN,GÖLBA?I,292,265,278,494,442,7244,347,3514,6846,3329,271,157,123,394,782,941,292
32,266,ISPARTA,MERKEZ,292,265,278,494,442,7244,347,3514,6846,3329,271,157,123,394,782,941,292
20,267,DEN?ZL?,ÇARDAK,292,265,278,494,442,7244,347,3514,6846,3329,271,157,123,394,782,941,292
42,268,KONYA,ERE?L?,292,265,278,494,442,7244,347,3514,6846,3329,271,157,123,394,782,941,292
42,270,KONYA,KARAPINAR,292,265,278,494,442,7244,347,3514,6846,3329,271,157,123,394,782,941,292
20,271,DEN?ZL?,HONAZ,292,265,278,494,442,7244,347,3514,6846,3329,271,157,123,394,782,941,292
20,272,DEN?ZL?,BABADA?,292,265,278,494,442,7244,347,3514,6846,3329,271,157,123,394,782,941,292
9,273,AYDIN,BOZDO?AN,292,265,278,494,442,7244,347,3514,6846,3329,271,157,123,394,782,941,292
46,274,KAHRAMANMARA?,ON?K? ?UBAT,292,265,278,494,442,7244,347,3514,6846,3329,271,157,123,394,782,941,292
51,275,N??DE,BOR,292,265,278,494,442,7244,347,3514,6846,3329,271,157,123,394,782,941,292
9,276,AYDIN,KARACASU,292,265,278,494,442,7244,347,3514,6846,3329,271,157,123,394,782,941,292
9,277,AYDIN,KOÇARLI,292,265,278,494,442,7244,347,3514,6846,3329,271,157,123,394,782,941,292
21,278,D?YARBAKIR,MERKEZ,292,265,278,494,442,7244,347,3514,6846,3329,271,157,123,394,782,941,292
2,279,ADIYAMAN,MERKEZ,292,265,278,494,442,7244,347,3514,6846,3329,271,157,123,394,782,941,292
51,280,N??DE,ÇAMARDI,292,265,278,494,442,7244,347,3514,6846,3329,271,157,123,394,782,941,292
73,281,?IRNAK,BEYTÜ??EBAP,292,265,278,494,442,7244,347,3514,6846,3329,271,157,123,394,782,941,292
9,282,AYDIN,YEN?PAZAR,292,265,278,494,442,7244,347,3514,6846,3329,271,157,123,394,782,941,292
42,283,KONYA,BEY?EH?R,292,265,278,494,442,7244,347,3514,6846,3329,271,157,123,394,782,941,292
20,284,DEN?ZL?,MERKEZEFEND?,292,265,278,494,442,7244,347,3514,6846,3329,271,157,123,394,782,941,292
2,285,ADIYAMAN,KÂHTA,292,265,278,494,442,7244,347,3514,6846,3329,271,157,123,394,782,941,292
9,286,AYDIN,SÖKE,292,265,278,494,442,7244,347,3514,6846,3329,271,157,123,394,782,941,292
63,287,?ANLIURFA,S?VEREK,292,265,278,494,442,7244,347,3514,6846,3329,271,157,123,394,782,941,292
42,288,KONYA,HÜYÜK,292,265,278,494,442,7244,347,3514,6846,3329,271,157,123,394,782,941,292
3,290,AFYONKARAH?SAR,BA?MAKÇI,292,265,278,494,442,7244,347,3514,6846,3329,271,157,123,394,782,941,292
1,291,ADANA,FEKE,292,265,278,494,442,7244,347,3514,6846,3329,271,157,123,394,782,941,292
20,292,DEN?ZL?,BOZKURT,292,265,278,494,442,7244,347,3514,6846,3329,271,157,123,394,782,941,292
56,293,S??RT,ERUH,292,265,278,494,442,7244,347,3514,6846,3329,271,157,123,394,782,941,292
42,294,KONYA,DERBENT,292,265,278,494,442,7244,347,3514,6846,3329,271,157,123,394,782,941,292
51,295,N??DE,ALTUNH?SAR,292,265,278,494,442,7244,347,3514,6846,3329,271,157,123,394,782,941,292
32,296,ISPARTA,GÖNEN,292,265,278,494,442,7244,347,3514,6846,3329,271,157,123,394,782,941,292
42,297,KONYA,EM?RGAZ?,292,265,278,494,442,7244,347,3514,6846,3329,271,157,123,394,782,941,292
32,298,ISPARTA,ATABEY,292,265,278,494,442,7244,347,3514,6846,3329,271,157,123,394,782,941,292
3,299,AFYONKARAH?SAR,DAZKIRI,292,265,278,494,442,7244,347,3514,6846,3329,271,157,123,394,782,941,292
32,300,ISPARTA,KEÇ?BORLU,292,265,278,494,442,7244,347,3514,6846,3329,271,157,123,394,782,941,292
46,301,KAHRAMANMARA?,EK?NÖZÜ,292,265,278,494,442,7244,347,3514,6846,3329,271,157,123,394,782,941,292
30,302,HAKKAR?,MERKEZ,292,265,278,494,442,7244,347,3514,6846,3329,271,157,123,394,782,941,292
1,303,ADANA,SA?MBEYL?,292,265,278,494,442,7244,347,3514,6846,3329,271,157,123,394,782,941,292
30,304,HAKKAR?,YÜKSEKOVA,292,265,278,494,442,7244,347,3514,6846,3329,271,157,123,394,782,941,292
9,305,AYDIN,KU?ADASI,292,265,278,494,442,7244,347,3514,6846,3329,271,157,123,394,782,941,292
20,306,DEN?ZL?,SARAYKÖY,292,265,278,494,442,7244,347,3514,6846,3329,271,157,123,394,782,941,292
2,307,ADIYAMAN,ÇEL?KHAN,292,265,278,494,442,7244,347,3514,6846,3329,271,157,123,394,782,941,292
32,308,ISPARTA,E??RD?R,292,265,278,494,442,7244,347,3514,6846,3329,271,157,123,394,782,941,292
21,309,D?YARBAKIR,B?SM?L,292,265,278,494,442,7244,347,3514,6846,3329,271,157,123,394,782,941,292
56,310,S??RT,T?LLO,292,265,278,494,442,7244,347,3514,6846,3329,271,157,123,394,782,941,292
9,311,AYDIN,?NC?RL?OVA,292,265,278,494,442,7244,347,3514,6846,3329,271,157,123,394,782,941,292
21,312,D?YARBAKIR,KAYAPINAR,292,265,278,494,442,7244,347,3514,6846,3329,271,157,123,394,782,941,292
9,313,AYDIN,MERKEZ,292,265,278,494,442,7244,347,3514,6846,3329,271,157,123,394,782,941,292
2,314,ADIYAMAN,S?NC?K,292,265,278,494,442,7244,347,3514,6846,3329,271,157,123,394,782,941,292
9,315,AYDIN,BUHARKENT,292,265,278,494,442,7244,347,3514,6846,3329,271,157,123,394,782,941,292
9,316,AYDIN,KÖ?K,292,265,278,494,442,7244,347,3514,6846,3329,271,157,123,394,782,941,292
9,317,AYDIN,SULTANH?SAR,292,265,278,494,442,7244,347,3514,6846,3329,271,157,123,394,782,941,292
46,318,KAHRAMANMARA?,NURHAK,292,265,278,494,442,7244,347,3514,6846,3329,271,157,123,394,782,941,292
9,319,AYDIN,GERMENC?K,292,265,278,494,442,7244,347,3514,6846,3329,271,157,123,394,782,941,292
38,320,KAYSER?,YAHYALI,292,265,278,494,442,7244,347,3514,6846,3329,271,157,123,394,782,941,292
3,321,AFYONKARAH?SAR,EVC?LER,292,265,278,494,442,7244,347,3514,6846,3329,271,157,123,394,782,941,292
72,322,BATMAN,MERKEZ,292,265,278,494,442,7244,347,3514,6846,3329,271,157,123,394,782,941,292
72,323,BATMAN,BE??R?,292,265,278,494,442,7244,347,3514,6846,3329,271,157,123,394,782,941,292
56,324,S??RT,MERKEZ,292,265,278,494,442,7244,347,3514,6846,3329,271,157,123,394,782,941,292
56,325,S??RT,KURTALAN,292,265,278,494,442,7244,347,3514,6846,3329,271,157,123,394,782,941,292
21,326,D?YARBAKIR,YEN??EH?R,292,265,278,494,442,7244,347,3514,6846,3329,271,157,123,394,782,941,292
32,327,ISPARTA,ULUBORLU,292,265,278,494,442,7244,347,3514,6846,3329,271,157,123,394,782,941,292
20,328,DEN?ZL?,PAMUKKALE,292,265,278,494,442,7244,347,3514,6846,3329,271,157,123,394,782,941,292
56,329,S??RT,PERVAR?,292,265,278,494,442,7244,347,3514,6846,3329,271,157,123,394,782,941,292
44,330,MALATYA,DO?AN?EH?R,292,265,278,494,442,7244,347,3514,6846,3329,271,157,123,394,782,941,292
2,331,ADIYAMAN,GERGER,292,265,278,494,442,7244,347,3514,6846,3329,271,157,123,394,782,941,292
32,332,ISPARTA,?ARK?KARAA?AÇ,292,265,278,494,442,7244,347,3514,6846,3329,271,157,123,394,782,941,292
42,333,KONYA,KARATAY,292,265,278,494,442,7244,347,3514,6846,3329,271,157,123,394,782,941,292
51,334,N??DE,Ç?FTL?K,292,265,278,494,442,7244,347,3514,6846,3329,271,157,123,394,782,941,292
32,335,ISPARTA,GELENDOST,292,265,278,494,442,7244,347,3514,6846,3329,271,157,123,394,782,941,292
9,336,AYDIN,KUYUCAK,292,265,278,494,442,7244,347,3514,6846,3329,271,157,123,394,782,941,292
20,337,DEN?ZL?,BAKLAN,292,265,278,494,442,7244,347,3514,6846,3329,271,157,123,394,782,941,292
35,338,?ZM?R,SELÇUK,292,265,278,494,442,7244,347,3514,6846,3329,271,157,123,394,782,941,292
9,339,AYDIN,NAZ?LL?,292,265,278,494,442,7244,347,3514,6846,3329,271,157,123,394,782,941,292
21,340,D?YARBAKIR,ÇERM?K,292,265,278,494,442,7244,347,3514,6846,3329,271,157,123,394,782,941,292
42,341,KONYA,DO?ANH?SAR,292,265,278,494,442,7244,347,3514,6846,3329,271,157,123,394,782,941,292
35,342,?ZM?R,BEYDA?,292,265,278,494,442,7244,347,3514,6846,3329,271,157,123,394,782,941,292
42,343,KONYA,SELÇUKLU,292,265,278,494,442,7244,347,3514,6846,3329,271,157,123,394,782,941,292
51,344,N??DE,MERKEZ,292,265,278,494,442,7244,347,3514,6846,3329,271,157,123,394,782,941,292
68,345,AKSARAY,GÜZELYURT,292,265,278,494,442,7244,347,3514,6846,3329,271,157,123,394,782,941,292
32,346,ISPARTA,SEN?RKENT,292,265,278,494,442,7244,347,3514,6846,3329,271,157,123,394,782,941,292
20,347,DEN?ZL?,ÇAL,292,265,278,494,442,7244,347,3514,6846,3329,271,157,123,394,782,941,292
20,348,DEN?ZL?,GÜNEY,292,265,278,494,442,7244,347,3514,6846,3329,271,157,123,394,782,941,292
20,349,DEN?ZL?,BULDAN,292,265,278,494,442,7244,347,3514,6846,3329,271,157,123,394,782,941,292
46,350,KAHRAMANMARA?,GÖKSUN,292,265,278,494,442,7244,347,3514,6846,3329,271,157,123,394,782,941,292
1,351,ADANA,TUFANBEYL?,292,265,278,494,442,7244,347,3514,6846,3329,271,157,123,394,782,941,292
3,352,AFYONKARAH?SAR,KIZILÖREN,292,265,278,494,442,7244,347,3514,6846,3329,271,157,123,394,782,941,292
44,353,MALATYA,PÜTÜRGE,292,265,278,494,442,7244,347,3514,6846,3329,271,157,123,394,782,941,292
68,354,AKSARAY,SULTANHANI,292,265,278,494,442,7244,347,3514,6846,3329,271,157,123,394,782,941,292
44,355,MALATYA,DO?ANYOL,292,265,278,494,442,7244,347,3514,6846,3329,271,157,123,394,782,941,292
21,356,D?YARBAKIR,E??L,292,265,278,494,442,7244,347,3514,6846,3329,271,157,123,394,782,941,292
21,357,D?YARBAKIR,SUR,292,265,278,494,442,7244,347,3514,6846,3329,271,157,123,394,782,941,292
21,358,D?YARBAKIR,ÇÜNGÜ?,292,265,278,494,442,7244,347,3514,6846,3329,271,157,123,394,782,941,292
35,359,?ZM?R,T?RE,292,265,278,494,442,7244,347,3514,6846,3329,271,157,123,394,782,941,292
65,360,VAN,BAHÇESARAY,292,265,278,494,442,7244,347,3514,6846,3329,271,157,123,394,782,941,292
56,361,S??RT,BAYKAN,292,265,278,494,442,7244,347,3514,6846,3329,271,157,123,394,782,941,292
56,362,S??RT,??RVAN,292,265,278,494,442,7244,347,3514,6846,3329,271,157,123,394,782,941,292
20,363,DEN?ZL?,BEK?LL?,292,265,278,494,442,7244,347,3514,6846,3329,271,157,123,394,782,941,292
21,364,D?YARBAKIR,HAZRO,292,265,278,494,442,7244,347,3514,6846,3329,271,157,123,394,782,941,292
3,365,AFYONKARAH?SAR,D?NAR,292,265,278,494,442,7244,347,3514,6846,3329,271,157,123,394,782,941,292
21,366,D?YARBAKIR,KOCAKÖY,292,265,278,494,442,7244,347,3514,6846,3329,271,157,123,394,782,941,292
21,367,D?YARBAKIR,ERGAN?,292,265,278,494,442,7244,347,3514,6846,3329,271,157,123,394,782,941,292
21,368,D?YARBAKIR,S?LVAN,292,265,278,494,442,7244,347,3514,6846,3329,271,157,123,394,782,941,292
44,369,MALATYA,KALE,292,265,278,494,442,7244,347,3514,6846,3329,271,157,123,394,782,941,292
38,370,KAYSER?,DEVEL?,292,265,278,494,442,7244,347,3514,6846,3329,271,157,123,394,782,941,292
50,371,NEV?EH?R,DER?NKUYU,292,265,278,494,442,7244,347,3514,6846,3329,271,157,123,394,782,941,292
45,372,MAN?SA,SARIGÖL,292,265,278,494,442,7244,347,3514,6846,3329,271,157,123,394,782,941,292
68,373,AKSARAY,GÜLA?AÇ,292,265,278,494,442,7244,347,3514,6846,3329,271,157,123,394,782,941,292
38,374,KAYSER?,YE??LH?SAR,292,265,278,494,442,7244,347,3514,6846,3329,271,157,123,394,782,941,292
42,375,KONYA,ALTINEK?N,292,265,278,494,442,7244,347,3514,6846,3329,271,157,123,394,782,941,292
44,376,MALATYA,MERKEZ,292,265,278,494,442,7244,347,3514,6846,3329,271,157,123,394,782,941,292
13,377,B?TL?S,H?ZAN,292,265,278,494,442,7244,347,3514,6846,3329,271,157,123,394,782,941,292
44,378,MALATYA,YE??LYURT,292,265,278,494,442,7244,347,3514,6846,3329,271,157,123,394,782,941,292
65,379,VAN,ÇATAK,292,265,278,494,442,7244,347,3514,6846,3329,271,157,123,394,782,941,292
44,380,MALATYA,AKÇADA?,292,265,278,494,442,7244,347,3514,6846,3329,271,157,123,394,782,941,292
35,381,?ZM?R,K?RAZ,292,265,278,494,442,7244,347,3514,6846,3329,271,157,123,394,782,941,292
35,382,?ZM?R,TORBALI,292,265,278,494,442,7244,347,3514,6846,3329,271,157,123,394,782,941,292
32,383,ISPARTA,YALVAÇ,292,265,278,494,442,7244,347,3514,6846,3329,271,157,123,394,782,941,292
35,384,?ZM?R,BAYINDIR,292,265,278,494,442,7244,347,3514,6846,3329,271,157,123,394,782,941,292
35,385,?ZM?R,SEFER?H?SAR,292,265,278,494,442,7244,347,3514,6846,3329,271,157,123,394,782,941,292
72,386,BATMAN,KOZLUK,292,265,278,494,442,7244,347,3514,6846,3329,271,157,123,394,782,941,292
21,387,D?YARBAKIR,D?CLE,292,265,278,494,442,7244,347,3514,6846,3329,271,157,123,394,782,941,292
35,388,?ZM?R,MENDERES,292,265,278,494,442,7244,347,3514,6846,3329,271,157,123,394,782,941,292
23,389,ELAZI?,S?VR?CE,292,265,278,494,442,7244,347,3514,6846,3329,271,157,123,394,782,941,292
20,390,DEN?ZL?,Ç?VR?L,292,265,278,494,442,7244,347,3514,6846,3329,271,157,123,394,782,941,292
42,391,KONYA,AK?EH?R,292,265,278,494,442,7244,347,3514,6846,3329,271,157,123,394,782,941,292
64,392,U?AK,KARAHALLI,292,265,278,494,442,7244,347,3514,6846,3329,271,157,123,394,782,941,292
46,393,KAHRAMANMARA?,AF??N,292,265,278,494,442,7244,347,3514,6846,3329,271,157,123,394,782,941,292
46,394,KAHRAMANMARA?,ELB?STAN,292,265,278,494,442,7244,347,3514,6846,3329,271,157,123,394,782,941,292
38,395,KAYSER?,TOMARZA,292,265,278,494,442,7244,347,3514,6846,3329,271,157,123,394,782,941,292
35,396,?ZM?R,ÖDEM??,292,265,278,494,442,7244,347,3514,6846,3329,271,157,123,394,782,941,292
35,397,?ZM?R,GAZ?EM?R,292,265,278,494,442,7244,347,3514,6846,3329,271,157,123,394,782,941,292
42,398,KONYA,ILGIN,292,265,278,494,442,7244,347,3514,6846,3329,271,157,123,394,782,941,292
35,399,?ZM?R,GÜZELBAHÇE,292,265,278,494,442,7244,347,3514,6846,3329,271,157,123,394,782,941,292
35,401,?ZM?R,BUCA,292,265,278,494,442,7244,347,3514,6846,3329,271,157,123,394,782,941,292
35,402,?ZM?R,KARABA?LAR,292,265,278,494,442,7244,347,3514,6846,3329,271,157,123,394,782,941,292
35,404,?ZM?R,NARLIDERE,292,265,278,494,442,7244,347,3514,6846,3329,271,157,123,394,782,941,292
35,405,?ZM?R,BALÇOVA,292,265,278,494,442,7244,347,3514,6846,3329,271,157,123,394,782,941,292
23,406,ELAZI?,MADEN,292,265,278,494,442,7244,347,3514,6846,3329,271,157,123,394,782,941,292
23,407,ELAZI?,ALACAKAYA,292,265,278,494,442,7244,347,3514,6846,3329,271,157,123,394,782,941,292
21,408,D?YARBAKIR,HAN?,292,265,278,494,442,7244,347,3514,6846,3329,271,157,123,394,782,941,292
50,409,NEV?EH?R,ACIGÖL,292,265,278,494,442,7244,347,3514,6846,3329,271,157,123,394,782,941,292
38,410,KAYSER?,HACILAR,292,265,278,494,442,7244,347,3514,6846,3329,271,157,123,394,782,941,292
35,411,?ZM?R,KONAK,292,265,278,494,442,7244,347,3514,6846,3329,271,157,123,394,782,941,292
68,412,AKSARAY,ESK?L,292,265,278,494,442,7244,347,3514,6846,3329,271,157,123,394,782,941,292
42,413,KONYA,TUZLUKÇU,292,265,278,494,442,7244,347,3514,6846,3329,271,157,123,394,782,941,292
38,415,KAYSER?,TALAS,292,265,278,494,442,7244,347,3514,6846,3329,271,157,123,394,782,941,292
50,416,NEV?EH?R,MERKEZ,292,265,278,494,442,7244,347,3514,6846,3329,271,157,123,394,782,941,292
3,417,AFYONKARAH?SAR,?UHUT,292,265,278,494,442,7244,347,3514,6846,3329,271,157,123,394,782,941,292
68,418,AKSARAY,MERKEZ,292,265,278,494,442,7244,347,3514,6846,3329,271,157,123,394,782,941,292
38,419,KAYSER?,SARIZ,292,265,278,494,442,7244,347,3514,6846,3329,271,157,123,394,782,941,292
64,420,U?AK,ULUBEY,292,265,278,494,442,7244,347,3514,6846,3329,271,157,123,394,782,941,292
72,421,BATMAN,SASON,292,265,278,494,442,7244,347,3514,6846,3329,271,157,123,394,782,941,292
45,422,MAN?SA,ALA?EH?R,292,265,278,494,442,7244,347,3514,6846,3329,271,157,123,394,782,941,292
13,423,B?TL?S,MERKEZ,292,265,278,494,442,7244,347,3514,6846,3329,271,157,123,394,782,941,292
35,424,?ZM?R,ÇE?ME,292,265,278,494,442,7244,347,3514,6846,3329,271,157,123,394,782,941,292
3,426,AFYONKARAH?SAR,ÇAY,292,265,278,494,442,7244,347,3514,6846,3329,271,157,123,394,782,941,292
23,428,ELAZI?,ARICAK,292,265,278,494,442,7244,347,3514,6846,3329,271,157,123,394,782,941,292
64,429,U?AK,S?VASLI,292,265,278,494,442,7244,347,3514,6846,3329,271,157,123,394,782,941,292
44,430,MALATYA,YAZIHAN,292,265,278,494,442,7244,347,3514,6846,3329,271,157,123,394,782,941,292
65,431,VAN,BA?KALE,292,265,278,494,442,7244,347,3514,6846,3329,271,157,123,394,782,941,292
50,432,NEV?EH?R,ÜRGÜP,292,265,278,494,442,7244,347,3514,6846,3329,271,157,123,394,782,941,292
35,433,?ZM?R,URLA,292,265,278,494,442,7244,347,3514,6846,3329,271,157,123,394,782,941,292
21,434,D?YARBAKIR,L?CE,292,265,278,494,442,7244,347,3514,6846,3329,271,157,123,394,782,941,292
35,436,?ZM?R,BAYRAKLI,292,265,278,494,442,7244,347,3514,6846,3329,271,157,123,394,782,941,292
3,437,AFYONKARAH?SAR,SANDIKLI,292,265,278,494,442,7244,347,3514,6846,3329,271,157,123,394,782,941,292
65,438,VAN,EDREM?T,292,265,278,494,442,7244,347,3514,6846,3329,271,157,123,394,782,941,292
64,439,U?AK,E?ME,292,265,278,494,442,7244,347,3514,6846,3329,271,157,123,394,782,941,292
13,440,B?TL?S,MUTK?,292,265,278,494,442,7244,347,3514,6846,3329,271,157,123,394,782,941,292
44,441,MALATYA,DARENDE,292,265,278,494,442,7244,347,3514,6846,3329,271,157,123,394,782,941,292
35,442,?ZM?R,KEMALPA?A,292,265,278,494,442,7244,347,3514,6846,3329,271,157,123,394,782,941,292
23,443,ELAZI?,BASK?L,292,265,278,494,442,7244,347,3514,6846,3329,271,157,123,394,782,941,292
35,445,?ZM?R,KAR?IYAKA,292,265,278,494,442,7244,347,3514,6846,3329,271,157,123,394,782,941,292
35,446,?ZM?R,BORNOVA,292,265,278,494,442,7244,347,3514,6846,3329,271,157,123,394,782,941,292
38,447,KAYSER?,?NCESU,292,265,278,494,442,7244,347,3514,6846,3329,271,157,123,394,782,941,292
35,448,?ZM?R,Ç??L?,292,265,278,494,442,7244,347,3514,6846,3329,271,157,123,394,782,941,292
65,451,VAN,GÜRPINAR,292,265,278,494,442,7244,347,3514,6846,3329,271,157,123,394,782,941,292
45,453,MAN?SA,AHMETL?,292,265,278,494,442,7244,347,3514,6846,3329,271,157,123,394,782,941,292
3,454,AFYONKARAH?SAR,HOCALAR,292,265,278,494,442,7244,347,3514,6846,3329,271,157,123,394,782,941,292
45,455,MAN?SA,TURGUTLU,292,265,278,494,442,7244,347,3514,6846,3329,271,157,123,394,782,941,292
21,456,D?YARBAKIR,KULP,292,265,278,494,442,7244,347,3514,6846,3329,271,157,123,394,782,941,292
42,458,KONYA,SARAYÖNÜ,292,265,278,494,442,7244,347,3514,6846,3329,271,157,123,394,782,941,292
3,459,AFYONKARAH?SAR,SULTANDA?I,292,265,278,494,442,7244,347,3514,6846,3329,271,157,123,394,782,941,292
42,460,KONYA,KADINHANI,292,265,278,494,442,7244,347,3514,6846,3329,271,157,123,394,782,941,292
3,461,AFYONKARAH?SAR,ÇOBANLAR,292,265,278,494,442,7244,347,3514,6846,3329,271,157,123,394,782,941,292
50,462,NEV?EH?R,GÜL?EH?R,292,265,278,494,442,7244,347,3514,6846,3329,271,157,123,394,782,941,292
65,463,VAN,GEVA?,292,265,278,494,442,7244,347,3514,6846,3329,271,157,123,394,782,941,292
45,464,MAN?SA,KULA,292,265,278,494,442,7244,347,3514,6846,3329,271,157,123,394,782,941,292
49,465,MU?,HASKÖY,292,265,278,494,442,7244,347,3514,6846,3329,271,157,123,394,782,941,292
38,466,KAYSER?,MEL?KGAZ?,292,265,278,494,442,7244,347,3514,6846,3329,271,157,123,394,782,941,292
23,468,ELAZI?,MERKEZ,292,265,278,494,442,7244,347,3514,6846,3329,271,157,123,394,782,941,292
13,469,B?TL?S,GÜROYMAK,292,265,278,494,442,7244,347,3514,6846,3329,271,157,123,394,782,941,292
23,470,ELAZI?,KEBAN,292,265,278,494,442,7244,347,3514,6846,3329,271,157,123,394,782,941,292
45,471,MAN?SA,SAL?HL?,292,265,278,494,442,7244,347,3514,6846,3329,271,157,123,394,782,941,292
23,472,ELAZI?,PALU,292,265,278,494,442,7244,347,3514,6846,3329,271,157,123,394,782,941,292
68,473,AKSARAY,A?AÇÖREN,292,265,278,494,442,7244,347,3514,6846,3329,271,157,123,394,782,941,292
13,474,B?TL?S,TATVAN,292,265,278,494,442,7244,347,3514,6846,3329,271,157,123,394,782,941,292
68,475,AKSARAY,ORTAKÖY,292,265,278,494,442,7244,347,3514,6846,3329,271,157,123,394,782,941,292
45,476,MAN?SA,GÖLMARMARA,292,265,278,494,442,7244,347,3514,6846,3329,271,157,123,394,782,941,292
35,477,?ZM?R,KARABURUN,292,265,278,494,442,7244,347,3514,6846,3329,271,157,123,394,782,941,292
3,479,AFYONKARAH?SAR,BOLVAD?N,292,265,278,494,442,7244,347,3514,6846,3329,271,157,123,394,782,941,292
35,480,?ZM?R,MENEMEN,292,265,278,494,442,7244,347,3514,6846,3329,271,157,123,394,782,941,292
23,481,ELAZI?,KOVANCILAR,292,265,278,494,442,7244,347,3514,6846,3329,271,157,123,394,782,941,292
64,482,U?AK,MERKEZ,292,265,278,494,442,7244,347,3514,6846,3329,271,157,123,394,782,941,292
12,483,B?NGÖL,GENÇ,292,265,278,494,442,7244,347,3514,6846,3329,271,157,123,394,782,941,292
38,484,KAYSER?,BÜNYAN,292,265,278,494,442,7244,347,3514,6846,3329,271,157,123,394,782,941,292
3,485,AFYONKARAH?SAR,S?NANPA?A,292,265,278,494,442,7244,347,3514,6846,3329,271,157,123,394,782,941,292
35,486,?ZM?R,FOÇA,292,265,278,494,442,7244,347,3514,6846,3329,271,157,123,394,782,941,292
44,487,MALATYA,KULUNCAK,292,265,278,494,442,7244,347,3514,6846,3329,271,157,123,394,782,941,292
42,488,KONYA,YUNAK,292,265,278,494,442,7244,347,3514,6846,3329,271,157,123,394,782,941,292
45,489,MAN?SA,KÖPRÜBA?I,292,265,278,494,442,7244,347,3514,6846,3329,271,157,123,394,782,941,292
68,490,AKSARAY,SARIYAH??,292,265,278,494,442,7244,347,3514,6846,3329,271,157,123,394,782,941,292
38,491,KAYSER?,MERKEZ,292,265,278,494,442,7244,347,3514,6846,3329,271,157,123,394,782,941,292
64,492,U?AK,BANAZ,292,265,278,494,442,7244,347,3514,6846,3329,271,157,123,394,782,941,292
3,493,AFYONKARAH?SAR,MERKEZ,292,265,278,494,442,7244,347,3514,6846,3329,271,157,123,394,782,941,292
45,494,MAN?SA,MERKEZ,292,265,278,494,442,7244,347,3514,6846,3329,271,157,123,394,782,941,292
42,495,KONYA,C?HANBEYL?,292,265,278,494,442,7244,347,3514,6846,3329,271,157,123,394,782,941,292
58,496,S?VAS,GÜRÜN,292,265,278,494,442,7244,347,3514,6846,3329,271,157,123,394,782,941,292
50,497,NEV?EH?R,AVANOS,292,265,278,494,442,7244,347,3514,6846,3329,271,157,123,394,782,941,292
43,498,KÜTAHYA,DUMLUPINAR,292,265,278,494,442,7244,347,3514,6846,3329,271,157,123,394,782,941,292
45,499,MAN?SA,SELEND?,292,265,278,494,442,7244,347,3514,6846,3329,271,157,123,394,782,941,292
49,500,MU?,KORKUT,292,265,278,494,442,7244,347,3514,6846,3329,271,157,123,394,782,941,292
23,501,ELAZI?,A?IN,292,265,278,494,442,7244,347,3514,6846,3329,271,157,123,394,782,941,292
38,502,KAYSER?,AKKI?LA,292,265,278,494,442,7244,347,3514,6846,3329,271,157,123,394,782,941,292
65,503,VAN,SARAY,292,265,278,494,442,7244,347,3514,6846,3329,271,157,123,394,782,941,292
65,504,VAN,MERKEZ,292,265,278,494,442,7244,347,3514,6846,3329,271,157,123,394,782,941,292
44,505,MALATYA,HEK?MHAN,292,265,278,494,442,7244,347,3514,6846,3329,271,157,123,394,782,941,292
62,507,TUNCEL?,PERTEK,292,265,278,494,442,7244,347,3514,6846,3329,271,157,123,394,782,941,292
3,508,AFYONKARAH?SAR,?SCEH?SAR,292,265,278,494,442,7244,347,3514,6846,3329,271,157,123,394,782,941,292
6,509,ANKARA,EVREN,292,265,278,494,442,7244,347,3514,6846,3329,271,157,123,394,782,941,292
44,510,MALATYA,ARGUVAN,292,265,278,494,442,7244,347,3514,6846,3329,271,157,123,394,782,941,292
38,511,KAYSER?,PINARBA?I,292,265,278,494,442,7244,347,3514,6846,3329,271,157,123,394,782,941,292
50,512,NEV?EH?R,HACIBEKTA?,292,265,278,494,442,7244,347,3514,6846,3329,271,157,123,394,782,941,292
43,513,KÜTAHYA,PAZARLAR,292,265,278,494,442,7244,347,3514,6846,3329,271,157,123,394,782,941,292
42,514,KONYA,ÇELT?K,292,265,278,494,442,7244,347,3514,6846,3329,271,157,123,394,782,941,292
45,515,MAN?SA,YUNUSEMRE,292,265,278,494,442,7244,347,3514,6846,3329,271,157,123,394,782,941,292
13,516,B?TL?S,AHLAT,292,265,278,494,442,7244,347,3514,6846,3329,271,157,123,394,782,941,292
62,517,TUNCEL?,MAZG?RT,292,265,278,494,442,7244,347,3514,6846,3329,271,157,123,394,782,941,292
35,518,?ZM?R,AL?A?A,292,265,278,494,442,7244,347,3514,6846,3329,271,157,123,394,782,941,292
44,520,MALATYA,ARAPG?R,292,265,278,494,442,7244,347,3514,6846,3329,271,157,123,394,782,941,292
38,521,KAYSER?,FELAH?YE,292,265,278,494,442,7244,347,3514,6846,3329,271,157,123,394,782,941,292
45,522,MAN?SA,SARUHANLI,292,265,278,494,442,7244,347,3514,6846,3329,271,157,123,394,782,941,292
43,523,KÜTAHYA,?APHANE,292,265,278,494,442,7244,347,3514,6846,3329,271,157,123,394,782,941,292
49,524,MU?,MERKEZ,292,265,278,494,442,7244,347,3514,6846,3329,271,157,123,394,782,941,292
65,525,VAN,TU?BA,292,265,278,494,442,7244,347,3514,6846,3329,271,157,123,394,782,941,292
12,526,B?NGÖL,MERKEZ,292,265,278,494,442,7244,347,3514,6846,3329,271,157,123,394,782,941,292
12,527,B?NGÖL,SOLHAN,292,265,278,494,442,7244,347,3514,6846,3329,271,157,123,394,782,941,292
38,528,KAYSER?,ÖZVATAN,292,265,278,494,442,7244,347,3514,6846,3329,271,157,123,394,782,941,292
62,529,TUNCEL?,ÇEM??GEZEK,292,265,278,494,442,7244,347,3514,6846,3329,271,157,123,394,782,941,292
3,530,AFYONKARAH?SAR,BAYAT,292,265,278,494,442,7244,347,3514,6846,3329,271,157,123,394,782,941,292
6,531,ANKARA,?EREFL?KOÇH?SAR,292,265,278,494,442,7244,347,3514,6846,3329,271,157,123,394,782,941,292
23,532,ELAZI?,KARAKOÇAN,292,265,278,494,442,7244,347,3514,6846,3329,271,157,123,394,782,941,292
13,533,B?TL?S,AD?LCEVAZ,292,265,278,494,442,7244,347,3514,6846,3329,271,157,123,394,782,941,292
65,536,VAN,ÖZALP,292,265,278,494,442,7244,347,3514,6846,3329,271,157,123,394,782,941,292
42,537,KONYA,KULU,292,265,278,494,442,7244,347,3514,6846,3329,271,157,123,394,782,941,292
45,538,MAN?SA,GÖRDES,292,265,278,494,442,7244,347,3514,6846,3329,271,157,123,394,782,941,292
40,539,KIR?EH?R,MUCUR,292,265,278,494,442,7244,347,3514,6846,3329,271,157,123,394,782,941,292
38,540,KAYSER?,SARIO?LAN,292,265,278,494,442,7244,347,3514,6846,3329,271,157,123,394,782,941,292
3,541,AFYONKARAH?SAR,?HSAN?YE,292,265,278,494,442,7244,347,3514,6846,3329,271,157,123,394,782,941,292
43,542,KÜTAHYA,ALTINTA?,292,265,278,494,442,7244,347,3514,6846,3329,271,157,123,394,782,941,292
43,543,KÜTAHYA,GED?Z,292,265,278,494,442,7244,347,3514,6846,3329,271,157,123,394,782,941,292
62,544,TUNCEL?,HOZAT,292,265,278,494,442,7244,347,3514,6846,3329,271,157,123,394,782,941,292
3,545,AFYONKARAH?SAR,EM?RDA?,292,265,278,494,442,7244,347,3514,6846,3329,271,157,123,394,782,941,292
45,546,MAN?SA,DEM?RC?,292,265,278,494,442,7244,347,3514,6846,3329,271,157,123,394,782,941,292
66,547,YOZGAT,ÇANDIR,292,265,278,494,442,7244,347,3514,6846,3329,271,157,123,394,782,941,292
26,548,ESK??EH?R,HAN,292,265,278,494,442,7244,347,3514,6846,3329,271,157,123,394,782,941,292
66,549,YOZGAT,YEN?FAKILI,292,265,278,494,442,7244,347,3514,6846,3329,271,157,123,394,782,941,292
35,550,?ZM?R,KINIK,292,265,278,494,442,7244,347,3514,6846,3329,271,157,123,394,782,941,292
45,551,MAN?SA,AKH?SAR,292,265,278,494,442,7244,347,3514,6846,3329,271,157,123,394,782,941,292
50,552,NEV?EH?R,KOZAKLI,292,265,278,494,442,7244,347,3514,6846,3329,271,157,123,394,782,941,292
43,553,KÜTAHYA,H?SARCIK,292,265,278,494,442,7244,347,3514,6846,3329,271,157,123,394,782,941,292
58,554,S?VAS,ALTINYAYLA,292,265,278,494,442,7244,347,3514,6846,3329,271,157,123,394,782,941,292
12,555,B?NGÖL,YAYLADERE,292,265,278,494,442,7244,347,3514,6846,3329,271,157,123,394,782,941,292
24,556,ERZ?NCAN,KEMAL?YE,292,265,278,494,442,7244,347,3514,6846,3329,271,157,123,394,782,941,292
62,557,TUNCEL?,MERKEZ,292,265,278,494,442,7244,347,3514,6846,3329,271,157,123,394,782,941,292
62,558,TUNCEL?,NAZIM?YE,292,265,278,494,442,7244,347,3514,6846,3329,271,157,123,394,782,941,292
40,559,KIR?EH?R,BOZTEPE,292,265,278,494,442,7244,347,3514,6846,3329,271,157,123,394,782,941,292
58,560,S?VAS,GEMEREK,292,265,278,494,442,7244,347,3514,6846,3329,271,157,123,394,782,941,292
43,561,KÜTAHYA,ÇAVDARH?SAR,292,265,278,494,442,7244,347,3514,6846,3329,271,157,123,394,782,941,292
66,562,YOZGAT,BO?AZLIYAN,292,265,278,494,442,7244,347,3514,6846,3329,271,157,123,394,782,941,292
40,563,KIR?EH?R,KAMAN,292,265,278,494,442,7244,347,3514,6846,3329,271,157,123,394,782,941,292
58,564,S?VAS,KANGAL,292,265,278,494,442,7244,347,3514,6846,3329,271,157,123,394,782,941,292
43,565,KÜTAHYA,ASLANAPA,292,265,278,494,442,7244,347,3514,6846,3329,271,157,123,394,782,941,292
65,566,VAN,MURAD?YE,292,265,278,494,442,7244,347,3514,6846,3329,271,157,123,394,782,941,292
35,567,?ZM?R,D?K?L?,292,265,278,494,442,7244,347,3514,6846,3329,271,157,123,394,782,941,292
12,568,B?NGÖL,ADAKLI,292,265,278,494,442,7244,347,3514,6846,3329,271,157,123,394,782,941,292
40,569,KIR?EH?R,MERKEZ,292,265,278,494,442,7244,347,3514,6846,3329,271,157,123,394,782,941,292
49,570,MU?,VARTO,292,265,278,494,442,7244,347,3514,6846,3329,271,157,123,394,782,941,292
49,571,MU?,BULANIK,292,265,278,494,442,7244,347,3514,6846,3329,271,157,123,394,782,941,292
26,572,ESK??EH?R,Ç?FTELER,292,265,278,494,442,7244,347,3514,6846,3329,271,157,123,394,782,941,292
12,573,B?NGÖL,K??I,292,265,278,494,442,7244,347,3514,6846,3329,271,157,123,394,782,941,292
66,574,YOZGAT,ÇAYIRALAN,292,265,278,494,442,7244,347,3514,6846,3329,271,157,123,394,782,941,292
45,575,MAN?SA,KIRKA?AÇ,292,265,278,494,442,7244,347,3514,6846,3329,271,157,123,394,782,941,292
26,576,ESK??EH?R,GÜNYÜZÜ,292,265,278,494,442,7244,347,3514,6846,3329,271,157,123,394,782,941,292
10,577,BALIKES?R,SINDIRGI,292,265,278,494,442,7244,347,3514,6846,3329,271,157,123,394,782,941,292
71,578,KIRIKKALE,ÇELEB?,292,265,278,494,442,7244,347,3514,6846,3329,271,157,123,394,782,941,292
12,580,B?NGÖL,KARLIOVA,292,265,278,494,442,7244,347,3514,6846,3329,271,157,123,394,782,941,292
62,581,TUNCEL?,OVACIK,292,265,278,494,442,7244,347,3514,6846,3329,271,157,123,394,782,941,292
58,582,S?VAS,ULA?,292,265,278,494,442,7244,347,3514,6846,3329,271,157,123,394,782,941,292
35,586,?ZM?R,BERGAMA,292,265,278,494,442,7244,347,3514,6846,3329,271,157,123,394,782,941,292
66,588,YOZGAT,?EFAATL?,292,265,278,494,442,7244,347,3514,6846,3329,271,157,123,394,782,941,292
43,589,KÜTAHYA,EMET,292,265,278,494,442,7244,347,3514,6846,3329,271,157,123,394,782,941,292
10,590,BALIKES?R,AYVALIK,292,265,278,494,442,7244,347,3514,6846,3329,271,157,123,394,782,941,292
45,592,MAN?SA,SOMA,292,265,278,494,442,7244,347,3514,6846,3329,271,157,123,394,782,941,292
6,593,ANKARA,HAYMANA,292,265,278,494,442,7244,347,3514,6846,3329,271,157,123,394,782,941,292
71,594,KIRIKKALE,KARAKEÇ?L?,292,265,278,494,442,7244,347,3514,6846,3329,271,157,123,394,782,941,292
12,595,B?NGÖL,YED?SU,292,265,278,494,442,7244,347,3514,6846,3329,271,157,123,394,782,941,292
65,597,VAN,ERC??,292,265,278,494,442,7244,347,3514,6846,3329,271,157,123,394,782,941,292
66,598,YOZGAT,SARIKAYA,292,265,278,494,442,7244,347,3514,6846,3329,271,157,123,394,782,941,292
4,599,A?RI,PATNOS,292,265,278,494,442,7244,347,3514,6846,3329,271,157,123,394,782,941,292
40,600,KIR?EH?R,AKPINAR,292,265,278,494,442,7244,347,3514,6846,3329,271,157,123,394,782,941,292
43,602,KÜTAHYA,S?MAV,292,265,278,494,442,7244,347,3514,6846,3329,271,157,123,394,782,941,292
25,604,ERZURUM,KARAÇOBAN,292,265,278,494,442,7244,347,3514,6846,3329,271,157,123,394,782,941,292
26,605,ESK??EH?R,SEY?TGAZ?,292,265,278,494,442,7244,347,3514,6846,3329,271,157,123,394,782,941,292
58,606,S?VAS,D?VR???,292,265,278,494,442,7244,347,3514,6846,3329,271,157,123,394,782,941,292
65,608,VAN,ÇALDIRAN,292,265,278,494,442,7244,347,3514,6846,3329,271,157,123,394,782,941,292
58,609,S?VAS,?ARKI?LA,292,265,278,494,442,7244,347,3514,6846,3329,271,157,123,394,782,941,292
10,610,BALIKES?R,GÖMEÇ,292,265,278,494,442,7244,347,3514,6846,3329,271,157,123,394,782,941,292
62,611,TUNCEL?,PÜLÜMÜR,292,265,278,494,442,7244,347,3514,6846,3329,271,157,123,394,782,941,292
26,612,ESK??EH?R,MAHMUD?YE,292,265,278,494,442,7244,347,3514,6846,3329,271,157,123,394,782,941,292
49,613,MU?,MALAZG?RT,292,265,278,494,442,7244,347,3514,6846,3329,271,157,123,394,782,941,292
6,614,ANKARA,BALA,292,265,278,494,442,7244,347,3514,6846,3329,271,157,123,394,782,941,292
10,615,BALIKES?R,B?GAD?Ç,292,265,278,494,442,7244,347,3514,6846,3329,271,157,123,394,782,941,292
25,616,ERZURUM,HINIS,292,265,278,494,442,7244,347,3514,6846,3329,271,157,123,394,782,941,292
26,617,ESK??EH?R,S?VR?H?SAR,292,265,278,494,442,7244,347,3514,6846,3329,271,157,123,394,782,941,292
40,618,KIR?EH?R,AKÇAKENT,292,265,278,494,442,7244,347,3514,6846,3329,271,157,123,394,782,941,292
10,619,BALIKES?R,SAVA?TEPE,292,265,278,494,442,7244,347,3514,6846,3329,271,157,123,394,782,941,292
40,620,KIR?EH?R,Ç?ÇEKDA?I,292,265,278,494,442,7244,347,3514,6846,3329,271,157,123,394,782,941,292
10,621,BALIKES?R,BURHAN?YE,292,265,278,494,442,7244,347,3514,6846,3329,271,157,123,394,782,941,292
71,622,KIRIKKALE,KESK?N,292,265,278,494,442,7244,347,3514,6846,3329,271,157,123,394,782,941,292
43,623,KÜTAHYA,MERKEZ,292,265,278,494,442,7244,347,3514,6846,3329,271,157,123,394,782,941,292
71,624,KIRIKKALE,BAH??L?,292,265,278,494,442,7244,347,3514,6846,3329,271,157,123,394,782,941,292
6,625,ANKARA,GÖLBA?I,292,265,278,494,442,7244,347,3514,6846,3329,271,157,123,394,782,941,292
24,626,ERZ?NCAN,?L?Ç,292,265,278,494,442,7244,347,3514,6846,3329,271,157,123,394,782,941,292
24,627,ERZ?NCAN,ÜZÜMLÜ,292,265,278,494,442,7244,347,3514,6846,3329,271,157,123,394,782,941,292
26,628,ESK??EH?R,MERKEZ,292,265,278,494,442,7244,347,3514,6846,3329,271,157,123,394,782,941,292
43,629,KÜTAHYA,TAV?ANLI,292,265,278,494,442,7244,347,3514,6846,3329,271,157,123,394,782,941,292
10,630,BALIKES?R,?VR?ND?,292,265,278,494,442,7244,347,3514,6846,3329,271,157,123,394,782,941,292
4,631,A?RI,HAMUR,292,265,278,494,442,7244,347,3514,6846,3329,271,157,123,394,782,941,292
66,632,YOZGAT,SARAYKENT,292,265,278,494,442,7244,347,3514,6846,3329,271,157,123,394,782,941,292
24,633,ERZ?NCAN,KEMAH,292,265,278,494,442,7244,347,3514,6846,3329,271,157,123,394,782,941,292
4,634,A?RI,TUTAK,292,265,278,494,442,7244,347,3514,6846,3329,271,157,123,394,782,941,292
25,635,ERZURUM,ÇAT,292,265,278,494,442,7244,347,3514,6846,3329,271,157,123,394,782,941,292
6,636,ANKARA,POLATLI,292,265,278,494,442,7244,347,3514,6846,3329,271,157,123,394,782,941,292
16,637,BURSA,HARMANCIK,292,265,278,494,442,7244,347,3514,6846,3329,271,157,123,394,782,941,292
26,638,ESK??EH?R,BEYL?KOVA,292,265,278,494,442,7244,347,3514,6846,3329,271,157,123,394,782,941,292
10,639,BALIKES?R,DURSUNBEY,292,265,278,494,442,7244,347,3514,6846,3329,271,157,123,394,782,941,292
26,640,ESK??EH?R,?NÖNÜ,292,265,278,494,442,7244,347,3514,6846,3329,271,157,123,394,782,941,292
6,641,ANKARA,ÇANKAYA,292,265,278,494,442,7244,347,3514,6846,3329,271,157,123,394,782,941,292
66,642,YOZGAT,AKDA?MADEN?,292,265,278,494,442,7244,347,3514,6846,3329,271,157,123,394,782,941,292
66,643,YOZGAT,YERKÖY,292,265,278,494,442,7244,347,3514,6846,3329,271,157,123,394,782,941,292
10,644,BALIKES?R,ALTIEYLÜL,292,265,278,494,442,7244,347,3514,6846,3329,271,157,123,394,782,941,292
43,645,KÜTAHYA,DOMAN?Ç,292,265,278,494,442,7244,347,3514,6846,3329,271,157,123,394,782,941,292
17,646,ÇANAKKALE,AYVACIK,292,265,278,494,442,7244,347,3514,6846,3329,271,157,123,394,782,941,292
4,647,A?RI,D?YAD?N,292,265,278,494,442,7244,347,3514,6846,3329,271,157,123,394,782,941,292
10,648,BALIKES?R,HAVRAN,292,265,278,494,442,7244,347,3514,6846,3329,271,157,123,394,782,941,292
24,649,ERZ?NCAN,MERKEZ,292,265,278,494,442,7244,347,3514,6846,3329,271,157,123,394,782,941,292
16,650,BURSA,BÜYÜK ORHAN,292,265,278,494,442,7244,347,3514,6846,3329,271,157,123,394,782,941,292
6,651,ANKARA,ET?MESGUT,292,265,278,494,442,7244,347,3514,6846,3329,271,157,123,394,782,941,292
25,652,ERZURUM,TEKMAN,292,265,278,494,442,7244,347,3514,6846,3329,271,157,123,394,782,941,292
6,653,ANKARA,MAMAK,292,265,278,494,442,7244,347,3514,6846,3329,271,157,123,394,782,941,292
71,654,KIRIKKALE,YAH??HAN,292,265,278,494,442,7244,347,3514,6846,3329,271,157,123,394,782,941,292
10,655,BALIKES?R,EDREM?T,292,265,278,494,442,7244,347,3514,6846,3329,271,157,123,394,782,941,292
66,656,YOZGAT,MERKEZ,292,265,278,494,442,7244,347,3514,6846,3329,271,157,123,394,782,941,292
58,657,S?VAS,?MRANLI,292,265,278,494,442,7244,347,3514,6846,3329,271,157,123,394,782,941,292
24,658,ERZ?NCAN,TERCAN,292,265,278,494,442,7244,347,3514,6846,3329,271,157,123,394,782,941,292
10,659,BALIKES?R,KEPSUT,292,265,278,494,442,7244,347,3514,6846,3329,271,157,123,394,782,941,292
6,660,ANKARA,MERKEZ,292,265,278,494,442,7244,347,3514,6846,3329,271,157,123,394,782,941,292
6,661,ANKARA,ELMADA?,292,265,278,494,442,7244,347,3514,6846,3329,271,157,123,394,782,941,292
71,662,KIRIKKALE,MERKEZ,292,265,278,494,442,7244,347,3514,6846,3329,271,157,123,394,782,941,292
66,663,YOZGAT,SORGUN,292,265,278,494,442,7244,347,3514,6846,3329,271,157,123,394,782,941,292
25,664,ERZURUM,KARAYAZI,292,265,278,494,442,7244,347,3514,6846,3329,271,157,123,394,782,941,292
60,665,TOKAT,YE??LYURT,292,265,278,494,442,7244,347,3514,6846,3329,271,157,123,394,782,941,292
11,666,B?LEC?K,BOZÜYÜK,292,265,278,494,442,7244,347,3514,6846,3329,271,157,123,394,782,941,292
26,667,ESK??EH?R,TEPEBA?I,292,265,278,494,442,7244,347,3514,6846,3329,271,157,123,394,782,941,292
60,668,TOKAT,SULUSARAY,292,265,278,494,442,7244,347,3514,6846,3329,271,157,123,394,782,941,292
66,669,YOZGAT,KADI?EHR?,292,265,278,494,442,7244,347,3514,6846,3329,271,157,123,394,782,941,292
71,670,KIRIKKALE,BALI?EYH,292,265,278,494,442,7244,347,3514,6846,3329,271,157,123,394,782,941,292
19,671,ÇORUM,BO?AZKALE,292,265,278,494,442,7244,347,3514,6846,3329,271,157,123,394,782,941,292
6,672,ANKARA,YEN?MAHALLE,292,265,278,494,442,7244,347,3514,6846,3329,271,157,123,394,782,941,292
26,673,ESK??EH?R,M?HALIÇÇIK,292,265,278,494,442,7244,347,3514,6846,3329,271,157,123,394,782,941,292
4,674,A?RI,DO?UBAYAZIT,292,265,278,494,442,7244,347,3514,6846,3329,271,157,123,394,782,941,292
24,675,ERZ?NCAN,REFAH?YE,292,265,278,494,442,7244,347,3514,6846,3329,271,157,123,394,782,941,292
4,676,A?RI,TA?LIÇAY,292,265,278,494,442,7244,347,3514,6846,3329,271,157,123,394,782,941,292
10,677,BALIKES?R,KARES?,292,265,278,494,442,7244,347,3514,6846,3329,271,157,123,394,782,941,292
26,678,ESK??EH?R,ALPU,292,265,278,494,442,7244,347,3514,6846,3329,271,157,123,394,782,941,292
24,679,ERZ?NCAN,ÇAYIRLI,292,265,278,494,442,7244,347,3514,6846,3329,271,157,123,394,782,941,292
10,680,BALIKES?R,BALYA,292,265,278,494,442,7244,347,3514,6846,3329,271,157,123,394,782,941,292
26,681,ESK??EH?R,M?HALGAZ?,292,265,278,494,442,7244,347,3514,6846,3329,271,157,123,394,782,941,292
6,682,ANKARA,S?NCAN,292,265,278,494,442,7244,347,3514,6846,3329,271,157,123,394,782,941,292
17,683,ÇANAKKALE,BOZCAADA,292,265,278,494,442,7244,347,3514,6846,3329,271,157,123,394,782,941,292
25,684,ERZURUM,PALANDÖKEN,292,265,278,494,442,7244,347,3514,6846,3329,271,157,123,394,782,941,292
24,685,ERZ?NCAN,OTLUKBEL?,292,265,278,494,442,7244,347,3514,6846,3329,271,157,123,394,782,941,292
16,686,BURSA,KELES,292,265,278,494,442,7244,347,3514,6846,3329,271,157,123,394,782,941,292
58,687,S?VAS,MERKEZ,292,265,278,494,442,7244,347,3514,6846,3329,271,157,123,394,782,941,292
11,688,B?LEC?K,PAZARYER?,292,265,278,494,442,7244,347,3514,6846,3329,271,157,123,394,782,941,292
6,689,ANKARA,ALTINDA?,292,265,278,494,442,7244,347,3514,6846,3329,271,157,123,394,782,941,292
71,690,KIRIKKALE,DEL?CE,292,265,278,494,442,7244,347,3514,6846,3329,271,157,123,394,782,941,292
58,691,S?VAS,GÖLOVA,292,265,278,494,442,7244,347,3514,6846,3329,271,157,123,394,782,941,292
58,692,S?VAS,AKINCILAR,292,265,278,494,442,7244,347,3514,6846,3329,271,157,123,394,782,941,292
6,693,ANKARA,AKYURT,292,265,278,494,442,7244,347,3514,6846,3329,271,157,123,394,782,941,292
4,694,A?RI,ELE?K?RT,292,265,278,494,442,7244,347,3514,6846,3329,271,157,123,394,782,941,292
26,695,ESK??EH?R,SARICAKAYA,292,265,278,494,442,7244,347,3514,6846,3329,271,157,123,394,782,941,292
11,696,B?LEC?K,?NH?SAR,292,265,278,494,442,7244,347,3514,6846,3329,271,157,123,394,782,941,292
60,697,TOKAT,ARTOVA,292,265,278,494,442,7244,347,3514,6846,3329,271,157,123,394,782,941,292
58,698,S?VAS,YILDIZEL?,292,265,278,494,442,7244,347,3514,6846,3329,271,157,123,394,782,941,292
16,699,BURSA,ORHANEL?,292,265,278,494,442,7244,347,3514,6846,3329,271,157,123,394,782,941,292
25,700,ERZURUM,A?KALE,292,265,278,494,442,7244,347,3514,6846,3329,271,157,123,394,782,941,292
6,701,ANKARA,PURSAKLAR,292,265,278,494,442,7244,347,3514,6846,3329,271,157,123,394,782,941,292
66,702,YOZGAT,ÇEKEREK,292,265,278,494,442,7244,347,3514,6846,3329,271,157,123,394,782,941,292
58,703,S?VAS,ZARA,292,265,278,494,442,7244,347,3514,6846,3329,271,157,123,394,782,941,292
66,704,YOZGAT,AYDINCIK,292,265,278,494,442,7244,347,3514,6846,3329,271,157,123,394,782,941,292
11,705,B?LEC?K,SÖ?ÜT,292,265,278,494,442,7244,347,3514,6846,3329,271,157,123,394,782,941,292
58,706,S?VAS,HAF?K,292,265,278,494,442,7244,347,3514,6846,3329,271,157,123,394,782,941,292
6,707,ANKARA,AYA?,292,265,278,494,442,7244,347,3514,6846,3329,271,157,123,394,782,941,292
17,708,ÇANAKKALE,EZ?NE,292,265,278,494,442,7244,347,3514,6846,3329,271,157,123,394,782,941,292
28,710,G?RESUN,ÇAMOLUK,292,265,278,494,442,7244,347,3514,6846,3329,271,157,123,394,782,941,292
17,711,ÇANAKKALE,BAYRAM?Ç,292,265,278,494,442,7244,347,3514,6846,3329,271,157,123,394,782,941,292
4,712,A?RI,MERKEZ,292,265,278,494,442,7244,347,3514,6846,3329,271,157,123,394,782,941,292
60,713,TOKAT,PAZAR,292,265,278,494,442,7244,347,3514,6846,3329,271,157,123,394,782,941,292
58,714,S?VAS,DO?AN?AR,292,265,278,494,442,7244,347,3514,6846,3329,271,157,123,394,782,941,292
19,715,ÇORUM,ALACA,292,265,278,494,442,7244,347,3514,6846,3329,271,157,123,394,782,941,292
6,716,ANKARA,KAZAN,292,265,278,494,442,7244,347,3514,6846,3329,271,157,123,394,782,941,292
10,717,BALIKES?R,SUSURLUK,292,265,278,494,442,7244,347,3514,6846,3329,271,157,123,394,782,941,292
71,718,KIRIKKALE,SULAKYURT,292,265,278,494,442,7244,347,3514,6846,3329,271,157,123,394,782,941,292
16,719,BURSA,?NEGÖL,292,265,278,494,442,7244,347,3514,6846,3329,271,157,123,394,782,941,292
76,720,I?DIR,ARALIK,292,265,278,494,442,7244,347,3514,6846,3329,271,157,123,394,782,941,292
25,721,ERZURUM,KÖPRÜKÖY,292,265,278,494,442,7244,347,3514,6846,3329,271,157,123,394,782,941,292
11,722,B?LEC?K,YEN?PAZAR,292,265,278,494,442,7244,347,3514,6846,3329,271,157,123,394,782,941,292
17,723,ÇANAKKALE,YEN?CE,292,265,278,494,442,7244,347,3514,6846,3329,271,157,123,394,782,941,292
69,724,BAYBURT,DEM?RÖZÜ,292,265,278,494,442,7244,347,3514,6846,3329,271,157,123,394,782,941,292
29,725,GÜMÜ?HANE,KELK?T,292,265,278,494,442,7244,347,3514,6846,3329,271,157,123,394,782,941,292
76,726,I?DIR,MERKEZ,292,265,278,494,442,7244,347,3514,6846,3329,271,157,123,394,782,941,292
16,727,BURSA,MUSTAFAKEMALPA?A,292,265,278,494,442,7244,347,3514,6846,3329,271,157,123,394,782,941,292
16,728,BURSA,YILDIRIM,292,265,278,494,442,7244,347,3514,6846,3329,271,157,123,394,782,941,292
25,729,ERZURUM,PAS?NLER,292,265,278,494,442,7244,347,3514,6846,3329,271,157,123,394,782,941,292
19,730,ÇORUM,ORTAKÖY,292,265,278,494,442,7244,347,3514,6846,3329,271,157,123,394,782,941,292
10,731,BALIKES?R,MANYAS,292,265,278,494,442,7244,347,3514,6846,3329,271,157,123,394,782,941,292
76,732,I?DIR,KARAKOYUNLU,292,265,278,494,442,7244,347,3514,6846,3329,271,157,123,394,782,941,292
29,733,GÜMÜ?HANE,KÖSE,292,265,278,494,442,7244,347,3514,6846,3329,271,157,123,394,782,941,292
6,734,ANKARA,KALEC?K,292,265,278,494,442,7244,347,3514,6846,3329,271,157,123,394,782,941,292
25,735,ERZURUM,YAKUT?YE,292,265,278,494,442,7244,347,3514,6846,3329,271,157,123,394,782,941,292
11,736,B?LEC?K,MERKEZ,292,265,278,494,442,7244,347,3514,6846,3329,271,157,123,394,782,941,292
6,737,ANKARA,NALLIHAN,292,265,278,494,442,7244,347,3514,6846,3329,271,157,123,394,782,941,292
6,738,ANKARA,GÜDÜL,292,265,278,494,442,7244,347,3514,6846,3329,271,157,123,394,782,941,292
17,739,ÇANAKKALE,ÇAN,292,265,278,494,442,7244,347,3514,6846,3329,271,157,123,394,782,941,292
29,740,GÜMÜ?HANE,??RAN,292,265,278,494,442,7244,347,3514,6846,3329,271,157,123,394,782,941,292
76,741,I?DIR,TUZLUCA,292,265,278,494,442,7244,347,3514,6846,3329,271,157,123,394,782,941,292
16,742,BURSA,N?LÜFER,292,265,278,494,442,7244,347,3514,6846,3329,271,157,123,394,782,941,292
60,743,TOKAT,Z?LE,292,265,278,494,442,7244,347,3514,6846,3329,271,157,123,394,782,941,292
16,744,BURSA,KESTEL,292,265,278,494,442,7244,347,3514,6846,3329,271,157,123,394,782,941,292
16,745,BURSA,GÜRSU,292,265,278,494,442,7244,347,3514,6846,3329,271,157,123,394,782,941,292
58,746,S?VAS,SU?EHR?,292,265,278,494,442,7244,347,3514,6846,3329,271,157,123,394,782,941,292
60,747,TOKAT,ALMUS,292,265,278,494,442,7244,347,3514,6846,3329,271,157,123,394,782,941,292
11,748,B?LEC?K,GÖLPAZARI,292,265,278,494,442,7244,347,3514,6846,3329,271,157,123,394,782,941,292
6,749,ANKARA,BEYPAZARI,292,265,278,494,442,7244,347,3514,6846,3329,271,157,123,394,782,941,292
19,750,ÇORUM,SUNGURLU,292,265,278,494,442,7244,347,3514,6846,3329,271,157,123,394,782,941,292
16,751,BURSA,YEN??EH?R,292,265,278,494,442,7244,347,3514,6846,3329,271,157,123,394,782,941,292
16,752,BURSA,OSMANGAZ?,292,265,278,494,442,7244,347,3514,6846,3329,271,157,123,394,782,941,292
25,753,ERZURUM,AZ?Z?YE,292,265,278,494,442,7244,347,3514,6846,3329,271,157,123,394,782,941,292
25,754,ERZURUM,HORASAN,292,265,278,494,442,7244,347,3514,6846,3329,271,157,123,394,782,941,292
18,755,ÇANKIRI,KIZILIRMAK,292,265,278,494,442,7244,347,3514,6846,3329,271,157,123,394,782,941,292
17,756,ÇANAKKALE,MERKEZ,292,265,278,494,442,7244,347,3514,6846,3329,271,157,123,394,782,941,292
5,757,AMASYA,GÖYNÜCEK,292,265,278,494,442,7244,347,3514,6846,3329,271,157,123,394,782,941,292
58,758,S?VAS,KOYULH?SAR,292,265,278,494,442,7244,347,3514,6846,3329,271,157,123,394,782,941,292
10,759,BALIKES?R,GÖNEN,292,265,278,494,442,7244,347,3514,6846,3329,271,157,123,394,782,941,292
16,760,BURSA,MUDANYA,292,265,278,494,442,7244,347,3514,6846,3329,271,157,123,394,782,941,292
6,761,ANKARA,ÇUBUK,292,265,278,494,442,7244,347,3514,6846,3329,271,157,123,394,782,941,292
60,762,TOKAT,MERKEZ,292,265,278,494,442,7244,347,3514,6846,3329,271,157,123,394,782,941,292
28,763,G?RESUN,?EB?NKARAH?SAR,292,265,278,494,442,7244,347,3514,6846,3329,271,157,123,394,782,941,292
17,764,ÇANAKKALE,GÖKÇEADA,292,265,278,494,442,7244,347,3514,6846,3329,271,157,123,394,782,941,292
10,765,BALIKES?R,BANDIRMA,292,265,278,494,442,7244,347,3514,6846,3329,271,157,123,394,782,941,292
16,766,BURSA,KARACABEY,292,265,278,494,442,7244,347,3514,6846,3329,271,157,123,394,782,941,292
19,767,ÇORUM,U?URLUDA?,292,265,278,494,442,7244,347,3514,6846,3329,271,157,123,394,782,941,292
14,768,BOLU,GÖYNÜK,292,265,278,494,442,7244,347,3514,6846,3329,271,157,123,394,782,941,292
60,769,TOKAT,TURHAL,292,265,278,494,442,7244,347,3514,6846,3329,271,157,123,394,782,941,292
54,770,SAKARYA,TARAKLI,292,265,278,494,442,7244,347,3514,6846,3329,271,157,123,394,782,941,292
60,771,TOKAT,RE?AD?YE,292,265,278,494,442,7244,347,3514,6846,3329,271,157,123,394,782,941,292
11,772,B?LEC?K,OSMANEL?,292,265,278,494,442,7244,347,3514,6846,3329,271,157,123,394,782,941,292
18,773,ÇANKIRI,?ABANÖZÜ,292,265,278,494,442,7244,347,3514,6846,3329,271,157,123,394,782,941,292
36,774,KARS,KA?IZMAN,292,265,278,494,442,7244,347,3514,6846,3329,271,157,123,394,782,941,292
25,775,ERZURUM,NARMAN,292,265,278,494,442,7244,347,3514,6846,3329,271,157,123,394,782,941,292
28,776,G?RESUN,ALUCRA,292,265,278,494,442,7244,347,3514,6846,3329,271,157,123,394,782,941,292
18,777,ÇANKIRI,ELD?VAN,292,265,278,494,442,7244,347,3514,6846,3329,271,157,123,394,782,941,292
69,779,BAYBURT,MERKEZ,292,265,278,494,442,7244,347,3514,6846,3329,271,157,123,394,782,941,292
60,780,TOKAT,BA?Ç?FTL?K,292,265,278,494,442,7244,347,3514,6846,3329,271,157,123,394,782,941,292
14,781,BOLU,SEBEN,292,265,278,494,442,7244,347,3514,6846,3329,271,157,123,394,782,941,292
6,782,ANKARA,ÇAMLIDERE,292,265,278,494,442,7244,347,3514,6846,3329,271,157,123,394,782,941,292
14,783,BOLU,KIBRISCIK,292,265,278,494,442,7244,347,3514,6846,3329,271,157,123,394,782,941,292
17,784,ÇANAKKALE,LÂPSEK?,292,265,278,494,442,7244,347,3514,6846,3329,271,157,123,394,782,941,292
69,785,BAYBURT,AYDINTEPE,292,265,278,494,442,7244,347,3514,6846,3329,271,157,123,394,782,941,292
19,786,ÇORUM,MEC?TÖZÜ,292,265,278,494,442,7244,347,3514,6846,3329,271,157,123,394,782,941,292
16,787,BURSA,ORHANGAZ?,292,265,278,494,442,7244,347,3514,6846,3329,271,157,123,394,782,941,292
17,788,ÇANAKKALE,ECEABAT,292,265,278,494,442,7244,347,3514,6846,3329,271,157,123,394,782,941,292
36,789,KARS,SARIKAMI?,292,265,278,494,442,7244,347,3514,6846,3329,271,157,123,394,782,941,292
16,790,BURSA,GEML?K,292,265,278,494,442,7244,347,3514,6846,3329,271,157,123,394,782,941,292
54,791,SAKARYA,PAMUKOVA,292,265,278,494,442,7244,347,3514,6846,3329,271,157,123,394,782,941,292
17,792,ÇANAKKALE,B?GA,292,265,278,494,442,7244,347,3514,6846,3329,271,157,123,394,782,941,292
14,793,BOLU,MUDURNU,292,265,278,494,442,7244,347,3514,6846,3329,271,157,123,394,782,941,292
16,794,BURSA,?ZN?K,292,265,278,494,442,7244,347,3514,6846,3329,271,157,123,394,782,941,292
25,797,ERZURUM,TORTUM,292,265,278,494,442,7244,347,3514,6846,3329,271,157,123,394,782,941,292
10,798,BALIKES?R,ERDEK,292,265,278,494,442,7244,347,3514,6846,3329,271,157,123,394,782,941,292
77,799,YALOVA,ARMUTLU,292,265,278,494,442,7244,347,3514,6846,3329,271,157,123,394,782,941,292
25,801,ERZURUM,PAZARYOLU,292,265,278,494,442,7244,347,3514,6846,3329,271,157,123,394,782,941,292
60,802,TOKAT,N?KSAR,292,265,278,494,442,7244,347,3514,6846,3329,271,157,123,394,782,941,292
19,803,ÇORUM,MERKEZ,292,265,278,494,442,7244,347,3514,6846,3329,271,157,123,394,782,941,292
54,804,SAKARYA,GEYVE,292,265,278,494,442,7244,347,3514,6846,3329,271,157,123,394,782,941,292
52,805,ORDU,AYBASTI,292,265,278,494,442,7244,347,3514,6846,3329,271,157,123,394,782,941,292
52,806,ORDU,MESUD?YE,292,265,278,494,442,7244,347,3514,6846,3329,271,157,123,394,782,941,292
29,809,GÜMÜ?HANE,TORUL,292,265,278,494,442,7244,347,3514,6846,3329,271,157,123,394,782,941,292
18,810,ÇANKIRI,ORTA,292,265,278,494,442,7244,347,3514,6846,3329,271,157,123,394,782,941,292
6,811,ANKARA,KIZILCAHAMAM,292,265,278,494,442,7244,347,3514,6846,3329,271,157,123,394,782,941,292
77,812,YALOVA,TERMAL,292,265,278,494,442,7244,347,3514,6846,3329,271,157,123,394,782,941,292
54,813,SAKARYA,KARAPÜRÇEK,292,265,278,494,442,7244,347,3514,6846,3329,271,157,123,394,782,941,292
77,815,YALOVA,ÇINARCIK,292,265,278,494,442,7244,347,3514,6846,3329,271,157,123,394,782,941,292
52,816,ORDU,GÖLKÖY,292,265,278,494,442,7244,347,3514,6846,3329,271,157,123,394,782,941,292
36,817,KARS,D?GOR,292,265,278,494,442,7244,347,3514,6846,3329,271,157,123,394,782,941,292
77,818,YALOVA,MERKEZ,292,265,278,494,442,7244,347,3514,6846,3329,271,157,123,394,782,941,292
14,819,BOLU,DÖRTD?VAN,292,265,278,494,442,7244,347,3514,6846,3329,271,157,123,394,782,941,292
18,820,ÇANKIRI,MERKEZ,292,265,278,494,442,7244,347,3514,6846,3329,271,157,123,394,782,941,292
54,821,SAKARYA,SAPANCA,292,265,278,494,442,7244,347,3514,6846,3329,271,157,123,394,782,941,292
52,822,ORDU,KABATA?,292,265,278,494,442,7244,347,3514,6846,3329,271,157,123,394,782,941,292
29,823,GÜMÜ?HANE,MERKEZ,292,265,278,494,442,7244,347,3514,6846,3329,271,157,123,394,782,941,292
41,824,KOCAEL?,KARAMÜRSEL,292,265,278,494,442,7244,347,3514,6846,3329,271,157,123,394,782,941,292
18,825,ÇANKIRI,KORGUN,292,265,278,494,442,7244,347,3514,6846,3329,271,157,123,394,782,941,292
77,826,YALOVA,Ç?FTL?KKÖY,292,265,278,494,442,7244,347,3514,6846,3329,271,157,123,394,782,941,292
54,827,SAKARYA,AR?F?YE,292,265,278,494,442,7244,347,3514,6846,3329,271,157,123,394,782,941,292
41,828,KOCAEL?,GÖLCÜK,292,265,278,494,442,7244,347,3514,6846,3329,271,157,123,394,782,941,292
41,829,KOCAEL?,BA??SKELE,292,265,278,494,442,7244,347,3514,6846,3329,271,157,123,394,782,941,292
19,830,ÇORUM,BAYAT,292,265,278,494,442,7244,347,3514,6846,3329,271,157,123,394,782,941,292
19,831,ÇORUM,O?UZLAR,292,265,278,494,442,7244,347,3514,6846,3329,271,157,123,394,782,941,292
19,832,ÇORUM,LÂÇ?N,292,265,278,494,442,7244,347,3514,6846,3329,271,157,123,394,782,941,292
28,833,G?RESUN,DEREL?,292,265,278,494,442,7244,347,3514,6846,3329,271,157,123,394,782,941,292
18,834,ÇANKIRI,YAPRAKLI,292,265,278,494,442,7244,347,3514,6846,3329,271,157,123,394,782,941,292
77,835,YALOVA,ALTINOVA,292,265,278,494,442,7244,347,3514,6846,3329,271,157,123,394,782,941,292
54,836,SAKARYA,ERENLER,292,265,278,494,442,7244,347,3514,6846,3329,271,157,123,394,782,941,292
5,837,AMASYA,MERKEZ,292,265,278,494,442,7244,347,3514,6846,3329,271,157,123,394,782,941,292
29,839,GÜMÜ?HANE,KÜRTÜN,292,265,278,494,442,7244,347,3514,6846,3329,271,157,123,394,782,941,292
25,840,ERZURUM,UZUNDERE,292,265,278,494,442,7244,347,3514,6846,3329,271,157,123,394,782,941,292
41,841,KOCAEL?,KARTEPE,292,265,278,494,442,7244,347,3514,6846,3329,271,157,123,394,782,941,292
10,842,BALIKES?R,MARMARA,292,265,278,494,442,7244,347,3514,6846,3329,271,157,123,394,782,941,292
52,843,ORDU,KORGAN,292,265,278,494,442,7244,347,3514,6846,3329,271,157,123,394,782,941,292
14,844,BOLU,YEN?ÇA?A,292,265,278,494,442,7244,347,3514,6846,3329,271,157,123,394,782,941,292
5,845,AMASYA,HAMAMÖZÜ,292,265,278,494,442,7244,347,3514,6846,3329,271,157,123,394,782,941,292
81,846,DÜZCE,GÖLYAKA,292,265,278,494,442,7244,347,3514,6846,3329,271,157,123,394,782,941,292
61,847,TRABZON,ÇAYKARA,292,265,278,494,442,7244,347,3514,6846,3329,271,157,123,394,782,941,292
5,848,AMASYA,SULUOVA,292,265,278,494,442,7244,347,3514,6846,3329,271,157,123,394,782,941,292
19,849,ÇORUM,DODURGA,292,265,278,494,442,7244,347,3514,6846,3329,271,157,123,394,782,941,292
28,850,G?RESUN,DO?ANKENT,292,265,278,494,442,7244,347,3514,6846,3329,271,157,123,394,782,941,292
14,851,BOLU,GEREDE,292,265,278,494,442,7244,347,3514,6846,3329,271,157,123,394,782,941,292
54,852,SAKARYA,AKYAZI,292,265,278,494,442,7244,347,3514,6846,3329,271,157,123,394,782,941,292
60,853,TOKAT,ERBAA,292,265,278,494,442,7244,347,3514,6846,3329,271,157,123,394,782,941,292
81,854,DÜZCE,KAYNA?LI,292,265,278,494,442,7244,347,3514,6846,3329,271,157,123,394,782,941,292
52,855,ORDU,KABADÜZ,292,265,278,494,442,7244,347,3514,6846,3329,271,157,123,394,782,941,292
61,856,TRABZON,KÖPRÜBA?I,292,265,278,494,442,7244,347,3514,6846,3329,271,157,123,394,782,941,292
41,857,KOCAEL?,DARICA,292,265,278,494,442,7244,347,3514,6846,3329,271,157,123,394,782,941,292
61,859,TRABZON,DERNEKPAZARI,292,265,278,494,442,7244,347,3514,6846,3329,271,157,123,394,782,941,292
52,860,ORDU,GÜRGENTEPE,292,265,278,494,442,7244,347,3514,6846,3329,271,157,123,394,782,941,292
52,861,ORDU,ULUBEY,292,265,278,494,442,7244,347,3514,6846,3329,271,157,123,394,782,941,292
54,862,SAKARYA,SERD?VAN,292,265,278,494,442,7244,347,3514,6846,3329,271,157,123,394,782,941,292
81,863,DÜZCE,GÜMÜ?OVA,292,265,278,494,442,7244,347,3514,6846,3329,271,157,123,394,782,941,292
28,864,G?RESUN,YA?LIDERE,292,265,278,494,442,7244,347,3514,6846,3329,271,157,123,394,782,941,292
18,865,ÇANKIRI,ATKARACALAR,292,265,278,494,442,7244,347,3514,6846,3329,271,157,123,394,782,941,292
52,866,ORDU,ÇATALPINAR,292,265,278,494,442,7244,347,3514,6846,3329,271,157,123,394,782,941,292
52,867,ORDU,AKKU?,292,265,278,494,442,7244,347,3514,6846,3329,271,157,123,394,782,941,292
25,868,ERZURUM,?SP?R,292,265,278,494,442,7244,347,3514,6846,3329,271,157,123,394,782,941,292
28,869,G?RESUN,MERKEZ,292,265,278,494,442,7244,347,3514,6846,3329,271,157,123,394,782,941,292
53,870,R?ZE,?K?ZDERE,292,265,278,494,442,7244,347,3514,6846,3329,271,157,123,394,782,941,292
25,871,ERZURUM,OLTU,292,265,278,494,442,7244,347,3514,6846,3329,271,157,123,394,782,941,292
28,872,G?RESUN,GÜCE,292,265,278,494,442,7244,347,3514,6846,3329,271,157,123,394,782,941,292
36,873,KARS,SEL?M,292,265,278,494,442,7244,347,3514,6846,3329,271,157,123,394,782,941,292
52,874,ORDU,ÇAMA?,292,265,278,494,442,7244,347,3514,6846,3329,271,157,123,394,782,941,292
28,875,G?RESUN,BULANCAK,292,265,278,494,442,7244,347,3514,6846,3329,271,157,123,394,782,941,292
5,877,AMASYA,TA?OVA,292,265,278,494,442,7244,347,3514,6846,3329,271,157,123,394,782,941,292
28,878,G?RESUN,P?RAZ?Z,292,265,278,494,442,7244,347,3514,6846,3329,271,157,123,394,782,941,292
41,879,KOCAEL?,ÇAYIROVA,292,265,278,494,442,7244,347,3514,6846,3329,271,157,123,394,782,941,292
61,880,TRABZON,MAÇKA,292,265,278,494,442,7244,347,3514,6846,3329,271,157,123,394,782,941,292
17,881,ÇANAKKALE,GEL?BOLU,292,265,278,494,442,7244,347,3514,6846,3329,271,157,123,394,782,941,292
18,882,ÇANKIRI,KUR?UNLU,292,265,278,494,442,7244,347,3514,6846,3329,271,157,123,394,782,941,292
52,883,ORDU,KUMRU,292,265,278,494,442,7244,347,3514,6846,3329,271,157,123,394,782,941,292
18,884,ÇANKIRI,ÇERKE?,292,265,278,494,442,7244,347,3514,6846,3329,271,157,123,394,782,941,292
28,885,G?RESUN,ÇANAKÇI,292,265,278,494,442,7244,347,3514,6846,3329,271,157,123,394,782,941,292
34,886,?STANBUL,ADALAR,292,265,278,494,442,7244,347,3514,6846,3329,271,157,123,394,782,941,292
52,887,ORDU,GÜLYALI,292,265,278,494,442,7244,347,3514,6846,3329,271,157,123,394,782,941,292
81,888,DÜZCE,Ç?L?ML?,292,265,278,494,442,7244,347,3514,6846,3329,271,157,123,394,782,941,292
19,889,ÇORUM,?SK?L?P,292,265,278,494,442,7244,347,3514,6846,3329,271,157,123,394,782,941,292
55,890,SAMSUN,LAD?K,292,265,278,494,442,7244,347,3514,6846,3329,271,157,123,394,782,941,292
41,891,KOCAEL?,D?LOVASI,292,265,278,494,442,7244,347,3514,6846,3329,271,157,123,394,782,941,292
61,892,TRABZON,DÜZKÖY,292,265,278,494,442,7244,347,3514,6846,3329,271,157,123,394,782,941,292
28,893,G?RESUN,ESP?YE,292,265,278,494,442,7244,347,3514,6846,3329,271,157,123,394,782,941,292
28,895,G?RESUN,KE?AP,292,265,278,494,442,7244,347,3514,6846,3329,271,157,123,394,782,941,292
14,897,BOLU,MERKEZ,292,265,278,494,442,7244,347,3514,6846,3329,271,157,123,394,782,941,292
54,898,SAKARYA,HENDEK,292,265,278,494,442,7244,347,3514,6846,3329,271,157,123,394,782,941,292
61,899,TRABZON,HAYRAT,292,265,278,494,442,7244,347,3514,6846,3329,271,157,123,394,782,941,292
61,900,TRABZON,SÜRMENE,292,265,278,494,442,7244,347,3514,6846,3329,271,157,123,394,782,941,292
81,901,DÜZCE,CUMAYER?,292,265,278,494,442,7244,347,3514,6846,3329,271,157,123,394,782,941,292
61,902,TRABZON,TONYA,292,265,278,494,442,7244,347,3514,6846,3329,271,157,123,394,782,941,292
5,903,AMASYA,MERZ?FON,292,265,278,494,442,7244,347,3514,6846,3329,271,157,123,394,782,941,292
54,904,SAKARYA,ADAPAZARI,292,265,278,494,442,7244,347,3514,6846,3329,271,157,123,394,782,941,292
52,905,ORDU,MERKEZ,292,265,278,494,442,7244,347,3514,6846,3329,271,157,123,394,782,941,292
61,906,TRABZON,?ALPAZARI,292,265,278,494,442,7244,347,3514,6846,3329,271,157,123,394,782,941,292
25,908,ERZURUM,?ENKAYA,292,265,278,494,442,7244,347,3514,6846,3329,271,157,123,394,782,941,292
61,909,TRABZON,ARAKLI,292,265,278,494,442,7244,347,3514,6846,3329,271,157,123,394,782,941,292
81,910,DÜZCE,MERKEZ,292,265,278,494,442,7244,347,3514,6846,3329,271,157,123,394,782,941,292
61,911,TRABZON,ARS?N,292,265,278,494,442,7244,347,3514,6846,3329,271,157,123,394,782,941,292
18,912,ÇANKIRI,ILGAZ,292,265,278,494,442,7244,347,3514,6846,3329,271,157,123,394,782,941,292
61,913,TRABZON,YOMRA,292,265,278,494,442,7244,347,3514,6846,3329,271,157,123,394,782,941,292
14,914,BOLU,MENGEN,292,265,278,494,442,7244,347,3514,6846,3329,271,157,123,394,782,941,292
41,915,KOCAEL?,?ZM?T,292,265,278,494,442,7244,347,3514,6846,3329,271,157,123,394,782,941,292
59,916,TEK?RDA?,?ARKÖY,292,265,278,494,442,7244,347,3514,6846,3329,271,157,123,394,782,941,292
54,917,SAKARYA,SÖ?ÜTLÜ,292,265,278,494,442,7244,347,3514,6846,3329,271,157,123,394,782,941,292
52,918,ORDU,ÇAYBA?I,292,265,278,494,442,7244,347,3514,6846,3329,271,157,123,394,782,941,292
78,919,KARABÜK,ESK?PAZAR,292,265,278,494,442,7244,347,3514,6846,3329,271,157,123,394,782,941,292
36,920,KARS,MERKEZ,292,265,278,494,442,7244,347,3514,6846,3329,271,157,123,394,782,941,292
5,921,AMASYA,GÜMÜ?HACIKÖY,292,265,278,494,442,7244,347,3514,6846,3329,271,157,123,394,782,941,292
53,922,R?ZE,KALKANDERE,292,265,278,494,442,7244,347,3514,6846,3329,271,157,123,394,782,941,292
18,923,ÇANKIRI,BAYRAMÖREN,292,265,278,494,442,7244,347,3514,6846,3329,271,157,123,394,782,941,292
34,924,?STANBUL,KARTAL,292,265,278,494,442,7244,347,3514,6846,3329,271,157,123,394,782,941,292
55,925,SAMSUN,AYVACIK,292,265,278,494,442,7244,347,3514,6846,3329,271,157,123,394,782,941,292
52,926,ORDU,FATSA,292,265,278,494,442,7244,347,3514,6846,3329,271,157,123,394,782,941,292
28,927,G?RESUN,T?REBOLU,292,265,278,494,442,7244,347,3514,6846,3329,271,157,123,394,782,941,292
61,928,TRABZON,MERKEZ,292,265,278,494,442,7244,347,3514,6846,3329,271,157,123,394,782,941,292
61,929,TRABZON,OF,292,265,278,494,442,7244,347,3514,6846,3329,271,157,123,394,782,941,292
34,930,?STANBUL,TUZLA,292,265,278,494,442,7244,347,3514,6846,3329,271,157,123,394,782,941,292
55,931,SAMSUN,ASARCIK,292,265,278,494,442,7244,347,3514,6846,3329,271,157,123,394,782,941,292
28,932,G?RESUN,GÖRELE,292,265,278,494,442,7244,347,3514,6846,3329,271,157,123,394,782,941,292
22,933,ED?RNE,ENEZ,292,265,278,494,442,7244,347,3514,6846,3329,271,157,123,394,782,941,292
34,934,?STANBUL,MALTEPE,292,265,278,494,442,7244,347,3514,6846,3329,271,157,123,394,782,941,292
41,935,KOCAEL?,DER?NCE,292,265,278,494,442,7244,347,3514,6846,3329,271,157,123,394,782,941,292
81,936,DÜZCE,YI?ILCA,292,265,278,494,442,7244,347,3514,6846,3329,271,157,123,394,782,941,292
52,937,ORDU,?K?ZCE,292,265,278,494,442,7244,347,3514,6846,3329,271,157,123,394,782,941,292
34,938,?STANBUL,SULTANBEYL?,292,265,278,494,442,7244,347,3514,6846,3329,271,157,123,394,782,941,292
53,939,R?ZE,?Y?DERE,292,265,278,494,442,7244,347,3514,6846,3329,271,157,123,394,782,941,292
53,940,R?ZE,GÜNEYSU,292,265,278,494,442,7244,347,3514,6846,3329,271,157,123,394,782,941,292
41,941,KOCAEL?,KÖRFEZ,292,265,278,494,442,7244,347,3514,6846,3329,271,157,123,394,782,941,292
61,942,TRABZON,BE??KDÜZÜ,292,265,278,494,442,7244,347,3514,6846,3329,271,157,123,394,782,941,292
61,943,TRABZON,VAKFIKEB?R,292,265,278,494,442,7244,347,3514,6846,3329,271,157,123,394,782,941,292
28,944,G?RESUN,EYNES?L,292,265,278,494,442,7244,347,3514,6846,3329,271,157,123,394,782,941,292
34,945,?STANBUL,ATA?EH?R,292,265,278,494,442,7244,347,3514,6846,3329,271,157,123,394,782,941,292
53,946,R?ZE,DEREPAZARI,292,265,278,494,442,7244,347,3514,6846,3329,271,157,123,394,782,941,292
54,947,SAKARYA,KOCAAL?,292,265,278,494,442,7244,347,3514,6846,3329,271,157,123,394,782,941,292
34,948,?STANBUL,KADIKÖY,292,265,278,494,442,7244,347,3514,6846,3329,271,157,123,394,782,941,292
34,949,?STANBUL,BAKIRKÖY,292,265,278,494,442,7244,347,3514,6846,3329,271,157,123,394,782,941,292
54,950,SAKARYA,FER?ZL?,292,265,278,494,442,7244,347,3514,6846,3329,271,157,123,394,782,941,292
52,951,ORDU,PER?EMBE,292,265,278,494,442,7244,347,3514,6846,3329,271,157,123,394,782,941,292
41,952,KOCAEL?,GEBZE,292,265,278,494,442,7244,347,3514,6846,3329,271,157,123,394,782,941,292
52,953,ORDU,ÜNYE,292,265,278,494,442,7244,347,3514,6846,3329,271,157,123,394,782,941,292
81,954,DÜZCE,AKÇAKOCA,292,265,278,494,442,7244,347,3514,6846,3329,271,157,123,394,782,941,292
25,955,ERZURUM,OLUR,292,265,278,494,442,7244,347,3514,6846,3329,271,157,123,394,782,941,292
61,956,TRABZON,AKÇAABAT,292,265,278,494,442,7244,347,3514,6846,3329,271,157,123,394,782,941,292
78,957,KARABÜK,OVACIK,292,265,278,494,442,7244,347,3514,6846,3329,271,157,123,394,782,941,292
34,958,?STANBUL,ZEYT?NBURNU,292,265,278,494,442,7244,347,3514,6846,3329,271,157,123,394,782,941,292
34,959,?STANBUL,BEYL?KDÜZÜ,292,265,278,494,442,7244,347,3514,6846,3329,271,157,123,394,782,941,292
34,960,?STANBUL,BAHÇEL?EVLER,292,265,278,494,442,7244,347,3514,6846,3329,271,157,123,394,782,941,292
34,961,?STANBUL,SANCAKTEPE,292,265,278,494,442,7244,347,3514,6846,3329,271,157,123,394,782,941,292
61,962,TRABZON,ÇAR?IBA?I,292,265,278,494,442,7244,347,3514,6846,3329,271,157,123,394,782,941,292
34,963,?STANBUL,PEND?K,292,265,278,494,442,7244,347,3514,6846,3329,271,157,123,394,782,941,292
34,964,?STANBUL,FAT?H,292,265,278,494,442,7244,347,3514,6846,3329,271,157,123,394,782,941,292
34,965,?STANBUL,GÜNGÖREN,292,265,278,494,442,7244,347,3514,6846,3329,271,157,123,394,782,941,292
55,966,SAMSUN,SALIPAZARI,292,265,278,494,442,7244,347,3514,6846,3329,271,157,123,394,782,941,292
37,967,KASTAMONU,TOSYA,292,265,278,494,442,7244,347,3514,6846,3329,271,157,123,394,782,941,292
53,968,R?ZE,MERKEZ,292,265,278,494,442,7244,347,3514,6846,3329,271,157,123,394,782,941,292
34,969,?STANBUL,ÜMRAN?YE,292,265,278,494,442,7244,347,3514,6846,3329,271,157,123,394,782,941,292
34,970,?STANBUL,BEYO?LU,292,265,278,494,442,7244,347,3514,6846,3329,271,157,123,394,782,941,292
53,971,R?ZE,HEM??N,292,265,278,494,442,7244,347,3514,6846,3329,271,157,123,394,782,941,292
34,972,?STANBUL,KÜÇÜKÇEKMECE,292,265,278,494,442,7244,347,3514,6846,3329,271,157,123,394,782,941,292
34,973,?STANBUL,ÜSKÜDAR,292,265,278,494,442,7244,347,3514,6846,3329,271,157,123,394,782,941,292
34,974,?STANBUL,BA?CILAR,292,265,278,494,442,7244,347,3514,6846,3329,271,157,123,394,782,941,292
36,975,KARS,SUSUZ,292,265,278,494,442,7244,347,3514,6846,3329,271,157,123,394,782,941,292
34,976,?STANBUL,BAYRAMPA?A,292,265,278,494,442,7244,347,3514,6846,3329,271,157,123,394,782,941,292
34,977,?STANBUL,???L?,292,265,278,494,442,7244,347,3514,6846,3329,271,157,123,394,782,941,292
54,978,SAKARYA,KARASU,292,265,278,494,442,7244,347,3514,6846,3329,271,157,123,394,782,941,292
34,979,?STANBUL,GAZ? OSMANPA?A,292,265,278,494,442,7244,347,3514,6846,3329,271,157,123,394,782,941,292
34,980,?STANBUL,BE??KTA?,292,265,278,494,442,7244,347,3514,6846,3329,271,157,123,394,782,941,292
53,981,R?ZE,ÇAMLIHEM??N,292,265,278,494,442,7244,347,3514,6846,3329,271,157,123,394,782,941,292
67,982,ZONGULDAK,ALAPLI,292,265,278,494,442,7244,347,3514,6846,3329,271,157,123,394,782,941,292
19,983,ÇORUM,OSMANCIK,292,265,278,494,442,7244,347,3514,6846,3329,271,157,123,394,782,941,292
34,984,?STANBUL,ESENYURT,292,265,278,494,442,7244,347,3514,6846,3329,271,157,123,394,782,941,292
34,985,?STANBUL,KA?ITHANE,292,265,278,494,442,7244,347,3514,6846,3329,271,157,123,394,782,941,292
34,986,?STANBUL,ESENLER,292,265,278,494,442,7244,347,3514,6846,3329,271,157,123,394,782,941,292
34,987,?STANBUL,ÇEKMEKÖY,292,265,278,494,442,7244,347,3514,6846,3329,271,157,123,394,782,941,292
75,988,ARDAHAN,GÖLE,292,265,278,494,442,7244,347,3514,6846,3329,271,157,123,394,782,941,292
34,989,?STANBUL,AVCILAR,292,265,278,494,442,7244,347,3514,6846,3329,271,157,123,394,782,941,292
54,990,SAKARYA,KAYNARCA,292,265,278,494,442,7244,347,3514,6846,3329,271,157,123,394,782,941,292
55,991,SAMSUN,TEKKEKÖY,292,265,278,494,442,7244,347,3514,6846,3329,271,157,123,394,782,941,292
8,992,ARTV?N,YUSUFEL?,292,265,278,494,442,7244,347,3514,6846,3329,271,157,123,394,782,941,292
53,993,R?ZE,ÇAYEL?,292,265,278,494,442,7244,347,3514,6846,3329,271,157,123,394,782,941,292
36,994,KARS,AKYAKA,292,265,278,494,442,7244,347,3514,6846,3329,271,157,123,394,782,941,292
55,995,SAMSUN,HAVZA,292,265,278,494,442,7244,347,3514,6846,3329,271,157,123,394,782,941,292
55,996,SAMSUN,CAN?K,292,265,278,494,442,7244,347,3514,6846,3329,271,157,123,394,782,941,292
55,997,SAMSUN,KAVAK,292,265,278,494,442,7244,347,3514,6846,3329,271,157,123,394,782,941,292
34,998,?STANBUL,BÜYÜKÇEKMECE,292,265,278,494,442,7244,347,3514,6846,3329,271,157,123,394,782,941,292
59,999,TEK?RDA?,MARMARA ERE?L?S?,292,265,278,494,442,7244,347,3514,6846,3329,271,157,123,394,782,941,292
41,1000,KOCAEL?,KANDIRA,292,265,278,494,442,7244,347,3514,6846,3329,271,157,123,394,782,941,292
34,1001,?STANBUL,BA?AK?EH?R,292,265,278,494,442,7244,347,3514,6846,3329,271,157,123,394,782,941,292
34,1002,?STANBUL,SULTANGAZ?,292,265,278,494,442,7244,347,3514,6846,3329,271,157,123,394,782,941,292
37,1003,KASTAMONU,?HSANGAZ?,292,265,278,494,442,7244,347,3514,6846,3329,271,157,123,394,782,941,292
19,1004,ÇORUM,KARGI,292,265,278,494,442,7244,347,3514,6846,3329,271,157,123,394,782,941,292
53,1005,R?ZE,PAZAR,292,265,278,494,442,7244,347,3514,6846,3329,271,157,123,394,782,941,292
55,1006,SAMSUN,MERKEZ,292,265,278,494,442,7244,347,3514,6846,3329,271,157,123,394,782,941,292
22,1007,ED?RNE,KE?AN,292,265,278,494,442,7244,347,3514,6846,3329,271,157,123,394,782,941,292
34,1008,?STANBUL,??LE,292,265,278,494,442,7244,347,3514,6846,3329,271,157,123,394,782,941,292
55,1009,SAMSUN,VEZ?RKÖPRÜ,292,265,278,494,442,7244,347,3514,6846,3329,271,157,123,394,782,941,292
78,1010,KARABÜK,YEN?CE,292,265,278,494,442,7244,347,3514,6846,3329,271,157,123,394,782,941,292
55,1011,SAMSUN,TERME,292,265,278,494,442,7244,347,3514,6846,3329,271,157,123,394,782,941,292
34,1012,?STANBUL,BEYKOZ,292,265,278,494,442,7244,347,3514,6846,3329,271,157,123,394,782,941,292
67,1013,ZONGULDAK,DEVREK,292,265,278,494,442,7244,347,3514,6846,3329,271,157,123,394,782,941,292
36,1014,KARS,ARPAÇAY,292,265,278,494,442,7244,347,3514,6846,3329,271,157,123,394,782,941,292
78,1015,KARABÜK,MERKEZ,292,265,278,494,442,7244,347,3514,6846,3329,271,157,123,394,782,941,292
59,1016,TEK?RDA?,MALKARA,292,265,278,494,442,7244,347,3514,6846,3329,271,157,123,394,782,941,292
22,1017,ED?RNE,?PSALA,292,265,278,494,442,7244,347,3514,6846,3329,271,157,123,394,782,941,292
57,1018,S?NOP,SARAYDÜZÜ,292,265,278,494,442,7244,347,3514,6846,3329,271,157,123,394,782,941,292
55,1019,SAMSUN,ÇAR?AMBA,292,265,278,494,442,7244,347,3514,6846,3329,271,157,123,394,782,941,292
53,1020,R?ZE,ARDE?EN,292,265,278,494,442,7244,347,3514,6846,3329,271,157,123,394,782,941,292
59,1021,TEK?RDA?,MERKEZ,292,265,278,494,442,7244,347,3514,6846,3329,271,157,123,394,782,941,292
37,1022,KASTAMONU,ARAÇ,292,265,278,494,442,7244,347,3514,6846,3329,271,157,123,394,782,941,292
67,1023,ZONGULDAK,GÖKÇEBEY,292,265,278,494,442,7244,347,3514,6846,3329,271,157,123,394,782,941,292
34,1024,?STANBUL,SARIYER,292,265,278,494,442,7244,347,3514,6846,3329,271,157,123,394,782,941,292
67,1025,ZONGULDAK,ERE?L?,292,265,278,494,442,7244,347,3514,6846,3329,271,157,123,394,782,941,292
55,1026,SAMSUN,ATAKUM,292,265,278,494,442,7244,347,3514,6846,3329,271,157,123,394,782,941,292
34,1027,?STANBUL,EYÜP,292,265,278,494,442,7244,347,3514,6846,3329,271,157,123,394,782,941,292
59,1028,TEK?RDA?,ÇORLU,292,265,278,494,442,7244,347,3514,6846,3329,271,157,123,394,782,941,292
8,1029,ARTV?N,ARDANUÇ,292,265,278,494,442,7244,347,3514,6846,3329,271,157,123,394,782,941,292
53,1030,R?ZE,FINDIKLI,292,265,278,494,442,7244,347,3514,6846,3329,271,157,123,394,782,941,292
59,1031,TEK?RDA?,MURATLI,292,265,278,494,442,7244,347,3514,6846,3329,271,157,123,394,782,941,292
67,1032,ZONGULDAK,KOZLU,292,265,278,494,442,7244,347,3514,6846,3329,271,157,123,394,782,941,292
75,1033,ARDAHAN,MERKEZ,292,265,278,494,442,7244,347,3514,6846,3329,271,157,123,394,782,941,292
8,1034,ARTV?N,MURGUL,292,265,278,494,442,7244,347,3514,6846,3329,271,157,123,394,782,941,292
67,1035,ZONGULDAK,MERKEZ,292,265,278,494,442,7244,347,3514,6846,3329,271,157,123,394,782,941,292
34,1036,?STANBUL,ARNAVUTKÖY,292,265,278,494,442,7244,347,3514,6846,3329,271,157,123,394,782,941,292
59,1037,TEK?RDA?,ÇERKEZKÖY,292,265,278,494,442,7244,347,3514,6846,3329,271,157,123,394,782,941,292
8,1038,ARTV?N,ARHAV?,292,265,278,494,442,7244,347,3514,6846,3329,271,157,123,394,782,941,292
34,1039,?STANBUL,S?L?VR?,292,265,278,494,442,7244,347,3514,6846,3329,271,157,123,394,782,941,292
8,1040,ARTV?N,MERKEZ,292,265,278,494,442,7244,347,3514,6846,3329,271,157,123,394,782,941,292
37,1041,KASTAMONU,MERKEZ,292,265,278,494,442,7244,347,3514,6846,3329,271,157,123,394,782,941,292
78,1042,KARABÜK,SAFRANBOLU,292,265,278,494,442,7244,347,3514,6846,3329,271,157,123,394,782,941,292
67,1043,ZONGULDAK,K?L?ML?,292,265,278,494,442,7244,347,3514,6846,3329,271,157,123,394,782,941,292
59,1044,TEK?RDA?,KAPAKLI,292,265,278,494,442,7244,347,3514,6846,3329,271,157,123,394,782,941,292
78,1045,KARABÜK,EFLAN?,292,265,278,494,442,7244,347,3514,6846,3329,271,157,123,394,782,941,292
57,1046,S?NOP,DURA?AN,292,265,278,494,442,7244,347,3514,6846,3329,271,157,123,394,782,941,292
8,1047,ARTV?N,HOPA,292,265,278,494,442,7244,347,3514,6846,3329,271,157,123,394,782,941,292
67,1048,ZONGULDAK,ÇAYCUMA,292,265,278,494,442,7244,347,3514,6846,3329,271,157,123,394,782,941,292
59,1049,TEK?RDA?,HAYRABOLU,292,265,278,494,442,7244,347,3514,6846,3329,271,157,123,394,782,941,292
22,1050,ED?RNE,MER?Ç,292,265,278,494,442,7244,347,3514,6846,3329,271,157,123,394,782,941,292
37,1051,KASTAMONU,DADAY,292,265,278,494,442,7244,347,3514,6846,3329,271,157,123,394,782,941,292
55,1052,SAMSUN,19 MAYIS,292,265,278,494,442,7244,347,3514,6846,3329,271,157,123,394,782,941,292
59,1053,TEK?RDA?,ERGENE,292,265,278,494,442,7244,347,3514,6846,3329,271,157,123,394,782,941,292
75,1054,ARDAHAN,ÇILDIR,292,265,278,494,442,7244,347,3514,6846,3329,271,157,123,394,782,941,292
75,1055,ARDAHAN,DAMAL,292,265,278,494,442,7244,347,3514,6846,3329,271,157,123,394,782,941,292
75,1056,ARDAHAN,HANAK,292,265,278,494,442,7244,347,3514,6846,3329,271,157,123,394,782,941,292
55,1057,SAMSUN,ALAÇAM,292,265,278,494,442,7244,347,3514,6846,3329,271,157,123,394,782,941,292
55,1058,SAMSUN,YAKAKENT,292,265,278,494,442,7244,347,3514,6846,3329,271,157,123,394,782,941,292
8,1059,ARTV?N,KEMALPA?A,292,265,278,494,442,7244,347,3514,6846,3329,271,157,123,394,782,941,292
57,1060,S?NOP,D?KMEN,292,265,278,494,442,7244,347,3514,6846,3329,271,157,123,394,782,941,292
57,1061,S?NOP,BOYABAT,292,265,278,494,442,7244,347,3514,6846,3329,271,157,123,394,782,941,292
8,1062,ARTV?N,BORÇKA,292,265,278,494,442,7244,347,3514,6846,3329,271,157,123,394,782,941,292
39,1063,KIRKLAREL?,PEHL?VANKÖY,292,265,278,494,442,7244,347,3514,6846,3329,271,157,123,394,782,941,292
8,1064,ARTV?N,?AV?AT,292,265,278,494,442,7244,347,3514,6846,3329,271,157,123,394,782,941,292
22,1065,ED?RNE,UZUNKÖPRÜ,292,265,278,494,442,7244,347,3514,6846,3329,271,157,123,394,782,941,292
55,1066,SAMSUN,BAFRA,292,265,278,494,442,7244,347,3514,6846,3329,271,157,123,394,782,941,292
37,1067,KASTAMONU,SEYD?LER,292,265,278,494,442,7244,347,3514,6846,3329,271,157,123,394,782,941,292
37,1068,KASTAMONU,HANÖNÜ,292,265,278,494,442,7244,347,3514,6846,3329,271,157,123,394,782,941,292
37,1069,KASTAMONU,TA?KÖPRÜ,292,265,278,494,442,7244,347,3514,6846,3329,271,157,123,394,782,941,292
74,1070,BARTIN,ULUS,292,265,278,494,442,7244,347,3514,6846,3329,271,157,123,394,782,941,292
34,1071,?STANBUL,ÇATALCA,292,265,278,494,442,7244,347,3514,6846,3329,271,157,123,394,782,941,292
59,1072,TEK?RDA?,SARAY,292,265,278,494,442,7244,347,3514,6846,3329,271,157,123,394,782,941,292
57,1073,S?NOP,SAZLI,292,265,278,494,442,7244,347,3514,6846,3329,271,157,123,394,782,941,292
37,1074,KASTAMONU,PINARBA?I,292,265,278,494,442,7244,347,3514,6846,3329,271,157,123,394,782,941,292
74,1075,BARTIN,MERKEZ,292,265,278,494,442,7244,347,3514,6846,3329,271,157,123,394,782,941,292
39,1076,KIRKLAREL?,LÜLEBURGAZ,292,265,278,494,442,7244,347,3514,6846,3329,271,157,123,394,782,941,292
74,1077,BARTIN,AMASRA,292,265,278,494,442,7244,347,3514,6846,3329,271,157,123,394,782,941,292
75,1078,ARDAHAN,POSOF,292,265,278,494,442,7244,347,3514,6846,3329,271,157,123,394,782,941,292
37,1079,KASTAMONU,DEVREKÂN?,292,265,278,494,442,7244,347,3514,6846,3329,271,157,123,394,782,941,292
37,1080,KASTAMONU,A?LI,292,265,278,494,442,7244,347,3514,6846,3329,271,157,123,394,782,941,292
74,1081,BARTIN,KURUCA??LE,292,265,278,494,442,7244,347,3514,6846,3329,271,157,123,394,782,941,292
39,1082,KIRKLAREL?,BABAESK?,292,265,278,494,442,7244,347,3514,6846,3329,271,157,123,394,782,941,292
57,1083,S?NOP,GERZE,292,265,278,494,442,7244,347,3514,6846,3329,271,157,123,394,782,941,292
37,1084,KASTAMONU,AZDAVAY,292,265,278,494,442,7244,347,3514,6846,3329,271,157,123,394,782,941,292
37,1085,KASTAMONU,KÜRE,292,265,278,494,442,7244,347,3514,6846,3329,271,157,123,394,782,941,292
37,1086,KASTAMONU,?ENPAZAR,292,265,278,494,442,7244,347,3514,6846,3329,271,157,123,394,782,941,292
57,1087,S?NOP,TÜRKEL?,292,265,278,494,442,7244,347,3514,6846,3329,271,157,123,394,782,941,292
37,1088,KASTAMONU,ÇATALZEYT?N,292,265,278,494,442,7244,347,3514,6846,3329,271,157,123,394,782,941,292
57,1089,S?NOP,AYANCIK,292,265,278,494,442,7244,347,3514,6846,3329,271,157,123,394,782,941,292
39,1090,KIRKLAREL?,V?ZE,292,265,278,494,442,7244,347,3514,6846,3329,271,157,123,394,782,941,292
37,1091,KASTAMONU,BOZKURT,292,265,278,494,442,7244,347,3514,6846,3329,271,157,123,394,782,941,292
37,1092,KASTAMONU,ABANA,292,265,278,494,442,7244,347,3514,6846,3329,271,157,123,394,782,941,292
22,1093,ED?RNE,HAVSA,292,265,278,494,442,7244,347,3514,6846,3329,271,157,123,394,782,941,292
37,1094,KASTAMONU,?NEBOLU,292,265,278,494,442,7244,347,3514,6846,3329,271,157,123,394,782,941,292
57,1095,S?NOP,ERFELEK,292,265,278,494,442,7244,347,3514,6846,3329,271,157,123,394,782,941,292
37,1096,KASTAMONU,DO?ANYURT,292,265,278,494,442,7244,347,3514,6846,3329,271,157,123,394,782,941,292
37,1097,KASTAMONU,C?DE,292,265,278,494,442,7244,347,3514,6846,3329,271,157,123,394,782,941,292
39,1098,KIRKLAREL?,PINARH?SAR,292,265,278,494,442,7244,347,3514,6846,3329,271,157,123,394,782,941,292
57,1099,S?NOP,MERKEZ,292,265,278,494,442,7244,347,3514,6846,3329,271,157,123,394,782,941,292
22,1100,ED?RNE,MERKEZ,292,265,278,494,442,7244,347,3514,6846,3329,271,157,123,394,782,941,292
22,1101,ED?RNE,SÜLO?LU,292,265,278,494,442,7244,347,3514,6846,3329,271,157,123,394,782,941,292
22,1102,ED?RNE,LALAPA?A,292,265,278,494,442,7244,347,3514,6846,3329,271,157,123,394,782,941,292
39,1103,KIRKLAREL?,MERKEZ,292,265,278,494,442,7244,347,3514,6846,3329,271,157,123,394,782,941,292
39,1104,KIRKLAREL?,KOFÇAZ,292,265,278,494,442,7244,347,3514,6846,3329,271,157,123,394,782,941,292
