CityId,DistrictId,CityName,DistrictName,MinLentilArea,MinBeanArea,MinSunflowerArea,MinChickpeaArea,MinPotatoArea,MinRiceArea,MinCanolaArea,MinSoybeanArea,MinTomatoArea,MinSugarbeetArea,MinCottonArea,MinCornArea,MinPeanutArea,MinBarleyArea,MinOatArea,MinWheatArea,MinOnionArea
31,15,HATAY,YAYLADAĞI,20,0,0,10,0,0,0,0,70,0,0,10,0,6730,140,10680,70
31,17,HATAY,ALTINÖZÜ,0,0,0,1220,0,0,0,0,1260,0,11200,70,0,1980,0,116730,5490
31,20,HATAY,DEFNE,0,0,0,200,100,0,0,0,330,0,0,0,160,0,1060,22230,0
33,25,MERSİN,AYDINCIK,0,0,0,10,0,0,0,0,0,0,0,0,0,0,0,190,0
31,26,HATAY,SAMANDAĞ,0,0,0,30,460,0,0,0,0,0,0,300,620,0,50,14610,540
31,28,HATAY,REYHANLI,0,30,30,10,17100,0,0,40,1710,0,72200,38210,7550,170,0,55060,38000
31,30,HATAY,ANTAKYA,0,40,100,240,1590,0,0,470,290,0,75240,47690,280,430,250,69810,1900
33,31,MERSİN,BOZYAZI,0,0,0,200,0,0,0,0,0,0,0,0,20,30,0,550,0
31,32,HATAY,KUMLU,0,0,0,0,3830,0,0,0,0,0,56840,17340,2710,0,0,34600,12110
7,34,ANTALYA,DEMRE,0,0,0,0,0,0,0,0,0,0,0,0,0,240,0,1320,0
33,36,MERSİN,ANAMUR,0,0,0,190,0,0,0,0,0,0,0,0,40,170,0,3020,0
31,37,HATAY,BELEN,0,0,0,120,0,0,0,10,0,0,1820,410,0,200,0,1820,80
7,38,ANTALYA,GAZİPAŞA,0,0,0,20,10,0,0,0,0,0,0,10,80,420,30,3180,160
31,39,HATAY,ARSUZ,0,0,0,130,70,0,0,0,3380,0,1840,3860,150,410,0,23930,290
33,40,MERSİN,GÜLNAR,0,0,0,70,0,0,0,0,0,0,0,0,0,520,0,1580,0
7,43,ANTALYA,FİNİKE,0,0,0,0,0,0,0,0,0,0,0,0,0,2640,170,12790,0
31,44,HATAY,KIRIKHAN,80,0,1030,30,1560,0,0,100,2080,0,114460,49300,830,80,0,150220,3120
31,45,HATAY,İSKENDERUN,0,0,0,30,20,0,0,0,30,0,0,30,0,40,0,2500,120
7,47,ANTALYA,KAŞ,0,160,0,190,0,0,0,0,0,0,0,0,0,3630,300,27280,0
70,49,KARAMAN,SARIVELİLER,0,0,0,10,0,0,0,0,0,0,0,0,0,220,0,10,0
1,51,ADANA,KARATAŞ,0,0,1230,50,910,0,0,64320,0,0,120950,81120,73410,630,0,128220,980
31,52,HATAY,PAYAS,0,0,0,0,0,0,0,0,0,0,0,0,0,0,0,910,40
7,54,ANTALYA,KEMER,0,0,0,0,0,0,0,0,0,0,0,490,0,290,0,3260,0
7,55,ANTALYA,ALANYA,0,0,0,0,30,0,0,0,0,0,0,30,120,320,0,4640,170
70,59,KARAMAN,BAŞYAYLA,0,0,0,40,0,0,0,0,0,0,0,0,0,50,0,190,0
79,61,KİLİS,ELBEYLİ,15970,0,0,13660,0,0,0,0,0,0,8320,13450,0,27040,0,78430,0
70,69,KARAMAN,ERMENEK,10,140,0,1260,90,0,0,0,0,0,0,0,0,640,0,1600,50
79,70,KİLİS,MERKEZ,23700,0,0,6080,0,0,0,0,1220,0,660,470,0,47390,0,56530,2270
1,75,ADANA,YUMURTALIK,0,0,69830,130,7240,0,0,10220,0,0,18860,16310,12010,1930,0,68670,1570
31,76,HATAY,HASSA,0,0,0,0,0,910,0,0,0,0,3850,10360,0,870,0,21950,200
7,77,ANTALYA,KUMLUCA,0,60,0,90,0,0,0,0,0,0,0,10,0,460,30,3520,0
33,78,MERSİN,YENİŞEHİR,0,0,0,0,0,0,0,0,0,0,0,110,0,260,0,1640,0
79,79,KİLİS,POLATELİ,3050,0,0,600,0,0,0,0,960,0,0,0,0,8400,0,12380,270
31,81,HATAY,DÖRTYOL,0,0,0,0,40,0,0,0,0,0,0,690,5410,1160,0,20000,3800
33,87,MERSİN,MEZİTLİ,0,0,0,0,0,0,0,0,0,0,0,800,0,0,0,6910,0
33,88,MERSİN,MUT,0,120,0,2500,30,0,0,0,0,0,0,0,80,1760,0,8290,40
27,89,GAZİANTEP,KARKAMIŞ,1860,0,9250,3660,0,0,0,0,0,0,9230,3320,0,46330,0,18700,0
33,90,MERSİN,MERKEZ,0,0,0,0,0,0,0,0,0,0,0,6090,0,160,0,4030,0
42,91,KONYA,TAŞKENT,0,0,0,520,600,0,0,0,0,0,0,0,0,360,30,5730,220
63,92,ŞANLIURFA,AKÇAKALE,13240,0,460,20,0,0,0,40,0,0,152270,108930,0,42760,0,191940,0
7,94,ANTALYA,MERKEZ,0,0,0,0,0,0,0,0,0,0,0,2280,0,0,0,0,0
31,95,HATAY,ERZİN,0,0,19220,150,0,0,0,0,0,0,0,5910,8080,1490,0,59220,0
48,96,MUĞLA,FETHİYE,0,20,0,50,40,0,0,0,0,0,0,0,0,1250,90,5160,0
63,97,ŞANLIURFA,HARRAN,8480,0,0,10,0,0,0,0,0,0,137050,124810,0,33440,0,155110,0
79,98,KİLİS,MUSABEYLİ,1130,0,0,3730,0,0,0,0,200,0,0,0,0,10890,0,45170,4070
48,99,MUĞLA,DATÇA,0,30,0,10,730,0,0,0,0,0,0,20,0,350,40,650,40
7,100,ANTALYA,ELMALI,0,600,150,23460,50,0,0,0,0,10200,0,0,0,48400,1400,59590,80
33,101,MERSİN,SİLİFKE,0,30,0,7470,0,1600,0,0,0,0,0,260,110,1930,0,17060,0
7,102,ANTALYA,KONYAALTI,0,310,0,80,0,0,0,0,0,0,0,0,0,260,0,860,0
27,103,GAZİANTEP,OĞUZELİ,34510,0,2750,35720,0,0,0,0,0,0,7230,6680,0,65090,0,102320,720
1,104,ADANA,YÜREĞİR,0,0,6700,0,11160,0,20,44350,0,0,26610,79800,30280,1350,0,55510,9480
1,105,ADANA,SEYHAN,0,0,20,0,5420,0,0,26270,0,0,10780,83550,7710,60,0,22890,3610
48,106,MUĞLA,ORTACA,0,0,0,0,0,0,0,0,0,0,1560,380,0,8060,0,10500,0
48,107,MUĞLA,SEYDİKEMER,0,190,0,650,2660,0,0,0,40,110,130,310,380,4080,630,76400,240
80,108,OSMANİYE,TOPRAKKALE,0,0,3600,0,0,0,0,1430,0,0,0,12820,3270,0,0,16120,2450
7,109,ANTALYA,GÜNDOĞMUŞ,0,0,0,10,60,0,0,0,0,0,0,0,0,160,0,2450,0
27,110,GAZİANTEP,ŞAHİNBEY,15970,50,0,6950,0,0,0,0,0,0,0,640,0,39560,0,59540,860
42,111,KONYA,HADİM,0,110,0,2070,870,0,0,0,0,0,0,0,0,900,0,8050,650
1,113,ADANA,ÇUKUROVA,0,0,13510,0,310,0,0,190,0,0,100,2930,860,1760,0,15170,0
27,114,GAZİANTEP,İSLAHİYE,350,0,0,350,0,0,0,0,0,5560,4620,7880,0,13660,0,150070,410
80,116,OSMANİYE,HASANBEYLİ,0,0,40,370,0,0,0,0,0,0,0,0,0,2250,0,8260,0
15,117,BURDUR,ALTINYAYLA,0,50,0,130,30,0,0,0,0,0,0,0,0,200,170,2160,0
33,118,MERSİN,ERDEMLİ,0,0,0,240,0,0,0,0,0,0,0,120,0,2110,0,34770,0
48,119,MUĞLA,DALAMAN,0,30,1810,30,0,0,0,0,0,0,10,980,0,2490,100,14200,60
63,120,ŞANLIURFA,SURUÇ,38070,0,0,400,0,0,0,30,400,0,124570,91280,0,32630,0,3990,10
48,122,MUĞLA,MARMARİS,0,0,0,0,0,0,0,0,0,0,0,10,0,380,280,800,0
63,123,ŞANLIURFA,MERKEZ,18109.54992,0,0,164.0512169,0,0,0,0,158.3697895,0,125467.2229,96388.257,0,32815.92481,0,0,162758.6922
63,125,ŞANLIURFA,CEYLANPINAR,20370,0,34280,0,20,0,0,0,70,0,33520,115090,0,5450,0,434640,1730
7,126,ANTALYA,KEPEZ,0,50,0,0,30,0,0,0,0,0,0,160,0,2310,1090,13000,40
33,129,MERSİN,TOROSLAR,0,0,0,160,0,0,0,0,0,0,0,30,0,360,0,2600,0
80,130,OSMANİYE,MERKEZ,0,0,10040,70,0,0,0,8610,0,0,240,50150,19010,1160,0,59660,2380
1,131,ADANA,SARIÇAM,0,0,72140,480,5280,0,10,1620,0,0,4950,8020,4360,1260,0,164890,4620
1,132,ADANA,CEYHAN,0,0,129650,1920,9150,0,0,37540,0,0,58080,306640,110630,2880,0,262920,4430
63,135,ŞANLIURFA,BİRECİK,17600,0,0,320,0,0,0,0,230,0,0,0,0,72990,0,1650,60
80,136,OSMANİYE,BAHÇE,0,30,0,40,0,0,0,0,0,0,0,360,130,2340,0,8430,20
27,137,GAZİANTEP,NİZİP,6960,0,980,6260,0,0,0,0,0,0,2000,540,0,67710,0,5870,0
7,140,ANTALYA,AKSU,0,0,0,0,0,0,0,0,0,0,5790,11780,0,390,70,16610,30
27,142,GAZİANTEP,NURDAĞI,1180,0,0,17980,3430,0,0,670,710,14700,2690,10380,7750,13760,0,159810,6620
42,144,KONYA,BOZKIR,10,90,0,8470,630,0,0,0,0,0,0,10,0,4120,20,24000,50
20,145,DENİZLİ,ÇAMELİ,0,930,0,1060,0,0,0,0,0,20,0,520,0,2490,90,5410,30
48,146,MUĞLA,KÖYCEĞİZ,0,700,0,10,50,0,0,0,30,0,0,2760,0,660,170,7030,60
7,147,ANTALYA,DÖŞEMEALTI,0,70,0,120,170,0,0,0,0,0,0,0,190,21080,7270,40110,110
48,148,MUĞLA,ULA,0,0,0,0,0,0,0,0,20,0,0,40,0,240,260,12380,0
27,150,GAZİANTEP,MERKEZ,160,0,0,4400,0,0,0,0,0,0,0,890,0,19780,0,43690,870
42,151,KONYA,GÜNEYSINIR,0,3320,700,18510,120,0,0,0,0,580,0,2040,0,28380,10,3340,0
33,152,MERSİN,ÇAMLIYAYLA,0,0,0,10,0,0,0,0,0,0,0,0,0,90,0,480,0
42,153,KONYA,YALIHÜYÜK,0,3420,0,2300,0,0,0,0,0,1990,0,0,0,17180,0,16690,0
48,155,MUĞLA,BODRUM,0,0,0,30,0,0,0,0,0,0,0,0,0,3550,10,9980,0
7,156,ANTALYA,AKSEKİ,0,0,0,0,0,0,0,0,0,0,0,0,0,110,0,730,20
15,157,BURDUR,GÖLHİSAR,0,640,20,520,310,0,0,0,0,4640,0,800,0,12280,450,12820,510
7,158,ANTALYA,İBRADI,0,710,0,110,0,0,0,0,0,0,0,10,0,1740,0,2920,10
70,160,KARAMAN,KAZIMKARABEKİR,0,29600,10250,27580,900,0,0,0,660,7270,0,58020,0,78220,690,2930,0
27,161,GAZİANTEP,YAVUZELİ,130,0,0,22080,0,0,0,0,0,0,5080,2070,0,16560,0,19730,230
42,162,KONYA,AHIRLI,0,910,0,3280,0,0,0,0,20,4170,0,0,0,9680,60,2830,0
7,163,ANTALYA,SERİK,0,0,0,0,60,0,0,0,0,0,16420,2950,220,1120,690,75000,470
33,164,MERSİN,TARSUS,0,0,15700,160,1910,1530,0,53620,0,0,30590,55320,1860,4980,0,242790,1320
1,165,ADANA,İMAMOĞLU,0,0,68930,20,1090,0,0,2900,0,0,2540,18110,5800,1130,0,131330,400
80,166,OSMANİYE,DÜZİÇİ,0,0,200,20,0,0,0,0,20,0,100,11180,20700,5540,0,76390,20
7,167,ANTALYA,KORKUTELİ,0,1670,2310,33940,2800,0,0,0,700,3250,0,0,0,171960,460,90750,300
15,168,BURDUR,ÇAVDIR,0,60,0,1750,430,0,0,0,0,12360,0,0,0,8850,210,18390,70
47,169,MARDİN,KIZILTEPE,30490,0,0,3200,0,0,0,0,0,0,40650,202220,0,109470,0,363270,0
1,170,ADANA,KARAİSALI,0,0,42280,20,20,0,0,360,0,0,10,4350,360,1660,100,47140,20
63,171,ŞANLIURFA,HALFETİ,4440,0,0,100,0,0,0,0,0,0,0,40,0,27250,0,3520,0
20,172,DENİZLİ,BEYAĞAÇ,0,1140,0,1360,0,0,0,0,0,0,0,60,0,1710,0,12010,0
47,173,MARDİN,NUSAYBİN,25400,0,0,6100,0,0,0,840,0,0,1100,21240,0,91200,0,76710,0
7,176,ANTALYA,MANAVGAT,0,0,0,0,10,0,0,0,0,0,2840,4090,5450,5950,4020,46840,70
46,177,KAHRAMANMARAŞ,TÜRKOĞLU,0,0,0,410,0,0,0,5320,570,2520,5570,50430,590,8980,0,95700,30
42,179,KONYA,HALKAPINAR,0,920,470,11450,80,0,0,0,0,0,0,290,0,10210,290,8880,0
63,180,ŞANLIURFA,BOZOVA,21140,0,0,390,0,0,0,20,2230,27740,48050,8570,260,79690,0,83370,0
15,181,BURDUR,TEFENNİ,0,60,30,5890,90,0,0,0,0,8590,0,1710,0,29100,2710,21780,90
63,182,ŞANLIURFA,HALİLİYE,44990,0,0,1210,110,0,0,30,5020,0,108330,97710,90,92910,0,140020,110
27,183,GAZİANTEP,ARABAN,340,0,2760,39510,600,0,0,340,0,0,31550,8670,0,18700,0,49730,510
42,184,KONYA,DEREBUCAK,0,1580,0,90,0,0,0,0,0,0,0,0,0,260,0,440,0
70,186,KARAMAN,MERKEZ,780,60310,51600,128450,14590,0,0,0,10700,60020,0,228790,0,81100,6810,156320,6570
47,189,MARDİN,YEŞİLLİ,320,0,0,160,0,0,0,0,180,0,0,500,0,1190,0,1710,20
42,190,KONYA,AKÖREN,3610,3040,1400,22080,340,0,0,0,0,1290,0,2000,0,17830,100,31140,20
30,191,HAKKARİ,DERECİK,0,500,0,110,60,0,0,0,0,0,0,300,0,1110,0,15650,200
15,192,BURDUR,KEMER,0,590,0,1800,40,0,0,0,0,4680,0,80,0,36340,8630,3350,10
15,193,BURDUR,KARAMANLI,0,390,10,3660,30,0,0,0,240,7990,0,3470,0,54390,3270,13570,520
63,194,ŞANLIURFA,KARAKÖPRÜ,50270,0,0,1950,0,0,0,0,370,0,19660,21310,0,78980,0,36720,120
70,195,KARAMAN,AYRANCI,0,1200,7540,9950,1220,0,0,0,310,4690,0,13000,0,75140,38250,98010,400
73,197,ŞIRNAK,CİZRE,9280,0,0,0,0,0,0,0,0,0,3510,240,5180,97050,0,520,0
47,198,MARDİN,ÖMERLİ,590,0,0,1690,940,0,0,0,0,0,0,0,0,4980,0,460,0
73,199,ŞIRNAK,İDİL,52960,0,0,420,0,0,0,0,0,0,1090,980,0,21740,0,129460,0
15,200,BURDUR,BUCAK,0,20,670,620,20,0,0,0,130,850,0,490,50,95670,2010,31490,90
48,201,MUĞLA,MERKEZ,0,200,0,290,50,0,0,0,0,0,0,370,10,3860,820,20580,80
63,202,ŞANLIURFA,VİRANŞEHİR,130820,0,0,7870,2480,300,0,340,0,0,351320,351510,0,94150,0,168070,2530
47,203,MARDİN,DERİK,20910,0,0,5770,0,1830,0,500,0,0,15100,137430,0,132820,0,197200,620
73,206,ŞIRNAK,SİLOPİ,19690,0,0,420,0,0,0,0,0,0,31660,24110,82600,77790,0,0,0
15,208,BURDUR,ÇELTİKÇİ,0,90,0,340,0,0,0,0,0,0,0,20,0,7100,1490,1980,60
47,209,MARDİN,MERKEZ,14250,0,0,10960,0,0,0,0,0,0,4010,21640,0,24760,0,93810,0
1,210,ADANA,POZANTI,0,0,0,0,0,0,0,0,0,0,0,0,0,0,0,0,0
80,211,OSMANİYE,SUMBAS,0,0,5070,220,0,0,0,730,0,0,0,20050,5250,4140,0,35940,0
46,213,KAHRAMANMARAŞ,PAZARCIK,5470,0,0,10820,0,0,0,690,120,790,7190,71750,0,39990,0,133570,270
47,214,MARDİN,MİDYAT,14620,0,0,6140,0,0,0,0,0,0,0,0,0,18260,0,19340,0
51,215,NİĞDE,ULUKIŞLA,0,4500,0,7890,900,0,0,0,0,1180,0,0,0,40730,950,48400,630
80,216,OSMANİYE,KADİRLİ,0,0,12940,0,0,0,0,5100,0,0,1260,105170,55800,12130,750,128230,2020
30,217,HAKKARİ,ÇUKURCA,0,280,0,0,0,7430,0,0,0,0,0,300,0,0,0,11710,190
48,218,MUĞLA,YATAĞAN,0,30,0,30,110,0,0,0,0,0,0,2570,330,4030,4920,31890,30
2,220,ADIYAMAN,SAMSAT,2220,0,0,8590,0,0,0,0,0,2370,5550,0,0,25910,0,18320,0
47,221,MARDİN,MAZIDAĞI,23140,0,0,1840,0,0,0,0,0,0,0,4680,0,36670,0,10690,0
48,222,MUĞLA,KAVAKLIDERE,0,30,0,100,10,0,0,0,40,0,0,30,0,640,30,1740,10
42,223,KONYA,SEYDİŞEHİR,0,5100,100,2620,8750,0,0,0,220,19920,0,3430,0,48780,80,62440,800
1,225,ADANA,ALADAĞ,0,0,390,50,0,0,0,0,0,0,0,0,0,160,0,1340,0
20,226,DENİZLİ,KALE,0,160,0,260,0,0,0,0,0,0,0,230,0,4340,640,20110,370
63,227,ŞANLIURFA,HİLVAN,129110,0,0,13370,1630,0,0,0,920,750,33370,9800,0,131500,0,37320,0
20,228,DENİZLİ,ACIPAYAM,0,520,0,2290,0,0,0,0,0,3790,0,1080,0,55750,1920,33010,2670
15,229,BURDUR,AĞLASUN,0,220,20,240,10,0,0,0,0,0,0,230,0,1540,210,8070,70
48,230,MUĞLA,MİLAS,0,0,0,330,660,0,0,0,0,0,4740,9780,0,19400,6320,62120,0
32,231,ISPARTA,SÜTÇÜLER,0,40,0,50,20,0,0,0,0,0,0,50,30,1670,100,3930,10
42,232,KONYA,ÇUMRA,140,72290,75090,16730,15490,0,40,0,2070,152960,0,251000,0,219930,460,137690,570
2,233,ADIYAMAN,BESNİ,6480,40,10,50990,800,0,0,0,20,0,31630,22440,0,58410,0,90180,80
9,234,AYDIN,DİDİM,0,0,70,0,0,0,0,0,0,0,45760,270,0,5050,160,10800,0
73,235,ŞIRNAK,ULUDERE,10,0,0,0,0,0,0,0,0,0,0,0,0,9110,0,12320,10
20,238,DENİZLİ,SERİNHİSAR,0,200,0,2350,10,0,0,0,70,0,0,180,0,9020,0,6420,0
1,239,ADANA,KOZAN,0,60,37030,60,0,0,0,9430,0,0,410,52860,16110,13840,0,175990,1700
46,240,KAHRAMANMARAŞ,ANDIRIN,0,320,7100,210,0,0,0,470,0,0,0,10020,5080,7060,0,52720,0
46,241,KAHRAMANMARAŞ,ÇAĞLAYANCERİT,0,30,0,580,0,0,0,0,0,0,0,10,0,2130,0,2300,20
46,242,KAHRAMANMARAŞ,DULKADİROĞLU,210,80,0,1530,140,60,0,4770,210,2030,14400,39030,640,12160,0,80410,850
30,243,HAKKARİ,ŞEMDİNLİ,0,2180,0,910,170,0,0,0,0,0,0,1170,0,10400,0,70040,1310
47,244,MARDİN,DARGEÇİT,270,0,0,390,0,0,0,0,0,0,0,0,0,580,0,3260,0
73,245,ŞIRNAK,GÜÇLÜKONAK,240,0,0,120,0,0,0,0,0,0,0,0,0,4780,0,11110,0
47,246,MARDİN,SAVUR,6390,0,0,1990,0,0,0,0,0,0,8180,1430,0,12290,0,44200,0
9,247,AYDIN,KARPUZLU,0,0,0,0,950,0,0,0,0,0,0,17390,1990,0,0,1790,0
20,248,DENİZLİ,TAVAS,0,850,0,6690,0,0,0,0,0,0,0,19160,0,111980,2120,54800,210
15,249,BURDUR,YEŞİLOVA,30,310,30,4450,40,0,0,0,60,1220,0,80,0,43650,10450,39150,50
15,253,BURDUR,MERKEZ,200,1090,110,4440,1790,0,0,20,540,5230,0,1030,0,69890,17990,29430,1170
32,254,ISPARTA,YENİŞARBADEMLİ,0,200,0,0,0,0,0,0,0,0,0,10,0,450,0,1340,30
32,256,ISPARTA,AKSU,0,40,0,0,0,0,0,0,0,0,0,0,0,420,0,810,10
42,257,KONYA,MERKEZ,9.984055406,4293.143825,575.0815914,12714.69456,6090.273798,0,0,0,1597.448865,10084.89437,0,21916.99843,0,53854.99326,1727.241585,104609.9373,2575.886295
72,258,BATMAN,GERCÜŞ,12300,0,0,720,0,0,0,0,0,0,0,10,0,14330,0,21070,0
72,259,BATMAN,HASANKEYF,110,0,0,40,0,0,0,0,0,0,0,0,0,670,0,3180,0
21,260,DİYARBAKIR,ÇINAR,64190,0,0,4820,0,8880,0,90,0,16500,161130,49510,0,104630,0,118420,2920
73,261,ŞIRNAK,MERKEZ,2570,0,0,290,0,0,0,0,10,0,0,0,0,18660,0,16540,20
2,263,ADIYAMAN,TUT,20,80,0,860,0,0,0,0,20,0,50,30,0,2350,0,5130,150
9,264,AYDIN,ÇİNE,0,0,0,0,1320,0,0,0,8390,0,650,64540,32760,2260,0,11920,0
2,265,ADIYAMAN,GÖLBAŞI,620,90,2640,7830,0,0,0,0,0,670,0,1400,0,40510,0,48150,60
32,266,ISPARTA,MERKEZ,0,130,0,60,870,0,0,0,250,320,0,100,0,25420,1450,12210,240
20,267,DENİZLİ,ÇARDAK,0,60,20,150,10,0,0,0,0,2430,0,760,0,32580,110,16220,40
42,268,KONYA,EREĞLİ,0,3340,11000,12020,20040,0,50,50,26710,50650,0,53620,0,182240,2740,234580,14690
42,270,KONYA,KARAPINAR,10,270,75680,890,16650,0,200,0,4950,122120,0,172890,0,108380,320,185070,0
20,271,DENİZLİ,HONAZ,0,20,0,40,0,0,0,0,0,0,0,300,0,5950,260,16980,0
20,272,DENİZLİ,BABADAĞ,0,0,0,0,0,0,0,0,0,0,0,0,0,250,0,580,0
9,273,AYDIN,BOZDOĞAN,0,0,0,0,1270,0,0,0,70,0,0,1350,110,16770,590,22510,0
46,274,KAHRAMANMARAŞ,ONİKİ ŞUBAT,290,700,0,4640,0,0,0,1990,290,0,740,11930,220,5720,0,82530,740
51,275,NİĞDE,BOR,0,3210,0,6150,17160,0,0,0,22320,17200,0,680,0,73350,1330,119660,1950
9,276,AYDIN,KARACASU,0,760,0,340,0,0,0,0,0,0,0,290,0,21660,0,19330,0
9,277,AYDIN,KOÇARLI,0,0,1580,0,170,0,0,0,570,0,62370,640,0,110,0,12370,0
21,278,DİYARBAKIR,MERKEZ,25690.75335,0,0,1184.310438,0,4317.916527,0,0,0,390.9924414,4096.920799,3133.606088,0,33125.27629,0,56862.48408,254.9950705
2,279,ADIYAMAN,MERKEZ,2400,170,0,68490,50,0,0,0,50,0,5300,2280,0,174980,340,205400,340
51,280,NİĞDE,ÇAMARDI,0,4490,0,8030,1500,0,0,0,0,0,0,0,0,17810,10290,58010,50
73,281,ŞIRNAK,BEYTÜŞŞEBAP,0,17670,0,3660,0,0,0,0,2230,0,0,620,0,8390,0,133840,4910
9,282,AYDIN,YENİPAZAR,0,0,0,0,0,0,0,0,1090,0,8910,13490,0,560,0,14350,0
42,283,KONYA,BEYŞEHİR,9200,3220,0,28970,3680,0,0,0,0,17200,0,0,0,121100,870,59610,1840
20,284,DENİZLİ,MERKEZEFENDİ,0,10,0,0,0,0,0,0,0,0,11380,2880,0,4240,0,7030,0
2,285,ADIYAMAN,KÂHTA,90,0,0,47420,0,0,0,0,0,0,2380,0,0,83530,0,74600,10
9,286,AYDIN,SÖKE,0,0,4450,0,640,0,0,240,140,0,274670,1360,0,580,0,26220,0
63,287,ŞANLIURFA,SİVEREK,300830,0,2760,21420,340,4090,0,4950,5710,0,115580,232270,0,166920,0,348350,250
42,288,KONYA,HÜYÜK,4930,260,20,7450,380,0,0,0,0,2240,0,0,0,35380,260,17290,80
3,290,AFYONKARAHİSAR,BAŞMAKÇI,0,140,0,30,0,0,0,0,0,170,0,0,0,23860,90,31710,0
1,291,ADANA,FEKE,0,0,0,0,0,0,0,0,0,0,0,0,0,0,0,30,0
20,292,DENİZLİ,BOZKURT,0,160,0,940,0,0,0,0,90,360,0,850,0,27730,290,22790,40
56,293,SİİRT,ERUH,250,10,0,70,0,0,0,0,0,0,0,0,0,6270,0,7720,0
42,294,KONYA,DERBENT,0,810,90,4570,1110,0,0,0,0,1090,0,0,0,9940,2530,17420,0
51,295,NİĞDE,ALTUNHİSAR,0,560,0,550,5150,0,0,0,1060,100,0,50,0,8480,0,50660,290
32,296,ISPARTA,GÖNEN,0,0,0,450,10,0,0,0,90,770,0,0,0,23310,1880,5460,0
42,297,KONYA,EMİRGAZİ,0,0,430,600,1070,0,0,0,0,19670,0,2050,0,184520,470,165020,0
32,298,ISPARTA,ATABEY,0,10,0,10,10,0,0,0,240,5450,0,0,0,15220,160,4760,20
3,299,AFYONKARAHİSAR,DAZKIRI,0,570,0,280,0,0,0,0,20,420,0,1210,0,24150,220,22010,20
32,300,ISPARTA,KEÇİBORLU,0,30,0,230,0,0,0,0,60,90,0,40,0,33730,0,8140,50
46,301,KAHRAMANMARAŞ,EKİNÖZÜ,0,40,0,4330,0,0,0,0,0,0,0,1020,0,32820,0,3640,0
30,302,HAKKARİ,MERKEZ,0,470,0,270,360,0,0,0,0,0,0,250,0,70,0,128030,950
1,303,ADANA,SAİMBEYLİ,0,0,0,10,0,0,0,0,0,0,0,0,0,30,0,200,0
30,304,HAKKARİ,YÜKSEKOVA,0,200,0,1800,90,0,0,0,0,0,0,40,0,11720,0,247520,260
9,305,AYDIN,KUŞADASI,0,0,0,0,80,0,0,0,0,0,0,180,0,1610,0,8240,0
20,306,DENİZLİ,SARAYKÖY,0,30,0,10,0,0,0,30,0,0,50800,570,0,6430,110,27910,0
2,307,ADIYAMAN,ÇELİKHAN,0,6480,0,0,100,0,0,0,0,0,0,9150,0,450,0,1020,1360
32,308,ISPARTA,EĞİRDİR,0,340,0,200,150,0,0,0,30,0,0,0,0,1050,0,7120,160
21,309,DİYARBAKIR,BİSMİL,100290,0,0,4900,0,0,0,200,220,0,125060,99510,0,65800,0,317090,180
56,310,SİİRT,TİLLO,0,0,0,0,0,0,0,0,0,0,0,0,0,30,0,150,0
9,311,AYDIN,İNCİRLİOVA,0,0,0,0,0,0,0,0,90,0,40350,1480,0,140,0,11310,10
21,312,DİYARBAKIR,KAYAPINAR,4230,0,0,3810,0,140,0,590,0,0,8040,10810,0,17140,0,59020,0
9,313,AYDIN,MERKEZ,0,0,0,0,50,0,0,0,8150,0,56300,7040,90,2970,30,37550,0
2,314,ADIYAMAN,SİNCİK,20,30,0,230,0,0,0,0,0,0,0,170,0,1670,0,9640,0
9,315,AYDIN,BUHARKENT,0,140,0,0,0,0,0,0,0,0,540,0,0,570,50,1500,0
9,316,AYDIN,KÖŞK,0,0,0,0,0,0,0,0,6100,0,10950,340,0,40,0,4510,0
9,317,AYDIN,SULTANHİSAR,0,0,0,0,0,0,0,0,0,0,4240,10980,0,520,0,8680,0
46,318,KAHRAMANMARAŞ,NURHAK,0,240,0,1840,40,0,0,0,10,0,0,70,0,5530,0,16620,30
9,319,AYDIN,GERMENCİK,0,0,540,0,0,0,0,0,80,0,63310,50,0,1750,0,11280,0
38,320,KAYSERİ,YAHYALI,0,800,0,13030,270,0,0,0,320,5890,0,1940,0,37550,0,63260,0
3,321,AFYONKARAHİSAR,EVCİLER,0,60,1640,50,10,0,0,0,0,680,0,620,0,26880,0,51110,10
72,322,BATMAN,MERKEZ,11830,0,0,80,0,0,0,0,0,0,1730,17650,0,10100,0,30850,0
72,323,BATMAN,BEŞİRİ,17140,0,0,0,0,0,0,0,0,0,0,1340,0,6320,0,34190,0
56,324,SİİRT,MERKEZ,6370,0,0,600,0,0,0,0,0,0,1170,540,0,6680,0,6220,0
56,325,SİİRT,KURTALAN,73240,0,0,940,0,0,0,0,0,0,1570,14770,0,19280,0,129950,0
21,326,DİYARBAKIR,YENİŞEHİR,780,0,0,1240,230,170,0,230,0,0,27380,42260,0,23470,0,40610,40
32,327,ISPARTA,ULUBORLU,0,30,0,60,0,0,0,0,0,0,0,0,0,4540,0,2600,0
20,328,DENİZLİ,PAMUKKALE,0,20,0,630,0,0,0,0,0,0,11870,9310,0,9480,0,39730,0
56,329,SİİRT,PERVARİ,90,0,0,920,0,0,0,0,0,0,0,0,0,1480,0,40570,0
44,330,MALATYA,DOĞANŞEHİR,470,20190,0,13760,1130,0,0,0,0,1720,0,0,0,16030,0,39690,1980
2,331,ADIYAMAN,GERGER,10,0,0,80,0,0,0,0,0,0,0,0,0,3660,0,380,0
32,332,ISPARTA,ŞARKİKARAAĞAÇ,60,4780,0,4220,0,0,0,0,270,4510,0,0,0,36010,910,39620,2330
42,333,KONYA,KARATAY,0,1460,197250,2020,29270,0,1660,0,0,81010,0,128870,0,261770,1560,445690,950
51,334,NİĞDE,ÇİFTLİK,0,1320,0,250,16310,0,0,0,0,0,0,0,0,2020,90,21690,60
32,335,ISPARTA,GELENDOST,120,520,0,2810,0,0,0,0,0,0,0,0,0,21120,0,10450,60
9,336,AYDIN,KUYUCAK,0,230,0,0,0,0,0,0,0,0,1310,40,0,9440,0,33830,0
20,337,DENİZLİ,BAKLAN,0,90,130,1960,0,0,0,0,220,18730,0,22890,0,37320,1130,2020,0
35,338,İZMİR,SELÇUK,0,0,0,0,0,0,0,0,5100,0,13270,3500,0,1440,0,4590,0
9,339,AYDIN,NAZİLLİ,0,0,0,0,150,0,0,0,360,0,37130,6050,120,5890,360,27590,20
21,340,DİYARBAKIR,ÇERMİK,15260,0,650,8310,0,1740,0,0,0,0,1060,300,0,27820,0,41170,340
42,341,KONYA,DOĞANHİSAR,30,1840,10,8290,1280,0,0,0,0,2630,0,30,0,20740,510,58600,200
35,342,İZMİR,BEYDAĞ,0,0,0,0,2030,0,0,0,40,0,0,0,0,3950,0,6120,0
42,343,KONYA,SELÇUKLU,0,7680,20270,2680,1250,0,770,0,0,20200,0,23490,0,198240,6430,170430,150
51,344,NİĞDE,MERKEZ,0,145570,0,14130,118260,0,0,0,3610,1690,0,0,0,55090,19080,256850,3290
68,345,AKSARAY,GÜZELYURT,0,800,0,3710,11360,0,0,0,0,0,0,0,0,17580,0,19180,70
32,346,ISPARTA,SENİRKENT,0,40,0,30,30,0,0,0,150,6560,0,0,0,16530,0,3630,90
20,347,DENİZLİ,ÇAL,0,100,1410,1700,0,0,0,0,0,3710,0,24650,0,24140,5240,16460,30
20,348,DENİZLİ,GÜNEY,0,0,0,1920,0,0,0,0,0,0,0,70,0,34140,980,10570,280
20,349,DENİZLİ,BULDAN,0,140,0,60,0,0,0,0,70,0,2550,220,0,6670,0,13180,0
46,350,KAHRAMANMARAŞ,GÖKSUN,0,6340,0,8600,2390,0,0,0,0,2060,0,360,0,24850,0,67040,490
1,351,ADANA,TUFANBEYLİ,0,0,0,10,0,0,0,0,0,0,0,0,0,10,0,20,0
3,352,AFYONKARAHİSAR,KIZILÖREN,0,60,0,300,4050,0,0,0,0,70,0,0,0,15570,1420,7060,300
44,353,MALATYA,PÜTÜRGE,300,180,0,560,0,0,0,0,0,0,0,830,0,3430,0,16920,90
68,354,AKSARAY,SULTANHANI,0,0,7480,0,30,0,50,0,20,53260,0,5650,0,61700,310,36160,0
44,355,MALATYA,DOĞANYOL,20,50,0,40,0,0,0,0,0,0,0,80,0,470,0,1430,0
21,356,DİYARBAKIR,EĞİL,3640,0,20,1420,0,0,0,0,0,0,1580,2480,0,10240,0,21030,30
21,357,DİYARBAKIR,SUR,87620,0,0,8180,0,1870,0,0,0,0,36750,19710,0,253120,0,361740,0
21,358,DİYARBAKIR,ÇÜNGÜŞ,140,450,0,400,0,0,0,0,140,0,0,1060,0,3050,0,6040,170
35,359,İZMİR,TİRE,0,0,0,0,19440,0,0,0,25910,0,3640,15240,0,41980,50,30610,0
65,360,VAN,BAHÇESARAY,0,0,0,0,0,0,0,0,0,0,0,0,0,1200,0,26110,0
56,361,SİİRT,BAYKAN,470,0,0,30,0,0,0,0,0,0,0,0,0,0,0,5160,20
56,362,SİİRT,ŞİRVAN,0,0,0,0,0,0,0,0,0,0,0,0,0,1930,0,12160,0
20,363,DENİZLİ,BEKİLLİ,0,0,0,3050,0,0,0,0,0,0,0,10,0,6700,80,360,170
21,364,DİYARBAKIR,HAZRO,14520,0,0,2640,0,1160,0,0,0,0,0,50,0,30860,0,4810,0
3,365,AFYONKARAHİSAR,DİNAR,0,790,540,770,19840,0,30,0,0,17120,0,350,0,93730,3960,88390,430
21,366,DİYARBAKIR,KOCAKÖY,5320,0,0,110,0,40,0,0,160,0,0,600,0,58440,0,24780,0
21,367,DİYARBAKIR,ERGANİ,59180,0,5690,52250,890,1340,0,420,2400,680,7820,1530,0,72000,0,224600,0
21,368,DİYARBAKIR,SİLVAN,12170,0,0,1690,0,0,0,0,20,0,50,4340,0,11820,0,41420,20
44,369,MALATYA,KALE,10,0,0,40,0,0,0,0,0,0,0,0,0,240,0,970,0
38,370,KAYSERİ,DEVELİ,0,1440,0,3080,4560,0,0,0,0,18310,0,300,0,44160,270,194640,0
50,371,NEVŞEHİR,DERİNKUYU,0,72340,0,930,29350,0,0,0,0,0,0,0,0,8210,11940,48360,100
45,372,MANİSA,SARIGÖL,0,0,0,0,0,0,0,0,0,0,0,10,0,11560,0,48150,90
68,373,AKSARAY,GÜLAĞAÇ,0,12770,0,1390,10320,0,0,0,0,4400,0,0,0,40250,1290,50330,100
38,374,KAYSERİ,YEŞİLHİSAR,0,20520,0,3300,40310,0,0,0,3660,47810,0,2240,0,17150,4100,85730,0
42,375,KONYA,ALTINEKİN,10,18200,66990,3370,9710,0,60,60,0,103580,0,147430,0,104280,780,123160,580
44,376,MALATYA,MERKEZ,40,30,0,530,0,0,0,0,0,820,0,160,0,33690,0,26720,20
13,377,BİTLİS,HİZAN,0,5890,0,0,410,0,0,0,0,0,0,0,0,140,0,60970,0
44,378,MALATYA,YEŞİLYURT,30,30,0,230,0,0,0,0,0,80,0,10,0,4850,0,5680,0
65,379,VAN,ÇATAK,0,0,0,890,490,0,0,0,0,0,0,0,0,27050,0,21990,0
44,380,MALATYA,AKÇADAĞ,140,20,0,750,0,0,0,0,0,40,0,0,0,20810,1650,32150,80
35,381,İZMİR,KİRAZ,0,0,0,0,1940,0,0,0,40,0,0,0,0,7650,0,15440,0
35,382,İZMİR,TORBALI,0,0,0,0,0,0,0,0,56150,0,45070,23510,0,6240,6630,16240,0
32,383,ISPARTA,YALVAÇ,4850,3720,30,34840,1740,0,0,0,310,0,0,60,0,115880,3480,39610,370
35,384,İZMİR,BAYINDIR,0,0,0,0,6480,0,0,0,54360,0,4180,8200,0,0,0,26340,0
35,385,İZMİR,SEFERİHİSAR,0,0,0,0,0,0,0,0,0,0,0,0,0,1130,0,2880,0
72,386,BATMAN,KOZLUK,4910,0,0,40,0,0,0,0,0,0,100,550,0,5350,0,17660,0
21,387,DİYARBAKIR,DİCLE,1370,70,0,800,0,0,0,0,30,0,0,0,0,15390,0,5680,0
35,388,İZMİR,MENDERES,0,0,0,0,0,0,0,0,5640,0,2620,12220,0,13220,1190,55890,0
23,389,ELAZIĞ,SİVRİCE,70,660,0,290,20,0,0,0,40,90,0,0,0,5810,0,21370,20
20,390,DENİZLİ,ÇİVRİL,0,300,540,5430,0,0,0,0,6760,41870,0,81550,0,100740,660,11110,0
42,391,KONYA,AKŞEHİR,0,30,30,1350,90,0,0,0,60,8960,0,380,0,48200,2430,102210,40
64,392,UŞAK,KARAHALLI,0,0,30,7120,0,0,390,0,0,0,0,0,0,29790,790,6950,170
46,393,KAHRAMANMARAŞ,AFŞİN,30,5770,190,18880,6820,0,0,0,2620,19060,0,12330,0,96950,100,178570,100
46,394,KAHRAMANMARAŞ,ELBİSTAN,0,1100,0,21310,2760,0,0,0,0,34730,0,66600,0,181640,0,71720,1660
38,395,KAYSERİ,TOMARZA,0,1200,0,5550,34860,0,0,0,0,2890,0,0,0,81800,560,147940,0
35,396,İZMİR,ÖDEMİŞ,0,0,0,0,168420,0,0,0,1530,0,0,0,0,12370,0,5510,0
35,397,İZMİR,GAZİEMİR,0,0,0,0,0,0,0,0,0,0,0,0,0,510,0,4500,0
42,398,KONYA,ILGIN,0,1420,20230,26280,1040,0,0,100,0,34220,0,6590,0,140500,13700,137890,50
35,399,İZMİR,GÜZELBAHÇE,0,0,0,0,0,0,0,0,0,0,0,20,0,100,0,120,0
35,401,İZMİR,BUCA,0,0,0,0,0,0,0,0,1520,0,0,3880,0,560,0,4900,0
35,402,İZMİR,KARABAĞLAR,0,0,0,0,0,0,0,0,0,0,0,0,0,0,0,0,0
35,404,İZMİR,NARLIDERE,0,0,0,0,1101.735487,0,0,0,10.01577716,0,0,0,0,80.94751097,0,36.05679776,0
35,405,İZMİR,BALÇOVA,0,0,0,0,0,0,0,0,0,0,0,0,0,1790,0,0,0
23,406,ELAZIĞ,MADEN,60,4220,0,310,90,0,0,0,190,330,0,0,0,5740,0,24740,30
23,407,ELAZIĞ,ALACAKAYA,0,0,0,0,0,0,0,0,0,0,0,0,0,250,0,1520,0
21,408,DİYARBAKIR,HANİ,3010,0,0,1550,0,0,0,0,160,0,0,120,0,24920,0,440,810
50,409,NEVŞEHİR,ACIGÖL,0,3550,0,9040,7700,0,0,0,0,0,0,0,0,18510,2680,79660,100
38,410,KAYSERİ,HACILAR,0,0,0,0,0,0,0,0,0,0,0,0,0,420,110,1760,70
35,411,İZMİR,KONAK,0,0,0,0,0,0,0,0,0,0,0,0,0,0,0,0,0
68,412,AKSARAY,ESKİL,0,0,43370,0,6400,0,1020,0,0,86130,0,98930,0,73810,0,195580,0
42,413,KONYA,TUZLUKÇU,0,2500,3280,6110,2500,0,0,0,0,17190,0,4760,0,136310,10570,73730,0
38,415,KAYSERİ,TALAS,0,70,0,1080,4000,0,0,0,0,0,0,0,0,36890,2500,45420,50
50,416,NEVŞEHİR,MERKEZ,0,15100,0,1670,5710,0,0,0,60,0,0,30,0,32460,2450,38900,220
3,417,AFYONKARAHİSAR,ŞUHUT,0,1530,250,610,22960,0,0,0,0,3260,0,0,0,39530,0,43460,60
68,418,AKSARAY,MERKEZ,0,3980,12720,50060,30210,0,0,0,4120,48070,0,8080,0,563540,2060,355120,900
38,419,KAYSERİ,SARIZ,0,0,0,2110,4700,0,0,0,0,0,0,0,0,21630,0,164810,0
64,420,UŞAK,ULUBEY,0,0,1060,29470,0,0,0,0,0,0,0,0,0,86540,1370,17060,340
72,421,BATMAN,SASON,0,0,0,0,0,0,0,0,0,0,0,0,0,6740,0,19160,0
45,422,MANİSA,ALAŞEHİR,0,70,0,470,0,0,0,0,390,0,130,920,0,48520,0,68860,0
13,423,BİTLİS,MERKEZ,0,1450,0,30,120,0,0,0,0,0,0,0,0,3210,0,9620,0
35,424,İZMİR,ÇEŞME,0,10,0,20,30,0,0,0,70,0,0,0,0,320,0,690,260
3,426,AFYONKARAHİSAR,ÇAY,0,290,100,400,1710,0,0,210,0,7490,0,190,0,55990,390,66180,30
23,428,ELAZIĞ,ARICAK,0,30,0,0,0,0,0,0,0,0,0,0,0,1700,0,8270,0
64,429,UŞAK,SİVASLI,0,970,770,10160,30,0,0,0,330,590,0,840,0,58480,2030,5920,210
44,430,MALATYA,YAZIHAN,70,0,0,1630,40,0,0,0,0,8810,0,500,0,27180,0,28560,30
65,431,VAN,BAŞKALE,0,0,0,700,0,0,0,0,0,0,0,0,0,100730,0,263530,0
50,432,NEVŞEHİR,ÜRGÜP,0,2190,0,6170,6160,0,0,0,100,370,0,0,0,10730,5180,32560,80
35,433,İZMİR,URLA,0,0,0,0,0,0,0,0,120,0,0,80,0,1150,1020,3250,0
21,434,DİYARBAKIR,LİCE,30,10,0,110,0,0,0,0,920,0,0,20,0,10070,0,22090,90
35,436,İZMİR,BAYRAKLI,0,0,0,0,0,0,0,0,0,0,0,0,0,0,0,0,0
3,437,AFYONKARAHİSAR,SANDIKLI,0,620,270,830,33430,0,0,0,0,9140,0,150,0,136950,3490,40390,5050
65,438,VAN,EDREMİT,0,910,0,0,40,0,0,0,0,1550,0,320,0,47740,0,41560,0
64,439,UŞAK,EŞME,0,0,0,6070,0,0,0,0,0,0,0,0,0,121390,350,19960,60
13,440,BİTLİS,MUTKİ,0,0,0,0,0,0,0,0,0,0,0,7600,0,2350,0,17250,0
44,441,MALATYA,DARENDE,160,160,0,12430,1560,0,0,0,0,9280,0,0,0,45350,810,108960,20
35,442,İZMİR,KEMALPAŞA,0,0,0,0,0,0,0,0,0,0,0,0,0,14210,0,32980,0
23,443,ELAZIĞ,BASKİL,30,20,0,480,0,0,0,0,40,70,0,0,0,3820,0,9590,0
35,445,İZMİR,KARŞIYAKA,0,0,0,0,0,0,0,0,0,0,0,0,0,0,0,0,0
35,446,İZMİR,BORNOVA,0,0,0,0,0,0,0,0,0,0,0,0,0,1050,0,910,0
38,447,KAYSERİ,İNCESU,0,310,0,560,2150,0,0,0,0,5400,0,0,0,17680,600,95140,40
35,448,İZMİR,ÇİĞLİ,0,0,460,0,0,0,0,0,0,0,9000,0,0,1000,0,4600,50
65,451,VAN,GÜRPINAR,0,510,0,460,100,0,0,0,0,4300,0,0,0,85140,0,156520,0
45,453,MANİSA,AHMETLİ,0,0,0,230,0,0,0,0,14920,0,7460,2660,50,8030,0,38960,0
3,454,AFYONKARAHİSAR,HOCALAR,0,80,0,490,50,0,0,0,0,0,0,0,0,7620,290,8710,0
45,455,MANİSA,TURGUTLU,0,740,0,240,110,0,0,0,21900,0,7420,34620,0,5450,0,38550,0
21,456,DİYARBAKIR,KULP,10,390,0,310,0,40,0,0,470,0,0,10,0,9100,0,19730,390
42,458,KONYA,SARAYÖNÜ,0,11230,4850,33140,9430,0,0,0,0,12180,0,19220,0,217900,11670,388560,0
3,459,AFYONKARAHİSAR,SULTANDAĞI,0,360,0,60,130,0,0,0,0,0,0,0,0,46230,270,74130,10
42,460,KONYA,KADINHANI,0,17190,70740,32660,8210,0,0,0,0,45360,0,42670,0,210460,10500,273400,230
3,461,AFYONKARAHİSAR,ÇOBANLAR,0,0,220,0,2000,0,0,0,0,4130,0,780,0,26870,0,13120,0
50,462,NEVŞEHİR,GÜLŞEHİR,0,2350,120,7710,12740,0,0,0,3430,17300,0,0,0,149120,2450,74490,0
65,463,VAN,GEVAŞ,0,2140,0,1100,1380,0,0,0,0,24570,0,0,0,22570,0,32380,0
45,464,MANİSA,KULA,14820,120,0,3460,140,0,0,0,520,0,0,110,0,92130,580,7030,0
49,465,MUŞ,HASKÖY,0,0,0,0,0,0,0,0,0,0,0,0,0,0,0,0,0
38,466,KAYSERİ,MELİKGAZİ,0,150,0,2290,1930,0,0,0,30,1370,0,0,0,51960,6170,23890,20
23,468,ELAZIĞ,MERKEZ,3510,430,0,2770,250,0,0,0,3450,12210,0,0,0,138270,310,90250,2440
13,469,BİTLİS,GÜROYMAK,0,2060,0,260,740,0,0,0,0,390,0,0,0,34750,0,62840,440
23,470,ELAZIĞ,KEBAN,10,310,0,1390,0,0,0,0,0,0,0,0,0,9420,0,4020,30
45,471,MANİSA,SALİHLİ,0,220,0,600,990,0,0,0,20050,0,14890,22310,0,47940,0,117320,20
23,472,ELAZIĞ,PALU,1040,790,0,830,0,0,0,0,160,0,0,0,0,33150,0,26210,240
68,473,AKSARAY,AĞAÇÖREN,0,270,660,9280,240,0,0,0,350,830,0,0,0,113560,0,70860,0
13,474,BİTLİS,TATVAN,0,46800,0,190,5200,0,0,0,0,20710,0,0,0,11770,0,45100,0
68,475,AKSARAY,ORTAKÖY,0,3930,220,26280,5050,0,0,0,0,12440,0,0,0,248060,0,20820,730
45,476,MANİSA,GÖLMARMARA,0,0,0,150,0,0,0,0,19800,0,17610,5940,0,1200,0,8960,0
35,477,İZMİR,KARABURUN,0,0,0,0,0,0,0,0,0,0,0,0,0,420,0,420,0
3,479,AFYONKARAHİSAR,BOLVADİN,0,390,0,700,6700,0,0,0,0,18230,0,0,0,93380,30,14760,0
35,480,İZMİR,MENEMEN,0,0,4100,0,0,0,0,0,1920,0,89240,3010,0,1590,0,20200,0
23,481,ELAZIĞ,KOVANCILAR,2300,0,0,1240,0,0,0,0,0,6910,0,0,0,77070,0,67330,140
64,482,UŞAK,MERKEZ,0,1510,640,27800,440,0,0,0,1890,4920,0,1460,0,116370,10210,32780,1260
12,483,BİNGÖL,GENÇ,20,420,0,150,260,0,0,0,0,0,0,0,0,3260,0,14270,0
38,484,KAYSERİ,BÜNYAN,0,840,0,22170,35190,0,0,0,90,33700,0,0,0,165580,0,86710,0
3,485,AFYONKARAHİSAR,SİNANPAŞA,0,2110,2070,1070,2290,0,0,0,0,1680,0,0,0,45390,390,46330,20
35,486,İZMİR,FOÇA,0,110,150,0,0,0,0,0,3380,0,9700,890,0,3230,0,8170,790
44,487,MALATYA,KULUNCAK,1390,100,0,4100,60,0,0,0,0,0,0,0,0,13180,790,79370,60
42,488,KONYA,YUNAK,0,14320,37590,5970,6800,0,3650,0,0,71880,0,64170,0,398260,11340,266490,2450
45,489,MANİSA,KÖPRÜBAŞI,0,0,0,50,0,0,0,0,100,0,0,0,0,11510,0,21970,0
68,490,AKSARAY,SARIYAHŞİ,0,0,0,9270,0,0,0,0,0,9360,0,0,0,24390,0,40990,0
38,491,KAYSERİ,MERKEZ,0,3490,0,11700,3800,0,0,0,270,36800,0,0,0,143230,370,182660,30
64,492,UŞAK,BANAZ,0,1260,220,26700,440,0,0,0,480,1040,0,400,0,57140,9780,6940,380
3,493,AFYONKARAHİSAR,MERKEZ,0,780,6250,2100,8940,0,0,0,0,4020,0,1520,0,70850,820,116530,120
45,494,MANİSA,MERKEZ,0,0,0,0,0,0,0,0,2320,0,2340,9270,0,190,0,3840,0
42,495,KONYA,CİHANBEYLİ,200,5310,83310,47030,7970,0,660,0,0,104140,0,114580,0,0,2990,958730,0
58,496,SİVAS,GÜRÜN,0,20,0,72790,770,0,0,0,0,0,0,0,0,212860,17330,234580,10
50,497,NEVŞEHİR,AVANOS,0,140,0,12710,290,0,0,0,1470,5920,0,0,0,161730,13920,194440,0
43,498,KÜTAHYA,DUMLUPINAR,0,30,210,1680,0,0,0,0,0,1590,0,0,0,27410,830,3540,0
45,499,MANİSA,SELENDİ,0,0,0,100,0,0,0,0,110,0,0,0,0,4380,1130,12440,0
49,500,MUŞ,KORKUT,0,0,0,0,0,0,0,0,0,0,0,0,0,0,0,0,0
23,501,ELAZIĞ,AĞIN,0,0,0,2460,0,0,0,0,0,0,0,0,0,14480,0,370,10
38,502,KAYSERİ,AKKIŞLA,0,0,0,1540,0,0,0,0,0,740,0,0,0,14060,810,25410,0
65,503,VAN,SARAY,0,0,0,130,0,0,0,0,0,0,0,0,0,38930,0,159500,0
65,504,VAN,MERKEZ,0,0,0,100,130,0,0,0,0,260,0,0,0,47720,0,102810,0
44,505,MALATYA,HEKİMHAN,180,40,0,9080,0,0,0,0,0,0,0,0,0,7370,0,67230,30
62,507,TUNCELİ,PERTEK,0,0,0,970,0,0,0,0,0,0,0,0,0,7790,0,14530,0
3,508,AFYONKARAHİSAR,İSCEHİSAR,0,140,90,270,70,0,0,0,0,0,0,0,0,2210,20,22730,0
6,509,ANKARA,EVREN,210,200,0,8560,0,0,0,0,20,0,0,80,0,41520,0,31270,250
44,510,MALATYA,ARGUVAN,0,0,0,1820,0,0,0,0,0,1090,0,0,0,83820,0,27760,10
38,511,KAYSERİ,PINARBAŞI,0,1150,0,7460,8290,0,0,0,0,13430,0,0,0,287460,2580,352740,0
50,512,NEVŞEHİR,HACIBEKTAŞ,0,50,3030,39180,0,0,0,0,0,25700,0,0,0,166240,5880,156010,0
43,513,KÜTAHYA,PAZARLAR,0,30,0,30,30,0,0,0,40,0,0,70,0,1840,70,2750,30
42,514,KONYA,ÇELTİK,0,3170,39670,230,2830,0,49900,0,0,70840,0,46950,0,62790,480,67460,8320
45,515,MANİSA,YUNUSEMRE,0,0,0,10,0,0,0,0,840,0,120,2720,0,480,0,3260,0
13,516,BİTLİS,AHLAT,0,5580,40,190,3470,0,0,0,0,670,0,0,0,9390,0,8080,0
62,517,TUNCELİ,MAZGİRT,0,0,0,310,0,0,0,0,0,1280,0,0,0,13390,0,23320,0
35,518,İZMİR,ALİAĞA,0,60,0,50,0,0,0,0,0,0,1150,1170,0,8490,470,12080,0
44,520,MALATYA,ARAPGİR,50,190,0,720,0,0,0,0,0,0,0,0,0,40500,0,32770,20
38,521,KAYSERİ,FELAHİYE,0,430,0,64680,0,0,0,0,0,18910,0,0,0,41200,1800,4340,0
45,522,MANİSA,SARUHANLI,0,0,0,0,0,0,0,0,13300,0,14410,25800,0,5850,0,52600,0
43,523,KÜTAHYA,ŞAPHANE,0,440,10,50,0,0,0,0,0,0,0,10,0,630,90,2470,20
49,524,MUŞ,MERKEZ,0,0,0,0,0,0,0,0,0,0,0,0,0,0,0,0,0
65,525,VAN,TUŞBA,0,7460,0,1050,1490,0,0,0,0,880,0,0,0,185320,0,124560,0
12,526,BİNGÖL,MERKEZ,0,1380,0,1680,30,100,0,0,0,0,0,1180,0,48580,0,29680,40
12,527,BİNGÖL,SOLHAN,0,560,0,220,0,0,0,0,0,0,0,0,0,1240,0,15470,0
38,528,KAYSERİ,ÖZVATAN,390,300,0,6310,110,0,0,0,0,3510,0,0,0,17000,710,14470,0
62,529,TUNCELİ,ÇEMİŞGEZEK,2380,0,0,1180,0,0,0,0,40,0,0,0,0,43220,0,19890,0
3,530,AFYONKARAHİSAR,BAYAT,0,100,100,520,70,0,0,0,0,0,0,0,0,7590,0,8330,30
6,531,ANKARA,ŞEREFLİKOÇHİSAR,3290,140,930,202420,2740,0,0,0,110,17980,0,3180,0,390630,2360,56200,38400
23,532,ELAZIĞ,KARAKOÇAN,0,110,0,270,0,0,0,0,20,0,0,0,0,37050,0,58310,0
13,533,BİTLİS,ADİLCEVAZ,0,33050,0,0,18850,0,0,0,0,14090,0,0,0,73870,0,170660,0
65,536,VAN,ÖZALP,0,0,0,160,180,0,0,0,0,0,0,0,0,97000,0,149350,0
42,537,KONYA,KULU,21930,1210,1640,52170,0,0,0,110,0,14720,0,3630,0,459790,8920,342490,110
45,538,MANİSA,GÖRDES,0,0,0,1530,530,0,0,0,210,0,0,0,0,6680,0,36750,210
40,539,KIRŞEHİR,MUCUR,0,320,6380,61730,900,0,0,0,260,29560,0,0,0,194660,2950,118930,210
38,540,KAYSERİ,SARIOĞLAN,0,250,0,2390,1010,0,0,0,0,38860,0,0,0,83450,940,79600,0
3,541,AFYONKARAHİSAR,İHSANİYE,0,420,5550,1260,9210,0,0,0,0,450,0,0,0,30900,9510,82720,10
43,542,KÜTAHYA,ALTINTAŞ,0,250,110,3230,670,0,0,0,0,41100,0,570,0,90270,0,40710,110
43,543,KÜTAHYA,GEDİZ,0,1340,100,1200,160,0,0,0,0,140,0,240,0,17650,0,13190,360
62,544,TUNCELİ,HOZAT,0,160,0,1680,0,0,0,0,0,0,0,0,0,860,0,2520,0
3,545,AFYONKARAHİSAR,EMİRDAĞ,0,350,35590,4730,11830,0,1700,0,0,75410,0,17220,0,256000,8390,238540,40
45,546,MANİSA,DEMİRCİ,0,170,100,1250,170,0,0,0,30,0,0,90,0,5660,180,15020,20
66,547,YOZGAT,ÇANDIR,0,20,0,31340,1150,0,0,0,30,8420,0,0,0,7320,40,41650,0
26,548,ESKİŞEHİR,HAN,0,0,0,20,0,0,0,0,0,0,0,0,0,1480,30,15120,0
66,549,YOZGAT,YENİFAKILI,0,0,0,13040,270,0,0,70,10,54040,0,0,0,91780,0,47400,0
35,550,İZMİR,KINIK,0,0,0,0,0,0,0,0,12930,0,28840,13080,0,1640,0,11360,0
45,551,MANİSA,AKHİSAR,0,30,0,2190,0,0,0,0,14790,0,13210,7500,0,12580,370,93720,260
50,552,NEVŞEHİR,KOZAKLI,11850,100,0,8640,10,0,0,0,50,14070,0,0,0,202460,930,160950,0
43,553,KÜTAHYA,HİSARCIK,0,10,0,10,100,0,0,0,0,0,0,20,0,1360,10,5560,0
58,554,SİVAS,ALTINYAYLA,0,0,0,70,1190,0,0,0,0,1900,0,0,0,50450,11800,55330,0
12,555,BİNGÖL,YAYLADERE,0,430,0,0,0,0,0,0,0,0,0,0,0,0,0,2650,0
24,556,ERZİNCAN,KEMALİYE,310,1260,0,3920,0,0,0,0,0,0,0,0,0,37110,0,26810,0
62,557,TUNCELİ,MERKEZ,0,30,0,110,0,0,0,0,0,0,0,0,0,1760,0,2340,10
62,558,TUNCELİ,NAZIMİYE,0,0,0,0,0,0,0,0,3020,0,0,0,0,1780,0,1960,0
40,559,KIRŞEHİR,BOZTEPE,0,0,45450,53440,0,0,0,0,0,2350,0,0,0,224490,4070,59830,0
58,560,SİVAS,GEMEREK,0,270,0,6440,8050,0,0,0,0,28130,0,0,0,75090,2240,89040,40
43,561,KÜTAHYA,ÇAVDARHİSAR,0,220,0,870,540,0,0,0,0,2330,0,0,0,10010,220,43780,0
66,562,YOZGAT,BOĞAZLIYAN,10300,7400,5510,102930,17390,0,0,0,60,249310,0,3320,0,199260,0,123250,240
40,563,KIRŞEHİR,KAMAN,2550,420,3180,386760,180,0,0,0,270,600,0,780,0,23070,60,115720,210
58,564,SİVAS,KANGAL,650,0,50,8730,7270,0,0,0,0,4320,0,0,0,156380,11850,292550,0
43,565,KÜTAHYA,ASLANAPA,0,90,0,910,120,0,0,0,0,7230,0,240,0,8850,200,65650,0
65,566,VAN,MURADİYE,0,40,0,0,140,0,0,0,0,5370,0,0,0,63200,0,52200,0
35,567,İZMİR,DİKİLİ,0,0,9780,0,1740,0,0,0,980,0,19920,7110,0,1050,0,17470,1040
12,568,BİNGÖL,ADAKLI,0,30,0,0,20,0,0,0,0,0,0,0,0,470,0,4020,0
40,569,KIRŞEHİR,MERKEZ,1430,830,13870,111390,6460,0,0,0,40,17950,0,40,0,341570,6800,117730,410
49,570,MUŞ,VARTO,0,0,0,0,0,0,0,0,0,0,0,0,0,0,0,0,0
49,571,MUŞ,BULANIK,0,0,0,0,0,0,0,0,0,0,0,0,0,0,0,0,0
26,572,ESKİŞEHİR,ÇİFTELER,0,290,19590,2220,5230,0,240,0,0,61500,0,22670,0,90700,3550,194310,1680
12,573,BİNGÖL,KİĞI,0,170,0,0,0,0,0,0,0,0,0,0,0,1450,0,5210,0
66,574,YOZGAT,ÇAYIRALAN,0,70,0,30110,140,0,0,0,10,160,0,0,0,8180,110,45410,0
45,575,MANİSA,KIRKAĞAÇ,0,360,0,780,0,0,0,0,5220,0,1040,26210,0,2560,0,22570,0
26,576,ESKİŞEHİR,GÜNYÜZÜ,0,80,0,980,40,0,920,20,0,9880,0,0,0,42690,3480,55580,1540
10,577,BALIKESİR,SINDIRGI,0,930,340,1370,80,0,0,0,5300,0,0,130,0,2930,660,50130,50
71,578,KIRIKKALE,ÇELEBİ,0,200,810,16530,0,0,0,0,0,2190,0,6510,0,23770,0,52150,0
12,580,BİNGÖL,KARLIOVA,0,9120,0,0,1370,0,0,0,0,0,0,0,0,7600,0,58120,0
62,581,TUNCELİ,OVACIK,0,24630,0,3040,0,0,0,0,0,0,0,0,0,20,0,7530,0
58,582,SİVAS,ULAŞ,0,0,0,80,1530,0,0,0,0,6660,0,0,0,57420,3570,69920,0
35,586,İZMİR,BERGAMA,0,0,17130,170,200,0,0,0,20250,0,109970,33620,0,28490,40,28980,30
66,588,YOZGAT,ŞEFAATLİ,7320,150,210,78840,550,0,0,0,0,29720,0,0,0,137730,0,175780,0
43,589,KÜTAHYA,EMET,0,40,0,390,80,0,0,0,0,90,0,10,0,2650,360,13050,10
10,590,BALIKESİR,AYVALIK,0,530,9380,500,3120,0,0,0,2020,0,17790,3950,0,4030,0,32090,0
45,592,MANİSA,SOMA,0,150,100,950,0,0,0,0,2200,0,1120,1210,0,3750,0,32780,440
6,593,ANKARA,HAYMANA,80,30,1170,4140,0,0,10,0,0,380,0,70,0,25220,2020,18490,480
71,594,KIRIKKALE,KARAKEÇİLİ,120,290,1740,13260,0,0,0,0,0,370,0,4620,0,30400,0,18850,0
12,595,BİNGÖL,YEDİSU,0,3170,0,160,0,0,0,0,0,0,0,0,0,870,0,7140,0
65,597,VAN,ERCİŞ,0,1050,0,320,3430,0,0,0,0,9050,0,0,0,213420,0,207550,0
66,598,YOZGAT,SARIKAYA,1290,710,560,63910,580,0,0,0,0,32820,0,0,0,141920,1420,130660,0
4,599,AĞRI,PATNOS,0,0,2460,550,450,0,0,0,0,41420,0,0,0,169890,0,242430,0
40,600,KIRŞEHİR,AKPINAR,0,6440,320,18120,20,0,0,0,0,1210,0,0,0,85830,240,85240,0
43,602,KÜTAHYA,SİMAV,0,1310,1230,980,580,0,0,0,70,0,0,800,0,2010,440,25140,440
25,604,ERZURUM,KARAÇOBAN,0,4780,0,0,60,0,0,0,0,0,0,0,0,22200,0,143630,0
26,605,ESKİŞEHİR,SEYİTGAZİ,0,220,16570,1820,810,0,70,0,50,11370,0,16610,0,78930,2430,139610,3040
58,606,SİVAS,DİVRİĞİ,140,450,0,1880,2430,0,0,0,0,780,0,0,0,39570,2780,63350,0
65,608,VAN,ÇALDIRAN,0,0,0,50,240,0,0,0,0,0,0,0,0,82140,0,109310,0
58,609,SİVAS,ŞARKIŞLA,0,100,1340,1610,5970,0,0,0,0,18150,0,0,0,200950,6240,155750,20
10,610,BALIKESİR,GÖMEÇ,0,3180,0,0,0,0,0,0,2610,0,0,0,0,11430,450,49790,160
62,611,TUNCELİ,PÜLÜMÜR,0,10550,0,0,0,0,0,0,0,0,0,0,0,5830,0,7120,0
26,612,ESKİŞEHİR,MAHMUDİYE,0,210,33400,1400,2200,0,0,0,0,39510,0,24200,0,59390,8890,154050,5180
49,613,MUŞ,MALAZGİRT,0,0,0,0,0,0,0,0,0,0,0,0,0,0,0,0,0
6,614,ANKARA,BALA,10010,480,6160,57850,780,0,0,0,0,3280,0,6410,0,311260,38200,260150,4880
10,615,BALIKESİR,BİGADİÇ,0,380,380,2420,180,0,0,0,3310,0,10,680,0,5600,0,60890,160
25,616,ERZURUM,HINIS,0,9060,0,340,180,0,0,0,0,230,0,0,0,52740,0,263330,0
26,617,ESKİŞEHİR,SİVRİHİSAR,0,100,6800,14160,1490,0,850,0,0,28680,0,7830,0,130820,6900,162870,2400
40,618,KIRŞEHİR,AKÇAKENT,0,0,90,21760,0,0,0,0,0,0,0,0,0,39310,0,29130,0
10,619,BALIKESİR,SAVAŞTEPE,0,4980,190,2990,0,0,0,0,4150,0,0,980,0,9950,1660,26910,330
40,620,KIRŞEHİR,ÇİÇEKDAĞI,1390,0,0,42820,0,0,0,0,0,4300,0,0,0,169770,0,97040,100
10,621,BALIKESİR,BURHANİYE,0,3020,0,130,0,0,0,0,17690,0,0,0,0,6430,2030,37210,0
71,622,KIRIKKALE,KESKİN,0,1390,190,128490,0,0,0,0,0,650,0,3210,0,111750,0,138050,0
43,623,KÜTAHYA,MERKEZ,10,190,110,7140,270,0,10,0,0,2910,0,40,0,28000,350,95210,30
71,624,KIRIKKALE,BAHŞİLİ,0,0,0,10280,0,0,0,0,0,0,0,0,0,9830,0,23940,0
6,625,ANKARA,GÖLBAŞI,60,70,4180,36730,0,0,0,0,0,0,0,0,0,164870,40060,189330,100
24,626,ERZİNCAN,İLİÇ,0,350,0,190,90,0,0,0,0,0,0,0,0,52100,640,39710,10
24,627,ERZİNCAN,ÜZÜMLÜ,0,90,0,10,0,0,0,0,0,3590,0,0,0,650,40,4530,30
26,628,ESKİŞEHİR,MERKEZ,0,380,7020,3610,1700,0,0,0,170,13730,0,32770,0,67430,7180,106690,3140
43,629,KÜTAHYA,TAVŞANLI,0,40,0,560,460,0,0,0,0,260,0,60,0,14650,230,24510,10
10,630,BALIKESİR,İVRİNDİ,0,490,0,1310,0,0,0,0,810,0,0,0,0,11940,3570,91020,0
4,631,AĞRI,HAMUR,0,0,0,0,30,0,0,0,0,300,0,0,0,26340,40,65230,0
66,632,YOZGAT,SARAYKENT,0,80,230,8340,30,0,0,0,10,480,0,0,0,7100,30,24420,240
24,633,ERZİNCAN,KEMAH,0,60,0,10,130,0,0,0,0,0,0,0,0,4340,130,4220,0
4,634,AĞRI,TUTAK,6260,0,29070,13340,0,0,0,0,0,1540,0,0,0,193780,0,130960,0
25,635,ERZURUM,ÇAT,0,0,0,0,0,0,0,0,0,0,0,0,0,5010,0,58240,0
6,636,ANKARA,POLATLI,0,460,8120,20640,840,0,10700,50,110,56850,0,13190,0,311500,9170,829310,65740
16,637,BURSA,HARMANCIK,0,0,0,0,0,0,0,0,0,0,0,0,0,0,0,0,0
26,638,ESKİŞEHİR,BEYLİKOVA,0,400,640,1860,240,0,0,0,0,13240,0,5380,0,67070,2830,101260,1420
10,639,BALIKESİR,DURSUNBEY,0,20,160,1330,80,0,0,0,0,0,0,90,0,2240,130,19370,110
26,640,ESKİŞEHİR,İNÖNÜ,0,280,6480,1920,120,0,0,0,0,7200,0,940,0,17750,250,27530,60
6,641,ANKARA,ÇANKAYA,0,0,790,10380,0,0,0,0,0,0,0,30,0,13040,1700,29600,0
66,642,YOZGAT,AKDAĞMADENİ,0,450,280,11530,2860,0,0,0,0,2330,0,10,0,63790,620,65560,150
66,643,YOZGAT,YERKÖY,830,310,340,52700,270,0,0,0,40,16240,0,420,0,126510,170,257870,130
10,644,BALIKESİR,ALTIEYLÜL,0,80,1250,6620,0,0,0,0,21990,0,0,3020,0,10910,660,139540,8490
43,645,KÜTAHYA,DOMANİÇ,0,90,0,90,60,0,0,0,0,0,0,0,0,1860,220,5770,20
17,646,ÇANAKKALE,AYVACIK,0,0,0,0,0,0,0,0,0,0,0,0,0,10,0,30,0
4,647,AĞRI,DİYADİN,0,0,0,0,0,0,0,0,0,90,0,0,0,45300,0,126900,0
10,648,BALIKESİR,HAVRAN,0,280,0,0,0,0,0,0,480,0,0,0,0,1460,860,4000,0
24,649,ERZİNCAN,MERKEZ,0,7960,0,210,50,0,0,0,0,15060,0,0,0,27540,1250,66150,60
16,650,BURSA,BÜYÜK ORHAN,0,0,0,0,0,0,0,0,0,0,0,0,0,0,0,0,0
6,651,ANKARA,ETİMESGUT,0,0,0,17780,0,0,0,0,0,3370,0,0,0,29390,1040,28200,220
25,652,ERZURUM,TEKMAN,0,0,0,0,0,0,0,0,0,0,0,0,0,8310,0,75800,0
6,653,ANKARA,MAMAK,600,0,0,10890,0,0,0,0,0,0,0,0,0,23220,1290,12580,0
71,654,KIRIKKALE,YAHŞİHAN,0,0,0,8510,0,0,0,0,80,0,0,100,0,15960,0,31580,670
10,655,BALIKESİR,EDREMİT,0,0,0,0,0,0,0,0,4870,0,0,0,0,0,0,52680,0
66,656,YOZGAT,MERKEZ,490,1140,5840,196000,300,0,0,0,0,11240,0,160,0,130770,1060,264670,350
58,657,SİVAS,İMRANLI,0,0,0,520,0,0,0,0,0,0,0,0,0,4770,1440,17770,0
24,658,ERZİNCAN,TERCAN,40,1160,0,1710,2380,0,0,0,0,23840,0,0,0,92980,480,163690,0
10,659,BALIKESİR,KEPSUT,0,300,60,3630,0,0,0,0,3290,0,0,150,0,4070,0,64030,130
6,660,ANKARA,MERKEZ,0,0,0,0,0,0,0,0,0,0,0,0,0,0,0,0,0
6,661,ANKARA,ELMADAĞ,490,80,2500,16920,0,0,0,0,50,0,0,0,0,68180,810,35730,260
71,662,KIRIKKALE,MERKEZ,50,450,110,13900,20,0,0,0,110,40,0,260,0,14950,0,54480,0
66,663,YOZGAT,SORGUN,0,980,1890,203670,310,0,0,0,20,13410,0,0,0,58290,0,327130,440
25,664,ERZURUM,KARAYAZI,0,0,0,0,0,0,0,0,0,0,0,0,0,101990,0,49160,0
60,665,TOKAT,YEŞİLYURT,0,180,0,1140,420,0,0,0,0,15760,0,0,0,22060,1510,18540,40
11,666,BİLECİK,BOZÜYÜK,0,260,1550,1990,40,0,0,0,0,380,0,10,0,10160,0,30370,10
26,667,ESKİŞEHİR,TEPEBAŞI,0,430,9820,3960,2080,0,0,0,240,11970,0,25000,0,86840,3690,121620,2220
60,668,TOKAT,SULUSARAY,0,170,340,1440,0,0,0,0,0,10030,0,0,0,16430,190,47700,30
66,669,YOZGAT,KADIŞEHRİ,0,40,0,4480,0,0,0,0,0,5120,0,0,0,58870,0,24110,620
71,670,KIRIKKALE,BALIŞEYH,160,720,2570,29770,0,0,0,0,80,3870,0,0,0,19460,0,203940,0
19,671,ÇORUM,BOĞAZKALE,0,20,1130,4330,0,0,0,0,0,1520,0,0,0,8710,0,38580,0
6,672,ANKARA,YENİMAHALLE,0,0,0,2340,0,0,0,0,0,0,0,0,0,11610,10,19880,0
26,673,ESKİŞEHİR,MİHALIÇÇIK,0,90,10,2780,140,0,0,0,10,6370,0,1110,0,64340,1140,71180,3690
4,674,AĞRI,DOĞUBAYAZIT,0,0,0,0,0,0,0,0,0,0,0,0,0,113010,0,231840,0
24,675,ERZİNCAN,REFAHİYE,0,40,0,170,30,0,0,0,0,0,0,0,0,3530,960,12730,0
4,676,AĞRI,TAŞLIÇAY,0,0,0,180,10,0,0,0,0,340,0,0,0,56180,200,81580,0
10,677,BALIKESİR,KARESİ,0,120,14000,3030,0,0,0,0,1490,0,0,210,20,5890,6340,158340,530
26,678,ESKİŞEHİR,ALPU,60,120,9120,2530,2940,0,0,0,0,28750,0,41350,0,85410,8190,98500,1320
24,679,ERZİNCAN,ÇAYIRLI,0,13210,130,80,2810,0,0,0,0,7310,0,0,0,39030,0,69110,0
10,680,BALIKESİR,BALYA,0,200,0,1400,0,0,0,0,0,0,0,0,0,16320,27100,78580,0
26,681,ESKİŞEHİR,MİHALGAZİ,0,0,0,0,0,0,0,0,0,0,0,0,0,0,0,0,0
6,682,ANKARA,SİNCAN,0,10,2980,40500,450,0,0,0,0,11850,0,210,0,111680,3750,125530,9300
17,683,ÇANAKKALE,BOZCAADA,0,40,0,0,0,0,0,0,70,0,0,0,0,670,180,1960,0
25,684,ERZURUM,PALANDÖKEN,0,140,0,0,1610,0,0,0,0,0,0,0,0,6850,0,27210,0
24,685,ERZİNCAN,OTLUKBELİ,0,330,0,0,0,0,0,0,0,0,0,0,0,17890,0,8840,0
16,686,BURSA,KELES,0,0,0,0,0,0,0,0,0,0,0,0,0,0,0,0,0
58,687,SİVAS,MERKEZ,20,110,30,580,5020,0,0,0,0,7320,0,0,0,67590,28050,243900,30
11,688,BİLECİK,PAZARYERİ,0,270,110,70,0,0,0,0,0,0,0,10,0,2530,1620,18390,0
6,689,ANKARA,ALTINDAĞ,0,10,0,430,0,0,0,0,10,0,0,0,0,3280,110,9380,0
71,690,KIRIKKALE,DELİCE,0,20,610,29990,30,0,0,0,50,1560,0,80,0,78240,0,230870,20
58,691,SİVAS,GÖLOVA,0,450,0,490,0,0,0,0,0,0,0,0,0,8600,260,7110,0
58,692,SİVAS,AKINCILAR,0,1310,0,2270,540,0,0,0,0,13110,0,2100,0,23750,580,7860,10
6,693,ANKARA,AKYURT,0,60,0,23790,10,0,0,0,0,200,0,0,0,42480,40,28370,0
4,694,AĞRI,ELEŞKİRT,0,0,0,260,0,0,0,0,0,4840,0,0,0,95100,810,130080,0
26,695,ESKİŞEHİR,SARICAKAYA,0,10,0,0,0,0,0,0,0,0,0,170,0,1080,50,4880,20
11,696,BİLECİK,İNHİSAR,0,0,0,0,0,0,0,0,0,0,0,0,0,130,0,1770,0
60,697,TOKAT,ARTOVA,0,110,40,12670,710,0,0,0,0,7290,0,0,0,10220,3380,35470,0
58,698,SİVAS,YILDIZELİ,10,160,0,3110,8720,0,0,0,0,25660,0,0,0,54900,5640,230990,10
16,699,BURSA,ORHANELİ,0,0,0,0,0,0,0,0,0,0,0,0,0,0,0,0,0
25,700,ERZURUM,AŞKALE,0,160,0,390,280,0,0,0,0,2160,0,0,0,23820,13360,142820,0
6,701,ANKARA,PURSAKLAR,0,0,0,7980,0,0,0,0,0,0,0,0,0,14880,0,28720,20
66,702,YOZGAT,ÇEKEREK,0,250,100,2250,40,0,0,0,0,360,0,0,0,10700,0,53380,290
58,703,SİVAS,ZARA,0,50,0,370,210,0,0,0,0,2910,0,0,0,22930,6570,33450,0
66,704,YOZGAT,AYDINCIK,0,170,1360,7510,2230,0,0,0,0,3290,0,0,0,12380,980,30980,4380
11,705,BİLECİK,SÖĞÜT,0,0,0,170,0,0,0,0,0,0,0,0,0,4690,170,20260,10
58,706,SİVAS,HAFİK,0,0,0,200,2780,0,0,0,0,13070,0,0,0,7880,3230,87300,0
6,707,ANKARA,AYAŞ,80,120,220,37200,150,0,0,0,100,2810,0,110,0,83950,1720,105680,2230
17,708,ÇANAKKALE,EZİNE,0,2580,8160,1520,0,15620,0,0,8350,0,730,5820,80,31370,1560,74670,230
28,710,GİRESUN,ÇAMOLUK,0,0,0,0,0,0,0,0,0,0,0,0,0,0,0,0,0
17,711,ÇANAKKALE,BAYRAMİÇ,0,1230,440,2970,0,0,1200,0,3650,0,0,1220,250,44230,7170,94780,190
4,712,AĞRI,MERKEZ,0,0,470,290,250,0,0,0,0,3120,0,0,0,188370,2950,166500,0
60,713,TOKAT,PAZAR,0,190,8510,130,100,0,0,0,1650,4480,0,19450,0,2320,0,12660,760
58,714,SİVAS,DOĞANŞAR,0,0,0,0,0,0,0,0,0,0,0,0,0,320,80,760,0
19,715,ÇORUM,ALACA,0,180,68130,100960,3300,0,0,0,140,19900,0,300,0,76510,740,209560,32040
6,716,ANKARA,KAZAN,0,1210,0,12280,510,0,0,0,0,4940,0,480,0,56010,270,64770,500
10,717,BALIKESİR,SUSURLUK,0,1440,38650,1820,0,1300,0,0,4490,320,0,3590,0,7800,4630,103900,450
71,718,KIRIKKALE,SULAKYURT,70,130,0,26480,50,3260,0,0,70,880,0,0,0,39470,0,104250,30
16,719,BURSA,İNEGÖL,50,210,8750,310,6190,0,1370,0,930,290,0,700,0,3180,1370,54540,300
76,720,IĞDIR,ARALIK,0,0,0,0,360,14620,0,0,0,0,21390,5590,0,30870,0,85920,0
25,721,ERZURUM,KÖPRÜKÖY,0,50,0,10,170,0,0,0,0,2980,0,0,0,7070,0,102060,0
11,722,BİLECİK,YENİPAZAR,0,10,250,30,0,0,10,0,0,0,0,0,0,2380,0,6640,0
17,723,ÇANAKKALE,YENİCE,0,250,0,70,0,50,0,0,1600,0,0,100,0,3000,1660,11600,0
69,724,BAYBURT,DEMİRÖZÜ,0,260,0,600,2140,0,0,0,0,12680,0,0,0,31620,410,48260,0
29,725,GÜMÜŞHANE,KELKİT,100,4450,0,650,4020,0,0,0,0,3060,0,0,0,52290,300,93280,40
76,726,IĞDIR,MERKEZ,0,400,0,1050,1670,0,0,0,0,4160,330,76040,0,75380,0,205960,0
16,727,BURSA,MUSTAFAKEMALPAŞA,0,1960,2280,1710,250,120,30,0,49070,1690,0,27310,0,15510,11030,85560,1100
16,728,BURSA,YILDIRIM,0,0,0,0,0,0,0,0,0,0,0,0,0,0,0,0,0
25,729,ERZURUM,PASİNLER,0,300,580,0,32970,0,0,0,0,12650,0,0,0,25660,0,138130,0
19,730,ÇORUM,ORTAKÖY,0,80,0,3330,40,0,0,0,90,80,0,80,0,6080,100,22220,80
10,731,BALIKESİR,MANYAS,0,1930,14190,840,0,65670,400,0,2800,120,0,1980,0,12100,3330,88440,130
76,732,IĞDIR,KARAKOYUNLU,0,0,0,0,0,0,0,0,0,1330,0,14530,0,8300,0,56810,0
29,733,GÜMÜŞHANE,KÖSE,0,570,0,1520,130,0,0,0,0,400,0,0,0,45090,0,53950,0
6,734,ANKARA,KALECİK,0,100,0,16300,10,0,0,0,0,3880,0,380,0,85610,0,152610,10
25,735,ERZURUM,YAKUTİYE,0,0,0,0,3670,0,0,0,0,0,0,0,0,31420,0,91200,0
11,736,BİLECİK,MERKEZ,0,180,3860,20,20,0,1170,0,0,0,0,10,0,5640,180,44180,470
6,737,ANKARA,NALLIHAN,0,30,0,830,170,1520,0,70,0,290,0,0,0,43560,0,70740,490
6,738,ANKARA,GÜDÜL,0,0,0,1280,0,0,0,0,0,60,0,0,0,19680,0,21610,0
17,739,ÇANAKKALE,ÇAN,0,1380,1100,440,0,0,580,0,490,0,0,0,0,45130,17840,95810,1270
29,740,GÜMÜŞHANE,ŞİRAN,210,4770,0,340,1250,0,0,0,0,640,0,0,0,5690,80,38740,0
76,741,IĞDIR,TUZLUCA,0,910,0,0,100,0,0,0,0,0,0,10,0,99610,0,219050,0
16,742,BURSA,NİLÜFER,0,290,14000,160,10,0,80,0,10,0,0,750,0,7400,100,48380,80
60,743,TOKAT,ZİLE,0,1530,60440,3100,380,0,0,0,380,17010,0,0,0,64790,2300,266540,15300
16,744,BURSA,KESTEL,0,50,780,30,40,0,20,0,60,0,0,10,0,1580,260,10030,40
16,745,BURSA,GÜRSU,0,0,0,0,0,0,0,0,0,0,0,0,0,160,0,890,0
58,746,SİVAS,SUŞEHRİ,0,940,0,1130,470,0,0,0,0,1670,0,1470,0,9650,100,43570,0
60,747,TOKAT,ALMUS,0,80,0,300,170,0,0,0,30,500,0,20,0,2710,530,8120,10
11,748,BİLECİK,GÖLPAZARI,0,120,5860,50,0,0,30,0,220,0,0,40,0,7670,0,22130,20
6,749,ANKARA,BEYPAZARI,0,30,0,25600,30,0,0,0,0,1030,0,0,0,77900,720,128190,1010
19,750,ÇORUM,SUNGURLU,0,110,3060,49220,130,900,40,0,1210,9210,0,110,0,160670,350,379560,720
16,751,BURSA,YENİŞEHİR,0,600,35700,250,2450,860,690,0,1990,1520,0,21820,0,19490,110,96650,5910
16,752,BURSA,OSMANGAZİ,230,3420,50,530,4030,0,50,0,630,0,0,180,0,1470,0,5560,850
25,753,ERZURUM,AZİZİYE,0,810,0,170,2480,0,0,0,0,28280,0,0,0,54700,0,146350,0
25,754,ERZURUM,HORASAN,0,80,0,0,260,0,0,0,0,880,0,0,0,75360,0,246090,0
18,755,ÇANKIRI,KIZILIRMAK,0,160,0,3770,0,27600,0,0,130,0,0,0,0,58440,0,127080,0
17,756,ÇANAKKALE,MERKEZ,0,1420,18380,1540,0,7460,0,0,1210,0,0,9150,0,22030,1680,64780,300
5,757,AMASYA,GÖYNÜCEK,0,110,9820,1590,180,210,0,0,40,3680,0,4980,0,17110,0,56140,4090
58,758,SİVAS,KOYULHİSAR,0,0,0,0,10,0,0,0,0,0,0,0,0,460,0,2080,0
10,759,BALIKESİR,GÖNEN,0,1870,20140,3370,70,79600,4680,0,2530,190,0,1980,90,25120,11240,139570,370
16,760,BURSA,MUDANYA,0,250,7160,90,100,0,0,0,130,0,0,160,0,4620,100,17320,700
6,761,ANKARA,ÇUBUK,1040,220,0,15250,330,0,0,0,0,0,0,0,0,99790,0,44950,0
60,762,TOKAT,MERKEZ,0,2250,340,25340,2860,0,0,0,660,38470,0,7070,0,52840,1760,61500,8800
28,763,GİRESUN,ŞEBİNKARAHİSAR,0,0,0,0,0,0,0,0,0,0,0,0,0,0,0,0,0
17,764,ÇANAKKALE,GÖKÇEADA,0,180,0,0,0,0,0,0,140,0,0,680,0,3730,270,2420,0
10,765,BALIKESİR,BANDIRMA,0,420,69150,680,0,3850,6410,10,11540,790,60,11060,0,30670,120,186260,0
16,766,BURSA,KARACABEY,0,3190,16350,3440,190,16020,140,20,66980,2650,0,54460,0,34310,130,118660,14180
19,767,ÇORUM,UĞURLUDAĞ,0,30,3490,1610,290,7790,0,0,0,0,0,0,0,49020,0,42670,30
14,768,BOLU,GÖYNÜK,0,1560,8640,170,70,0,0,0,0,0,0,0,0,10290,460,38970,0
60,769,TOKAT,TURHAL,0,460,17150,740,590,0,0,0,1130,4790,0,4610,0,11810,210,91870,2730
54,770,SAKARYA,TARAKLI,0,120,940,110,0,0,0,0,0,0,0,10,0,1830,180,9820,0
60,771,TOKAT,REŞADİYE,0,0,0,70,120,0,0,0,0,0,0,0,0,740,70,6960,10
11,772,BİLECİK,OSMANELİ,0,90,660,40,0,0,0,0,1100,0,0,0,0,2760,0,18420,160
18,773,ÇANKIRI,ŞABANÖZÜ,0,110,0,1160,20,0,0,0,0,0,0,0,0,17620,0,48580,0
36,774,KARS,KAĞIZMAN,0,0,0,0,10,0,0,0,0,0,0,0,0,103510,0,62330,0
25,775,ERZURUM,NARMAN,0,130,0,0,350,0,0,0,0,0,0,110,0,9040,0,27560,0
28,776,GİRESUN,ALUCRA,0,0,0,0,0,0,0,0,0,0,0,0,0,0,0,0,0
18,777,ÇANKIRI,ELDİVAN,0,100,0,1790,330,0,0,0,0,0,0,0,0,12220,0,15900,0
69,779,BAYBURT,MERKEZ,0,2840,0,2690,4460,0,0,0,0,1620,0,0,0,170740,1480,193410,0
60,780,TOKAT,BAŞÇİFTLİK,0,0,0,0,290,0,0,0,0,0,0,0,0,40,0,1810,0
14,781,BOLU,SEBEN,0,110,0,0,190,20,0,0,0,0,0,0,0,4620,0,15030,0
6,782,ANKARA,ÇAMLIDERE,0,10,0,20,20,0,0,0,0,0,0,0,0,1850,2150,1570,0
14,783,BOLU,KIBRISCIK,0,0,0,0,0,190,0,0,0,0,0,0,0,2040,0,3470,0
17,784,ÇANAKKALE,LÂPSEKİ,0,660,7000,740,0,80,1500,0,1540,0,0,500,0,18170,4370,75300,100
69,785,BAYBURT,AYDINTEPE,0,900,0,440,3130,0,0,0,0,3300,0,0,0,17430,1040,15070,0
19,786,ÇORUM,MECİTÖZÜ,0,180,63400,1610,280,0,0,0,260,5570,0,160,0,48920,0,89600,6500
16,787,BURSA,ORHANGAZİ,0,270,0,0,0,3890,0,0,390,0,0,140,0,1910,160,10380,60
17,788,ÇANAKKALE,ECEABAT,0,460,26640,190,0,0,640,0,80,0,0,50,0,10080,150,44910,50
36,789,KARS,SARIKAMIŞ,0,0,0,0,0,0,0,0,0,0,0,0,0,84430,0,68330,0
16,790,BURSA,GEMLİK,0,0,0,0,0,0,0,0,0,0,0,0,0,0,0,0,0
54,791,SAKARYA,PAMUKOVA,0,230,0,0,0,0,0,0,1450,450,0,0,0,2580,0,6770,620
17,792,ÇANAKKALE,BİGA,0,1450,18950,1620,0,86740,2320,50,14030,0,0,26310,0,60640,14130,160310,1260
14,793,BOLU,MUDURNU,0,10,0,0,270,0,0,0,0,0,0,0,0,9070,60,59490,0
16,794,BURSA,İZNİK,0,30,480,0,120,0,0,0,0,0,0,580,0,2620,380,5120,0
25,797,ERZURUM,TORTUM,0,390,0,0,2890,0,0,0,0,0,0,40,0,880,0,6020,0
10,798,BALIKESİR,ERDEK,0,970,40,10,0,0,0,0,100,0,0,50,0,770,0,4900,1460
77,799,YALOVA,ARMUTLU,0,0,0,0,0,0,0,0,0,0,0,0,0,0,0,0,0
25,801,ERZURUM,PAZARYOLU,0,2660,0,0,90,0,0,0,0,0,0,30,0,27940,0,33510,0
60,802,TOKAT,NİKSAR,0,1270,1110,740,2610,0,0,0,170,1220,0,4750,0,4560,280,57880,1820
19,803,ÇORUM,MERKEZ,0,140,87740,15110,6250,620,0,0,280,7370,0,490,0,162200,650,201670,19900
54,804,SAKARYA,GEYVE,0,0,730,0,0,0,0,0,0,0,0,80,0,2140,0,6700,30
52,805,ORDU,AYBASTI,0,0,0,0,0,0,0,0,0,0,0,0,0,0,0,0,0
52,806,ORDU,MESUDİYE,0,0,0,0,0,0,0,0,0,0,0,0,0,0,0,0,0
29,809,GÜMÜŞHANE,TORUL,0,150,0,0,500,0,0,0,0,0,0,0,0,400,0,930,0
18,810,ÇANKIRI,ORTA,0,40,0,350,70,0,0,0,0,0,0,0,0,5510,0,44430,0
6,811,ANKARA,KIZILCAHAMAM,0,130,0,610,130,0,0,0,30,0,0,0,0,9890,130,37270,210
77,812,YALOVA,TERMAL,0,0,0,0,0,0,0,0,0,0,0,0,0,1340,390,1500,0
54,813,SAKARYA,KARAPÜRÇEK,0,10,0,0,0,0,0,0,0,0,0,750,0,30,0,110,0
77,815,YALOVA,ÇINARCIK,0,0,0,0,0,0,0,0,0,0,0,0,0,1180,2670,2530,0
52,816,ORDU,GÖLKÖY,0,0,0,0,0,0,0,0,0,0,0,0,0,0,0,0,0
36,817,KARS,DİGOR,0,0,0,0,80,0,0,0,0,0,0,0,0,168440,0,169160,0
77,818,YALOVA,MERKEZ,0,0,0,0,0,0,0,0,0,0,0,0,0,7950,3800,6160,0
14,819,BOLU,DÖRTDİVAN,0,0,0,0,2630,0,0,0,0,0,0,0,0,2320,30,14400,0
18,820,ÇANKIRI,MERKEZ,0,190,1400,38040,230,7040,0,0,0,2850,0,0,0,59030,1310,210560,120
54,821,SAKARYA,SAPANCA,0,0,0,0,0,0,0,0,0,0,0,230,0,0,0,210,0
52,822,ORDU,KABATAŞ,0,0,0,0,0,0,0,0,0,0,0,0,0,0,0,0,0
29,823,GÜMÜŞHANE,MERKEZ,0,2780,0,0,4460,0,0,0,0,0,0,10,0,2920,0,11080,0
41,824,KOCAELİ,KARAMÜRSEL,0,320,380,70,30,0,0,0,230,0,0,140,0,8300,2570,9980,10
18,825,ÇANKIRI,KORGUN,0,100,0,0,150,0,0,0,70,0,0,0,0,2060,0,900,0
77,826,YALOVA,ÇİFTLİKKÖY,0,0,1510,0,0,0,0,0,0,0,0,0,0,5490,2380,9230,0
54,827,SAKARYA,ARİFİYE,0,0,0,0,0,0,0,0,0,60,0,14810,0,60,0,50,0
41,828,KOCAELİ,GÖLCÜK,0,100,0,0,0,0,0,0,0,0,0,490,0,60,290,1350,0
41,829,KOCAELİ,BAŞİSKELE,0,0,0,0,0,0,0,0,0,0,0,1890,0,0,0,860,20
19,830,ÇORUM,BAYAT,0,0,27420,1610,270,8070,0,0,600,0,0,270,0,57180,160,41010,0
19,831,ÇORUM,OĞUZLAR,0,60,0,0,0,0,0,0,0,0,0,0,0,730,0,4600,0
19,832,ÇORUM,LÂÇİN,0,50,310,90,50,1570,0,0,50,0,0,0,0,5360,80,25980,80
28,833,GİRESUN,DERELİ,0,0,0,0,0,0,0,0,0,0,0,0,0,0,0,0,0
18,834,ÇANKIRI,YAPRAKLI,0,90,0,190,290,0,0,0,0,0,0,0,0,5930,0,28350,20
77,835,YALOVA,ALTINOVA,0,0,320,0,0,0,0,0,0,0,0,30,0,2280,1240,5350,0
54,836,SAKARYA,ERENLER,0,100,40,0,140,0,0,0,0,870,0,33190,0,340,0,860,50
5,837,AMASYA,MERKEZ,0,200,16530,2510,4990,0,0,50,270,8450,0,13420,0,62750,440,180810,13640
29,839,GÜMÜŞHANE,KÜRTÜN,0,1070,0,0,860,0,0,0,0,0,0,560,0,1990,0,3580,0
25,840,ERZURUM,UZUNDERE,0,0,0,0,0,0,0,0,0,0,0,0,0,40,0,140,0
41,841,KOCAELİ,KARTEPE,0,90,0,0,0,0,0,0,0,0,0,6570,0,2450,0,6510,0
10,842,BALIKESİR,MARMARA,0,0,0,0,0,0,0,0,0,0,0,0,0,0,0,0,0
52,843,ORDU,KORGAN,0,0,0,0,0,0,0,0,0,0,0,0,0,0,0,0,0
14,844,BOLU,YENİÇAĞA,0,0,0,40,190,0,0,0,0,0,0,0,0,1440,110,9450,0
5,845,AMASYA,HAMAMÖZÜ,0,50,0,290,0,0,0,0,0,270,0,30,0,3080,320,12560,230
81,846,DÜZCE,GÖLYAKA,0,0,0,0,110,0,0,0,0,270,0,4600,0,290,0,1190,0
61,847,TRABZON,ÇAYKARA,0,0,0,0,0,0,0,0,0,0,0,0,0,0,0,0,0
5,848,AMASYA,SULUOVA,0,200,4770,1050,770,0,0,0,0,6510,0,19310,0,11870,50,86420,8720
19,849,ÇORUM,DODURGA,0,0,0,0,0,1920,0,0,0,0,0,0,0,3720,0,9260,0
28,850,GİRESUN,DOĞANKENT,0,0,0,0,0,0,0,0,0,0,0,0,0,0,0,0,0
14,851,BOLU,GEREDE,0,0,0,0,270,0,0,0,0,0,0,0,0,11340,260,28060,0
54,852,SAKARYA,AKYAZI,0,0,0,0,0,0,0,0,0,1210,0,60240,0,910,0,1110,30
60,853,TOKAT,ERBAA,0,960,13450,720,2720,960,0,0,960,750,0,2390,0,17530,290,103190,3520
81,854,DÜZCE,KAYNAŞLI,0,60,0,0,30,0,0,0,0,0,0,2280,0,60,0,230,0
52,855,ORDU,KABADÜZ,0,0,0,0,0,0,0,0,0,0,0,0,0,0,0,0,0
61,856,TRABZON,KÖPRÜBAŞI,0,0,0,0,0,0,0,0,0,0,0,0,0,0,0,0,0
41,857,KOCAELİ,DARICA,0,0,0,0,0,0,0,0,0,0,0,0,0,0,0,0,0
61,859,TRABZON,DERNEKPAZARI,0,0,0,0,0,0,0,0,0,0,0,0,0,0,0,0,0
52,860,ORDU,GÜRGENTEPE,0,0,0,0,0,0,0,0,0,0,0,0,0,0,0,0,0
52,861,ORDU,ULUBEY,0,0,0,0,0,0,0,0,0,0,0,0,0,0,0,0,0
54,862,SAKARYA,SERDİVAN,0,80,0,0,0,0,0,0,0,90,0,17040,0,3470,90,740,0
81,863,DÜZCE,GÜMÜŞOVA,0,0,0,0,10,0,0,0,0,0,0,1140,0,230,0,2470,0
28,864,GİRESUN,YAĞLIDERE,0,0,0,0,0,0,0,0,0,0,0,0,0,0,0,0,0
18,865,ÇANKIRI,ATKARACALAR,0,0,0,550,0,0,0,0,0,0,0,0,0,860,0,35750,0
52,866,ORDU,ÇATALPINAR,0,0,0,0,0,0,0,0,0,0,0,0,0,0,0,0,0
52,867,ORDU,AKKUŞ,0,0,0,0,0,0,0,0,0,0,0,0,0,0,0,0,0
25,868,ERZURUM,İSPİR,0,1130,0,0,590,0,0,0,0,0,0,80,0,3680,0,5680,40
28,869,GİRESUN,MERKEZ,0,0,0,0,0,0,0,0,0,0,0,0,0,0,0,0,0
53,870,RİZE,İKİZDERE,0,0,0,0,0,0,0,0,0,0,0,0,0,0,0,0,0
25,871,ERZURUM,OLTU,0,90,0,0,690,0,0,0,0,0,0,200,0,2560,0,5440,0
28,872,GİRESUN,GÜCE,0,0,0,0,0,0,0,0,0,0,0,0,0,0,0,0,0
36,873,KARS,SELİM,0,0,0,0,1260,0,0,0,0,6120,0,0,0,167400,0,102000,0
52,874,ORDU,ÇAMAŞ,0,0,0,0,0,0,0,0,0,0,0,0,0,0,0,0,0
28,875,GİRESUN,BULANCAK,0,0,0,0,0,0,0,0,0,0,0,0,0,0,0,0,0
5,877,AMASYA,TAŞOVA,0,1050,6220,910,50,980,0,0,480,210,0,1610,0,14390,600,97570,2970
28,878,GİRESUN,PİRAZİZ,0,0,0,0,0,0,0,0,0,0,0,0,0,0,0,0,0
41,879,KOCAELİ,ÇAYIROVA,0,0,0,0,0,0,0,0,0,0,0,0,0,0,0,0,0
61,880,TRABZON,MAÇKA,0,0,0,0,0,0,0,0,0,0,0,0,0,0,0,0,0
17,881,ÇANAKKALE,GELİBOLU,0,1100,76180,630,0,4800,12950,0,10,0,0,110,0,14580,720,148310,340
18,882,ÇANKIRI,KURŞUNLU,0,0,0,630,170,0,0,0,0,0,0,0,0,3200,0,22200,0
52,883,ORDU,KUMRU,0,0,0,0,0,0,0,0,0,0,0,0,0,0,0,0,0
18,884,ÇANKIRI,ÇERKEŞ,0,10,0,0,250,0,0,0,0,0,0,0,0,16320,0,46300,0
28,885,GİRESUN,ÇANAKÇI,0,0,0,0,0,0,0,0,0,0,0,0,0,0,0,0,0
34,886,İSTANBUL,ADALAR,0,0,0,0,0,0,0,0,0,0,0,0,0,0,0,0,0
52,887,ORDU,GÜLYALI,0,0,0,0,0,0,0,0,0,0,0,0,0,0,0,0,0
81,888,DÜZCE,ÇİLİMLİ,0,0,0,0,0,160,0,0,0,0,0,4430,0,230,0,1140,0
19,889,ÇORUM,İSKİLİP,0,140,9720,820,910,5160,0,0,380,3190,0,60,0,25280,1120,84850,140
55,890,SAMSUN,LADİK,0,1320,9150,0,290,0,0,0,0,1760,0,840,0,7990,910,71370,0
41,891,KOCAELİ,DİLOVASI,0,0,0,0,0,0,0,0,0,0,0,0,0,0,0,0,0
61,892,TRABZON,DÜZKÖY,0,0,0,0,0,0,0,0,0,0,0,0,0,0,0,0,0
28,893,GİRESUN,ESPİYE,0,0,0,0,0,0,0,0,0,0,0,0,0,0,0,0,0
28,895,GİRESUN,KEŞAP,0,0,0,0,0,0,0,0,0,0,0,0,0,0,0,0,0
14,897,BOLU,MERKEZ,0,90,0,0,19420,0,0,0,0,0,0,3480,0,34130,0,64810,0
54,898,SAKARYA,HENDEK,0,0,0,0,0,0,0,0,0,20,0,23600,0,240,0,730,0
61,899,TRABZON,HAYRAT,0,0,0,0,0,0,0,0,0,0,0,0,0,0,0,0,0
61,900,TRABZON,SÜRMENE,0,0,0,0,0,0,0,0,0,0,0,0,0,0,0,0,0
81,901,DÜZCE,CUMAYERİ,0,0,0,0,0,0,0,0,0,0,0,360,0,0,0,360,0
61,902,TRABZON,TONYA,0,0,0,0,0,0,0,0,0,0,0,0,0,0,0,0,0
5,903,AMASYA,MERZİFON,0,250,59290,1850,370,0,0,0,0,15210,0,5830,0,46230,820,152010,14960
54,904,SAKARYA,ADAPAZARI,0,40,7070,0,600,0,0,0,0,2910,0,68940,0,5410,230,15940,10
52,905,ORDU,MERKEZ,0,0,0,0,0,0,0,0,0,0,0,0,0,0,0,0,0
61,906,TRABZON,ŞALPAZARI,0,0,0,0,0,0,0,0,0,0,0,0,0,0,0,0,0
25,908,ERZURUM,ŞENKAYA,0,0,0,0,40,0,0,0,0,0,0,0,0,2810,0,17820,0
61,909,TRABZON,ARAKLI,0,0,0,0,0,0,0,0,0,0,0,0,0,0,0,0,0
81,910,DÜZCE,MERKEZ,0,0,0,0,30,1250,0,0,0,230,0,32300,0,1820,0,7340,0
61,911,TRABZON,ARSİN,0,0,0,0,0,0,0,0,0,0,0,0,0,0,0,0,0
18,912,ÇANKIRI,ILGAZ,0,240,0,130,20,550,0,0,0,0,0,0,0,210,0,6180,0
61,913,TRABZON,YOMRA,0,0,0,0,0,0,0,0,0,0,0,0,0,0,0,0,0
14,914,BOLU,MENGEN,0,100,0,0,240,0,0,0,0,0,0,50,0,1030,140,8420,0
41,915,KOCAELİ,İZMİT,0,0,2860,0,10,0,0,0,0,0,0,5740,0,21250,750,23070,0
59,916,TEKİRDAĞ,ŞARKÖY,0,40,20030,140,30,0,2690,0,30,0,0,70,0,4920,720,35620,120
54,917,SAKARYA,SÖĞÜTLÜ,0,0,2030,0,10,0,0,0,0,2140,0,35550,0,1880,0,1760,40
52,918,ORDU,ÇAYBAŞI,0,0,0,0,0,0,0,0,0,0,0,0,0,0,0,0,0
78,919,KARABÜK,ESKİPAZAR,0,170,0,160,20,0,0,0,0,0,0,10,0,4800,0,23880,10
36,920,KARS,MERKEZ,0,0,0,60,280,0,0,0,0,9920,0,0,0,414200,0,146310,0
5,921,AMASYA,GÜMÜŞHACIKÖY,0,70,4710,260,150,0,0,0,100,6140,0,0,0,4810,150,57780,7970
53,922,RİZE,KALKANDERE,0,0,0,0,0,0,0,0,0,0,0,0,0,0,0,0,0
18,923,ÇANKIRI,BAYRAMÖREN,0,0,0,0,0,0,0,0,0,0,0,0,0,170,0,310,0
34,924,İSTANBUL,KARTAL,0,0,0,0,0,0,0,0,0,0,0,0,0,0,0,0,0
55,925,SAMSUN,AYVACIK,0,0,0,0,0,0,0,0,0,0,0,2750,0,190,0,3560,0
52,926,ORDU,FATSA,0,0,0,0,0,0,0,0,0,0,0,0,0,0,0,0,0
28,927,GİRESUN,TİREBOLU,0,0,0,0,0,0,0,0,0,0,0,0,0,0,0,0,0
61,928,TRABZON,MERKEZ,0,0,0,0,0,0,0,0,0,0,0,0,0,0,0,0,0
61,929,TRABZON,OF,0,0,0,0,0,0,0,0,0,0,0,0,0,0,0,0,0
34,930,İSTANBUL,TUZLA,0,0,0,0,0,0,2100,0,0,0,0,0,0,1000,250,12800,0
55,931,SAMSUN,ASARCIK,0,210,0,90,190,0,0,0,0,0,0,5430,0,2510,700,27350,0
28,932,GİRESUN,GÖRELE,0,0,0,0,0,0,0,0,0,0,0,0,0,0,0,0,0
22,933,EDİRNE,ENEZ,0,130,29120,270,0,21660,1110,0,40,0,0,60,0,4370,2020,58370,30
34,934,İSTANBUL,MALTEPE,0,0,0,0,0,0,0,0,0,0,0,0,0,0,0,0,0
41,935,KOCAELİ,DERİNCE,0,0,0,0,0,0,0,0,0,0,0,0,0,13910,1110,13080,0
81,936,DÜZCE,YIĞILCA,0,0,0,0,60,0,0,0,0,0,0,1160,0,0,0,0,0
52,937,ORDU,İKİZCE,0,0,0,0,0,0,0,0,0,0,0,0,0,0,0,0,0
34,938,İSTANBUL,SULTANBEYLİ,0,0,0,0,0,0,0,0,0,0,0,0,0,0,0,0,0
53,939,RİZE,İYİDERE,0,0,0,0,0,0,0,0,0,0,0,0,0,0,0,0,0
53,940,RİZE,GÜNEYSU,0,0,0,0,0,0,0,0,0,0,0,0,0,0,0,0,0
41,941,KOCAELİ,KÖRFEZ,0,0,0,0,10,0,0,0,0,0,0,330,0,8720,5100,8010,50
61,942,TRABZON,BEŞİKDÜZÜ,0,0,0,0,0,0,0,0,0,0,0,0,0,0,0,0,0
61,943,TRABZON,VAKFIKEBİR,0,0,0,0,0,0,0,0,0,0,0,0,0,0,0,0,0
28,944,GİRESUN,EYNESİL,0,0,0,0,0,0,0,0,0,0,0,0,0,0,0,0,0
34,945,İSTANBUL,ATAŞEHİR,0,0,0,0,0,0,0,0,0,0,0,0,0,0,0,0,0
53,946,RİZE,DEREPAZARI,0,0,0,0,0,0,0,0,0,0,0,0,0,0,0,0,0
54,947,SAKARYA,KOCAALİ,0,0,0,0,140,0,0,0,0,0,0,1930,0,0,0,0,0
34,948,İSTANBUL,KADIKÖY,0,0,0,0,0,0,0,0,0,0,0,0,0,0,0,0,0
34,949,İSTANBUL,BAKIRKÖY,0,0,0,0,0,0,0,0,0,0,0,0,0,0,0,0,0
54,950,SAKARYA,FERİZLİ,0,0,650,0,0,0,0,0,0,210,0,23910,0,2450,0,1930,0
52,951,ORDU,PERŞEMBE,0,0,0,0,0,0,0,0,0,0,0,0,0,0,0,0,0
41,952,KOCAELİ,GEBZE,0,0,0,0,10,0,0,0,0,0,0,0,0,3200,0,8580,0
52,953,ORDU,ÜNYE,0,0,0,0,0,0,0,0,0,0,0,0,0,0,0,0,0
81,954,DÜZCE,AKÇAKOCA,0,0,0,0,110,0,0,0,0,0,0,910,0,0,0,0,0
25,955,ERZURUM,OLUR,0,240,0,0,350,0,0,0,0,0,0,50,0,5370,0,7950,0
61,956,TRABZON,AKÇAABAT,0,0,0,0,0,0,0,0,0,0,0,0,0,0,0,0,0
78,957,KARABÜK,OVACIK,0,120,0,10,30,0,0,0,0,0,0,20,0,220,40,2070,0
34,958,İSTANBUL,ZEYTİNBURNU,0,0,0,0,0,0,0,0,0,0,0,0,0,0,0,0,0
34,959,İSTANBUL,BEYLİKDÜZÜ,0,0,0,0,0,0,0,0,0,0,0,0,0,340,0,600,0
34,960,İSTANBUL,BAHÇELİEVLER,0,0,0,0,0,0,0,0,0,0,0,0,0,0,0,0,0
34,961,İSTANBUL,SANCAKTEPE,0,0,0,0,0,0,0,0,0,0,0,0,0,0,0,0,0
61,962,TRABZON,ÇARŞIBAŞI,0,0,0,0,0,0,0,0,0,0,0,0,0,0,0,0,0
34,963,İSTANBUL,PENDİK,0,0,0,0,0,0,0,0,0,0,0,0,0,2980,0,6990,0
34,964,İSTANBUL,FATİH,0,0,0,0,0,0,0,0,0,0,0,0,0,0,0,0,0
34,965,İSTANBUL,GÜNGÖREN,0,0,0,0,0,0,0,0,0,0,0,0,0,0,0,0,0
55,966,SAMSUN,SALIPAZARI,0,90,0,0,0,560,0,10,0,50,0,2510,0,0,0,0,0
37,967,KASTAMONU,TOSYA,0,10,0,0,200,2430,0,0,0,0,0,0,0,6360,0,17200,10
53,968,RİZE,MERKEZ,0,0,0,0,0,0,0,0,0,0,0,0,0,0,0,0,0
34,969,İSTANBUL,ÜMRANİYE,0,0,0,0,0,0,0,0,0,0,0,0,0,0,0,0,0
34,970,İSTANBUL,BEYOĞLU,0,0,0,0,0,0,0,0,0,0,0,0,0,0,0,0,0
53,971,RİZE,HEMŞİN,0,0,0,0,0,0,0,0,0,0,0,0,0,0,0,0,0
34,972,İSTANBUL,KÜÇÜKÇEKMECE,0,0,0,0,0,0,0,0,0,0,0,0,0,0,0,0,0
34,973,İSTANBUL,ÜSKÜDAR,0,0,0,0,0,0,0,0,0,0,0,0,0,0,0,0,0
34,974,İSTANBUL,BAĞCILAR,0,0,0,0,0,0,0,0,0,0,0,0,0,0,0,0,0
36,975,KARS,SUSUZ,0,0,0,0,5220,0,0,0,0,0,0,0,0,74060,0,29980,0
34,976,İSTANBUL,BAYRAMPAŞA,0,0,0,0,0,0,0,0,0,0,0,0,0,0,0,0,0
34,977,İSTANBUL,ŞİŞLİ,0,0,0,0,0,0,0,0,0,0,0,0,0,0,0,0,0
54,978,SAKARYA,KARASU,0,270,10,0,480,0,0,0,0,100,0,23310,0,2000,0,2100,0
34,979,İSTANBUL,GAZİ OSMANPAŞA,0,0,0,0,0,0,0,0,0,0,0,0,0,0,0,0,0
34,980,İSTANBUL,BEŞİKTAŞ,0,0,0,0,0,0,0,0,0,0,0,0,0,0,0,0,0
53,981,RİZE,ÇAMLIHEMŞİN,0,0,0,0,0,0,0,0,0,0,0,0,0,0,0,0,0
67,982,ZONGULDAK,ALAPLI,0,0,0,0,0,0,0,0,0,0,0,60,0,0,0,10,0
19,983,ÇORUM,OSMANCIK,0,310,0,170,590,15100,0,0,110,190,0,110,0,20350,1240,37550,280
34,984,İSTANBUL,ESENYURT,0,0,0,0,0,0,0,0,0,0,0,0,0,0,0,510,0
34,985,İSTANBUL,KAĞITHANE,0,0,0,0,0,0,0,0,0,0,0,0,0,0,0,0,0
34,986,İSTANBUL,ESENLER,0,0,0,0,0,0,0,0,0,0,0,0,0,0,0,0,0
34,987,İSTANBUL,ÇEKMEKÖY,0,0,0,0,0,0,0,0,0,0,0,0,0,0,0,0,0
75,988,ARDAHAN,GÖLE,0,0,0,0,0,0,0,0,0,0,0,0,0,94640,0,71410,0
34,989,İSTANBUL,AVCILAR,0,0,1450,0,0,0,0,0,0,0,0,0,0,0,0,3870,0
54,990,SAKARYA,KAYNARCA,0,0,15090,0,0,0,0,0,0,0,0,11680,0,11940,0,36210,0
55,991,SAMSUN,TEKKEKÖY,0,40,750,0,0,16490,0,410,0,0,0,15360,0,5430,0,24180,0
8,992,ARTVİN,YUSUFELİ,0,0,0,0,0,0,0,0,0,0,0,0,0,0,0,0,0
53,993,RİZE,ÇAYELİ,0,0,0,0,0,0,0,0,0,0,0,0,0,0,0,0,0
36,994,KARS,AKYAKA,0,0,0,0,370,0,0,0,0,20720,0,0,0,79970,0,18620,0
55,995,SAMSUN,HAVZA,0,1360,48640,1220,470,0,0,0,0,2600,0,290,0,10680,0,137720,0
55,996,SAMSUN,CANİK,0,210,0,20,140,0,0,0,0,0,0,5910,0,1870,3600,12210,0
55,997,SAMSUN,KAVAK,0,510,0,230,610,0,0,0,0,0,0,5740,0,4190,0,54550,0
34,998,İSTANBUL,BÜYÜKÇEKMECE,0,0,16340,0,0,0,1970,0,0,0,0,0,0,6260,0,32130,0
59,999,TEKİRDAĞ,MARMARA EREĞLİSİ,0,30,27350,30,10,0,9630,0,0,0,0,0,0,9640,110,58700,10
41,1000,KOCAELİ,KANDIRA,0,0,2560,0,10,0,0,0,0,0,0,8020,0,8330,16180,66100,0
34,1001,İSTANBUL,BAŞAKŞEHİR,0,0,230,0,0,0,160,0,0,0,0,0,0,4780,0,4870,0
34,1002,İSTANBUL,SULTANGAZİ,0,0,0,0,0,0,0,0,0,0,0,0,0,0,0,0,0
37,1003,KASTAMONU,İHSANGAZİ,0,0,0,0,140,0,0,0,0,0,0,0,0,1120,0,16080,0
19,1004,ÇORUM,KARGI,0,250,0,20,260,8180,0,0,0,0,0,230,0,4310,1020,8880,50
53,1005,RİZE,PAZAR,0,0,0,0,0,0,0,0,0,0,0,0,0,0,0,0,0
55,1006,SAMSUN,MERKEZ,0,320,0,230,220,0,0,0,0,0,0,1760,0,3650,420,19620,0
22,1007,EDİRNE,KEŞAN,0,760,140280,860,0,31150,6190,150,1070,450,0,630,0,15710,0,191100,760
34,1008,İSTANBUL,ŞİLE,0,70,0,0,150,0,0,0,0,0,0,230,0,1230,0,4900,0
55,1009,SAMSUN,VEZİRKÖPRÜ,0,700,51770,950,1060,0,0,0,0,9620,0,1380,0,7850,700,172220,0
78,1010,KARABÜK,YENİCE,0,10,0,0,0,0,0,0,0,0,0,240,0,10,0,30,0
55,1011,SAMSUN,TERME,0,0,0,0,0,15440,0,11460,0,2020,0,9670,0,0,0,240,0
34,1012,İSTANBUL,BEYKOZ,0,0,0,0,0,0,0,0,0,0,0,0,0,0,0,0,0
67,1013,ZONGULDAK,DEVREK,0,70,0,0,0,0,0,0,0,0,0,460,0,150,0,1580,0
36,1014,KARS,ARPAÇAY,0,0,0,0,490,0,0,0,0,8140,0,0,0,101830,0,82660,0
78,1015,KARABÜK,MERKEZ,0,0,0,10,0,100,0,0,0,0,0,10,0,420,0,2450,0
59,1016,TEKİRDAĞ,MALKARA,0,50,229460,60,0,870,10580,0,170,800,0,110,0,18750,900,304000,1220
22,1017,EDİRNE,İPSALA,0,90,96830,30,0,189650,2250,0,20,140,0,170,70,3470,1790,115200,20
57,1018,SİNOP,SARAYDÜZÜ,0,0,0,0,0,2520,0,0,0,0,0,100,0,1970,0,9460,0
55,1019,SAMSUN,ÇARŞAMBA,0,0,2680,0,0,27440,0,6640,0,9310,0,28260,0,4740,0,19710,0
53,1020,RİZE,ARDEŞEN,0,0,0,0,0,0,0,0,0,0,0,0,0,0,0,0,0
59,1021,TEKİRDAĞ,MERKEZ,0,130,205780,120,190,0,16150,0,0,640,0,180,0,18330,790,272030,2330
37,1022,KASTAMONU,ARAÇ,0,0,0,0,60,0,0,0,0,0,0,0,0,4080,0,8880,0
67,1023,ZONGULDAK,GÖKÇEBEY,0,0,0,0,0,0,0,0,0,0,0,60,0,10,10,110,0
34,1024,İSTANBUL,SARIYER,0,0,0,0,0,0,0,0,0,0,0,0,0,0,0,0,0
67,1025,ZONGULDAK,EREĞLİ,0,0,0,0,0,0,0,0,0,0,0,970,0,0,1260,0,0
55,1026,SAMSUN,ATAKUM,0,280,0,170,260,0,0,0,0,0,0,2750,0,1610,0,38580,0
34,1027,İSTANBUL,EYÜP,0,0,0,0,0,0,0,0,0,0,0,0,0,0,0,0,0
59,1028,TEKİRDAĞ,ÇORLU,0,30,97910,50,0,0,23120,0,0,0,0,30,0,18710,700,148070,120
8,1029,ARTVİN,ARDANUÇ,0,0,0,0,0,0,0,0,0,0,0,0,0,0,0,0,0
53,1030,RİZE,FINDIKLI,0,0,0,0,0,0,0,0,0,0,0,0,0,0,0,0,0
59,1031,TEKİRDAĞ,MURATLI,0,0,87100,10,0,0,13110,0,0,300,0,30,0,9050,50,129510,240
67,1032,ZONGULDAK,KOZLU,0,0,0,0,0,0,0,0,0,0,0,150,0,0,0,0,0
75,1033,ARDAHAN,MERKEZ,0,0,0,0,760,0,0,0,0,0,0,0,0,128790,0,74990,0
8,1034,ARTVİN,MURGUL,0,0,0,0,0,0,0,0,0,0,0,0,0,0,0,0,0
67,1035,ZONGULDAK,MERKEZ,0,40,0,0,0,0,0,0,0,0,0,180,0,40,0,110,0
34,1036,İSTANBUL,ARNAVUTKÖY,0,0,22060,50,0,0,2880,0,0,0,0,90,0,9040,3020,46770,10
59,1037,TEKİRDAĞ,ÇERKEZKÖY,0,0,7500,0,0,0,0,0,0,0,0,0,0,290,360,13630,0
8,1038,ARTVİN,ARHAVİ,0,0,0,0,0,0,0,0,0,0,0,0,0,0,0,0,0
34,1039,İSTANBUL,SİLİVRİ,0,80,76680,180,0,0,17410,0,0,0,0,0,0,31070,0,182090,260
8,1040,ARTVİN,MERKEZ,0,0,0,0,0,0,0,0,0,0,0,0,0,0,0,0,0
37,1041,KASTAMONU,MERKEZ,0,0,0,0,3060,0,0,0,0,2050,0,90,0,79700,80,76870,110
78,1042,KARABÜK,SAFRANBOLU,0,10,0,20,0,0,0,0,0,0,0,70,0,660,960,5700,0
67,1043,ZONGULDAK,KİLİMLİ,0,0,0,0,0,0,0,0,0,0,0,0,0,0,0,0,0
59,1044,TEKİRDAĞ,KAPAKLI,0,0,21160,0,0,0,0,0,0,0,0,0,0,1150,90,37150,0
78,1045,KARABÜK,EFLANİ,0,40,0,20,20,0,0,0,0,0,0,170,0,9220,0,18980,30
57,1046,SİNOP,DURAĞAN,0,280,0,10,0,3730,0,0,0,0,0,170,0,2270,340,10270,0
8,1047,ARTVİN,HOPA,0,0,0,0,0,0,0,0,0,0,0,0,0,0,0,0,0
67,1048,ZONGULDAK,ÇAYCUMA,0,1140,140,20,200,0,0,0,0,0,0,7120,0,610,130,29360,0
59,1049,TEKİRDAĞ,HAYRABOLU,0,30,242140,150,20,19820,10310,0,0,2410,0,140,0,12050,400,304820,120
22,1050,EDİRNE,MERİÇ,0,20,43560,30,20,75170,90,0,450,20,0,80,2070,110,490,40510,0
37,1051,KASTAMONU,DADAY,0,0,0,0,300,0,0,0,0,1480,0,0,0,3820,0,27800,0
55,1052,SAMSUN,19 MAYIS,0,0,0,0,0,9920,0,0,0,1690,0,6010,0,1990,0,35100,0
59,1053,TEKİRDAĞ,ERGENE,0,90,101140,0,0,0,7450,0,0,50,0,0,0,5070,210,132320,80
75,1054,ARDAHAN,ÇILDIR,0,0,0,0,80,0,0,0,0,0,0,0,0,68810,0,46670,0
75,1055,ARDAHAN,DAMAL,0,0,0,0,0,0,0,0,0,0,0,0,0,7870,0,4420,0
75,1056,ARDAHAN,HANAK,0,0,0,0,220,0,0,0,0,0,0,0,0,38770,0,32540,0
55,1057,SAMSUN,ALAÇAM,0,200,0,20,130,13990,0,150,0,0,0,190,0,23340,590,26940,120
55,1058,SAMSUN,YAKAKENT,0,0,0,0,20,80,0,0,0,0,0,60,0,300,0,3610,0
8,1059,ARTVİN,KEMALPAŞA,0,0,0,0,0,0,0,0,0,0,0,0,0,0,0,0,0
57,1060,SİNOP,DİKMEN,0,30,0,0,0,30,0,0,0,0,0,60,0,240,0,2130,0
57,1061,SİNOP,BOYABAT,0,4040,0,360,0,13940,0,0,0,0,0,50,0,8470,570,29670,0
8,1062,ARTVİN,BORÇKA,0,0,0,0,0,0,0,0,0,0,0,0,0,0,0,0,0
39,1063,KIRKLARELİ,PEHLİVANKÖY,0,0,14620,0,0,4570,1230,0,0,190,0,120,0,1100,150,28050,0
8,1064,ARTVİN,ŞAVŞAT,0,0,0,0,0,0,0,0,0,0,0,0,0,0,0,0,0
22,1065,EDİRNE,UZUNKÖPRÜ,0,310,218190,120,160,75810,11470,0,0,1760,0,250,0,3730,1040,227810,210
55,1066,SAMSUN,BAFRA,0,1460,4080,0,190,103160,380,1400,1150,410,0,15090,0,5890,1150,146000,80
37,1067,KASTAMONU,SEYDİLER,0,0,0,0,160,0,0,0,0,3970,0,0,0,2010,0,33120,0
37,1068,KASTAMONU,HANÖNÜ,0,10,0,0,10,990,0,0,0,0,0,0,0,770,0,5620,60
37,1069,KASTAMONU,TAŞKÖPRÜ,0,0,0,0,440,0,0,0,0,20400,0,690,0,35470,0,65080,90
74,1070,BARTIN,ULUS,0,10,0,0,20,0,0,0,0,0,0,690,0,140,40,1170,10
34,1071,İSTANBUL,ÇATALCA,0,60,48970,0,0,3730,1940,0,80,140,0,100,0,15770,0,100310,0
59,1072,TEKİRDAĞ,SARAY,0,20,84000,10,10,0,1340,0,0,0,0,40,0,10070,670,112450,180
57,1073,SİNOP,SAZLI,0,0,0,0,0,0,0,0,0,0,0,0,0,0,0,0,0
37,1074,KASTAMONU,PINARBAŞI,0,0,0,0,0,0,0,0,0,0,0,0,0,50,0,2300,0
74,1075,BARTIN,MERKEZ,0,680,980,10,510,0,0,0,0,0,0,6910,0,2440,410,36230,180
39,1076,KIRKLARELİ,LÜLEBURGAZ,0,30,185800,330,100,590,16850,0,40,4870,0,460,0,13230,260,361500,80
74,1077,BARTIN,AMASRA,0,30,0,0,20,0,0,0,0,0,0,280,0,0,10,620,0
75,1078,ARDAHAN,POSOF,0,0,0,0,1100,0,0,0,0,0,0,1050,0,12230,0,25090,0
37,1079,KASTAMONU,DEVREKÂNİ,0,0,0,0,1100,0,0,0,0,12430,0,0,0,8620,130,51950,0
37,1080,KASTAMONU,AĞLI,0,0,0,0,0,0,0,0,0,0,0,0,0,3780,0,6900,0
74,1081,BARTIN,KURUCAŞİLE,0,0,0,0,10,0,0,0,0,0,0,30,0,0,0,40,0
39,1082,KIRKLARELİ,BABAESKİ,0,20,99270,90,30,6820,10390,0,50,610,0,840,0,4910,190,184940,40
57,1083,SİNOP,GERZE,0,430,0,120,0,200,0,0,20,0,0,3880,0,5160,2400,16370,20
37,1084,KASTAMONU,AZDAVAY,0,0,0,0,40,0,0,0,0,0,0,0,0,360,2430,3750,0
37,1085,KASTAMONU,KÜRE,0,0,0,0,110,0,0,0,0,0,0,0,0,1270,0,5190,0
37,1086,KASTAMONU,ŞENPAZAR,0,0,0,0,0,0,0,0,0,0,0,50,0,0,0,110,0
57,1087,SİNOP,TÜRKELİ,0,140,0,0,0,0,0,0,0,0,0,1460,0,30,0,0,0
37,1088,KASTAMONU,ÇATALZEYTİN,0,0,0,0,0,0,0,0,0,0,0,1840,0,0,0,100,0
57,1089,SİNOP,AYANCIK,0,430,0,0,0,0,0,0,0,0,0,930,0,70,20,990,0
39,1090,KIRKLARELİ,VİZE,0,150,50850,100,230,0,760,0,20,90,0,210,0,4890,1140,84940,1140
37,1091,KASTAMONU,BOZKURT,0,0,0,0,190,0,0,0,0,0,0,500,0,0,0,480,0
37,1092,KASTAMONU,ABANA,0,0,0,0,0,0,0,0,0,0,0,0,0,0,0,0,0
22,1093,EDİRNE,HAVSA,0,90,95050,70,0,8550,6030,0,90,90,0,2770,0,6400,1550,171230,0
37,1094,KASTAMONU,İNEBOLU,0,0,0,0,190,0,0,0,0,0,0,1350,0,50,0,280,0
57,1095,SİNOP,ERFELEK,0,260,0,0,0,0,0,0,0,0,0,10830,0,420,1910,11770,0
37,1096,KASTAMONU,DOĞANYURT,0,0,0,0,0,0,0,0,0,0,0,210,0,0,0,710,0
37,1097,KASTAMONU,CİDE,0,0,0,0,0,0,0,0,0,0,0,520,0,10,0,1100,0
39,1098,KIRKLARELİ,PINARHİSAR,0,50,52510,0,160,0,410,0,20,0,0,110,0,4860,530,65210,0
57,1099,SİNOP,MERKEZ,0,360,0,20,0,7170,0,0,0,0,0,14340,0,1750,260,43480,0
22,1100,EDİRNE,MERKEZ,0,30,135470,440,30,54570,10840,0,0,270,0,1180,0,7850,490,216720,10
22,1101,EDİRNE,SÜLOĞLU,0,80,24020,0,20,0,2470,80,140,490,0,3050,0,2050,0,77430,0
22,1102,EDİRNE,LALAPAŞA,0,20,35150,30,10,90,17900,0,0,10,0,70,0,3600,1110,88180,0
39,1103,KIRKLARELİ,MERKEZ,0,29300,0,0,0,0,0,0,10470,0,0,0,0,237560,0,0,5230
39,1104,KIRKLARELİ,KOFÇAZ,0,550,15250,0,0,0,410,0,0,0,0,0,0,1580,5630,24810,0
