CityId,DistrictId,CityName,DistrictName,MaxLentilArea,MaxBeanArea,MaxSunflowerArea,MaxChickpeaArea,MaxPotatoArea,MaxRiceArea,MaxCanolaArea,MaxSoybeanArea,MaxTomatoArea,MaxSugarbeetArea,MaxCottonArea,MaxCornArea,MaxPeanutArea,MaxBarleyArea,MaxOatArea,MaxWheatArea,MaxOnionArea
31,15,HATAY,YAYLADAĞI,100,100,100,100,100,100,100,100,100,100,100,100,100,8220,170,13050,100
31,17,HATAY,ALTINÖZÜ,100,100,100,1490,100,100,100,100,1540,100,13690,100,100,2420,100,142670,6710
31,20,HATAY,DEFNE,100,100,100,250,120,100,100,100,400,100,100,100,200,100,1290,27160,100
33,25,MERSİN,AYDINCIK,100,100,100,100,100,100,100,100,100,100,100,100,100,100,100,230,100
31,26,HATAY,SAMANDAĞ,100,100,100,100,570,100,100,100,100,100,100,370,750,100,100,17860,660
31,28,HATAY,REYHANLI,100,100,100,100,20900,100,100,100,2090,100,88240,46700,9230,210,100,67290,46440
31,30,HATAY,ANTAKYA,100,100,120,290,1940,100,100,570,350,100,91960,58290,340,530,310,85330,2320
33,31,MERSİN,BOZYAZI,100,100,100,250,100,100,100,100,100,100,100,100,100,100,100,680,100
31,32,HATAY,KUMLU,100,100,100,100,4680,100,100,100,100,100,69470,21190,3310,100,100,42290,14800
7,34,ANTALYA,DEMRE,100,100,100,100,100,100,100,100,100,100,100,100,100,290,100,1610,100
33,36,MERSİN,ANAMUR,100,100,100,230,100,100,100,100,100,100,100,100,100,210,100,3690,100
31,37,HATAY,BELEN,100,100,100,140,100,100,100,100,100,100,2220,500,100,250,100,2230,100
7,38,ANTALYA,GAZİPAŞA,100,100,100,100,100,100,100,100,100,100,100,100,100,510,100,3890,190
31,39,HATAY,ARSUZ,100,100,100,160,100,100,100,100,4130,100,2250,4720,190,500,100,29240,360
33,40,MERSİN,GÜLNAR,100,100,100,100,100,100,100,100,100,100,100,100,100,630,100,1930,100
7,43,ANTALYA,FİNİKE,100,100,100,100,100,100,100,100,100,100,100,100,100,3230,210,15640,100
31,44,HATAY,KIRIKHAN,100,100,1260,100,1910,100,100,130,2540,100,139900,60260,1020,100,100,183600,3820
31,45,HATAY,İSKENDERUN,100,100,100,100,100,100,100,100,100,100,100,100,100,100,100,3060,150
7,47,ANTALYA,KAŞ,100,190,100,230,100,100,100,100,100,100,100,100,100,4430,360,33350,100
70,49,KARAMAN,SARIVELİLER,100,100,100,100,100,100,100,100,100,100,100,100,100,270,100,100,100
1,51,ADANA,KARATAŞ,100,100,1500,100,1110,100,100,78610,100,100,147830,99150,89720,770,100,156710,1200
31,52,HATAY,PAYAS,100,100,100,100,100,100,100,100,100,100,100,100,100,100,100,1110,100
7,54,ANTALYA,KEMER,100,100,100,100,100,100,100,100,100,100,100,600,100,350,100,3990,100
7,55,ANTALYA,ALANYA,100,100,100,100,100,100,100,100,100,100,100,100,150,400,100,5670,200
70,59,KARAMAN,BAŞYAYLA,100,100,100,100,100,100,100,100,100,100,100,100,100,100,100,230,100
79,61,KİLİS,ELBEYLİ,19520,100,100,16700,100,100,100,100,100,100,10170,16440,100,33050,100,95860,100
70,69,KARAMAN,ERMENEK,100,170,100,1540,110,100,100,100,100,100,100,100,100,790,100,1960,100
79,70,KİLİS,MERKEZ,28970,100,100,7430,100,100,100,100,1490,100,810,570,100,57930,100,69090,2780
1,75,ADANA,YUMURTALIK,100,100,85340,160,8850,100,100,12490,100,100,23060,19930,14680,2350,100,83920,1920
31,76,HATAY,HASSA,100,100,100,100,100,1110,100,100,100,100,4700,12670,100,1060,100,26820,240
7,77,ANTALYA,KUMLUCA,100,100,100,110,100,100,100,100,100,100,100,100,100,560,100,4300,100
33,78,MERSİN,YENİŞEHİR,100,100,100,100,100,100,100,100,100,100,100,130,100,310,100,2000,100
79,79,KİLİS,POLATELİ,3730,100,100,740,100,100,100,100,1180,100,100,100,100,10260,100,15130,340
31,81,HATAY,DÖRTYOL,100,100,100,100,100,100,100,100,100,100,100,840,6610,1410,100,24450,4650
33,87,MERSİN,MEZİTLİ,100,100,100,100,100,100,100,100,100,100,100,980,100,100,100,8440,100
33,88,MERSİN,MUT,100,150,100,3050,100,100,100,100,100,100,100,100,100,2150,100,10130,100
27,89,GAZİANTEP,KARKAMIŞ,2280,100,11300,4480,100,100,100,100,100,100,11280,4060,100,56620,100,22860,100
33,90,MERSİN,MERKEZ,100,100,100,100,100,100,100,100,100,100,100,7440,100,200,100,4920,100
42,91,KONYA,TAŞKENT,100,100,100,630,730,100,100,100,100,100,100,100,100,440,100,7000,270
63,92,ŞANLIURFA,AKÇAKALE,16180,100,560,100,100,100,100,100,100,100,186100,133130,100,52270,100,234590,100
7,94,ANTALYA,MERKEZ,100,100,100,100,100,100,100,100,100,100,100,2790,100,100,100,100,100
31,95,HATAY,ERZİN,100,100,23490,180,100,100,100,100,100,100,100,7230,9870,1820,100,72380,100
48,96,MUĞLA,FETHİYE,100,100,100,100,100,100,100,100,100,100,100,100,100,1530,110,6310,100
63,97,ŞANLIURFA,HARRAN,10360,100,100,100,100,100,100,100,100,100,167510,152550,100,40870,100,189580,100
79,98,KİLİS,MUSABEYLİ,1380,100,100,4560,100,100,100,100,240,100,100,100,100,13310,100,55200,4970
48,99,MUĞLA,DATÇA,100,100,100,100,890,100,100,100,100,100,100,100,100,420,100,800,100
7,100,ANTALYA,ELMALI,100,740,180,28670,100,100,100,100,100,12470,100,100,100,59150,1710,72830,100
33,101,MERSİN,SİLİFKE,100,100,100,9130,100,1960,100,100,100,100,100,320,140,2360,100,20850,100
7,102,ANTALYA,KONYAALTI,100,380,100,100,100,100,100,100,100,100,100,100,100,320,100,1060,100
27,103,GAZİANTEP,OĞUZELİ,42180,100,3370,43660,100,100,100,100,100,100,8840,8160,100,79560,100,125060,880
1,104,ADANA,YÜREĞİR,100,100,8190,100,13640,100,100,54210,100,100,32520,97530,37010,1650,100,67850,11590
1,105,ADANA,SEYHAN,100,100,100,100,6630,100,100,32100,100,100,13180,102120,9420,100,100,27980,4420
48,106,MUĞLA,ORTACA,100,100,100,100,100,100,100,100,100,100,1910,460,100,9850,100,12840,100
48,107,MUĞLA,SEYDİKEMER,100,240,100,800,3250,100,100,100,100,130,160,380,460,4980,770,93370,300
80,108,OSMANİYE,TOPRAKKALE,100,100,4400,100,100,100,100,1750,100,100,100,15660,4000,100,100,19700,3000
7,109,ANTALYA,GÜNDOĞMUŞ,100,100,100,100,100,100,100,100,100,100,100,100,100,200,100,3000,100
27,110,GAZİANTEP,ŞAHİNBEY,19510,100,100,8490,100,100,100,100,100,100,100,780,100,48350,100,72770,1060
42,111,KONYA,HADİM,100,130,100,2530,1060,100,100,100,100,100,100,100,100,1110,100,9840,790
1,113,ADANA,ÇUKUROVA,100,100,16510,100,380,100,100,230,100,100,120,3580,1050,2160,100,18550,100
27,114,GAZİANTEP,İSLAHİYE,430,100,100,430,100,100,100,100,100,6790,5650,9630,100,16690,100,183420,500
80,116,OSMANİYE,HASANBEYLİ,100,100,100,450,100,100,100,100,100,100,100,100,100,2750,100,10090,100
15,117,BURDUR,ALTINYAYLA,100,100,100,160,100,100,100,100,100,100,100,100,100,240,210,2640,100
33,118,MERSİN,ERDEMLİ,100,100,100,290,100,100,100,100,100,100,100,150,100,2580,100,42490,100
48,119,MUĞLA,DALAMAN,100,100,2210,100,100,100,100,100,100,100,100,1200,100,3040,120,17360,100
63,120,ŞANLIURFA,SURUÇ,46530,100,100,490,100,100,100,100,490,100,152250,111570,100,39880,100,4880,100
48,122,MUĞLA,MARMARİS,100,100,100,100,100,100,100,100,100,100,100,100,100,460,350,980,100
63,123,ŞANLIURFA,MERKEZ,22133.89435,100,100,200.5070429,100,100,100,100,193.5630761,100,153348.828,117807.8697,100,40108.35255,100,100,198927.2905
63,125,ŞANLIURFA,CEYLANPINAR,24900,100,41900,100,100,100,100,100,100,100,40970,140670,100,6660,100,531230,2110
7,126,ANTALYA,KEPEZ,100,100,100,100,100,100,100,100,100,100,100,200,100,2820,1330,15890,100
33,129,MERSİN,TOROSLAR,100,100,100,190,100,100,100,100,100,100,100,100,100,440,100,3180,100
80,130,OSMANİYE,MERKEZ,100,100,12270,100,100,100,100,10530,100,100,290,61300,23230,1410,100,72920,2900
1,131,ADANA,SARIÇAM,100,100,88170,580,6450,100,100,1980,100,100,6050,9800,5320,1540,100,201530,5650
1,132,ADANA,CEYHAN,100,100,158460,2350,11180,100,100,45880,100,100,70990,374790,135220,3520,100,321340,5420
63,135,ŞANLIURFA,BİRECİK,21510,100,100,390,100,100,100,100,280,100,100,100,100,89210,100,2020,100
80,136,OSMANİYE,BAHÇE,100,100,100,100,100,100,100,100,100,100,100,440,160,2860,100,10300,100
27,137,GAZİANTEP,NİZİP,8500,100,1200,7650,100,100,100,100,100,100,2440,660,100,82750,100,7180,100
7,140,ANTALYA,AKSU,100,100,100,100,100,100,100,100,100,100,7070,14400,100,470,100,20300,100
27,142,GAZİANTEP,NURDAĞI,1450,100,100,21980,4190,100,100,820,870,17970,3290,12690,9470,16820,100,195320,8090
42,144,KONYA,BOZKIR,100,110,100,10350,770,100,100,100,100,100,100,100,100,5040,100,29330,100
20,145,DENİZLİ,ÇAMELİ,100,1140,100,1300,100,100,100,100,100,100,100,630,100,3040,120,6610,100
48,146,MUĞLA,KÖYCEĞİZ,100,860,100,100,100,100,100,100,100,100,100,3380,100,800,210,8590,100
7,147,ANTALYA,DÖŞEMEALTI,100,100,100,150,210,100,100,100,100,100,100,100,230,25760,8890,49020,130
48,148,MUĞLA,ULA,100,100,100,100,100,100,100,100,100,100,100,100,100,300,320,15130,100
27,150,GAZİANTEP,MERKEZ,190,100,100,5370,100,100,100,100,100,100,100,1090,100,24180,100,53400,1060
42,151,KONYA,GÜNEYSINIR,100,4060,850,22630,140,100,100,100,100,710,100,2500,100,34680,100,4090,100
33,152,MERSİN,ÇAMLIYAYLA,100,100,100,100,100,100,100,100,100,100,100,100,100,120,100,590,100
42,153,KONYA,YALIHÜYÜK,100,4180,100,2810,100,100,100,100,100,2440,100,100,100,20990,100,20390,100
48,155,MUĞLA,BODRUM,100,100,100,100,100,100,100,100,100,100,100,100,100,4340,100,12200,100
7,156,ANTALYA,AKSEKİ,100,100,100,100,100,100,100,100,100,100,100,100,100,130,100,890,100
15,157,BURDUR,GÖLHİSAR,100,790,100,630,370,100,100,100,100,5670,100,970,100,15010,560,15670,620
7,158,ANTALYA,İBRADI,100,870,100,130,100,100,100,100,100,100,100,100,100,2130,100,3570,100
70,160,KARAMAN,KAZIMKARABEKİR,100,36180,12530,33710,1110,100,100,100,800,8890,100,70920,100,95600,840,3580,100
27,161,GAZİANTEP,YAVUZELİ,160,100,100,26990,100,100,100,100,100,100,6210,2530,100,20240,100,24110,280
42,162,KONYA,AHIRLI,100,1110,100,4010,100,100,100,100,100,5100,100,100,100,11840,100,3460,100
7,163,ANTALYA,SERİK,100,100,100,100,100,100,100,100,100,100,20060,3610,270,1370,840,91660,580
33,164,MERSİN,TARSUS,100,100,19180,200,2330,1870,100,65540,100,100,37390,67610,2270,6080,100,296740,1620
1,165,ADANA,İMAMOĞLU,100,100,84250,100,1330,100,100,3540,100,100,3100,22130,7080,1390,100,160510,490
80,166,OSMANİYE,DÜZİÇİ,100,100,250,100,100,100,100,100,100,100,120,13660,25290,6770,100,93360,100
7,167,ANTALYA,KORKUTELİ,100,2040,2820,41480,3420,100,100,100,850,3980,100,100,100,210170,560,110920,370
15,168,BURDUR,ÇAVDIR,100,100,100,2140,520,100,100,100,100,15110,100,100,100,10820,250,22480,100
47,169,MARDİN,KIZILTEPE,37260,100,100,3910,100,100,100,100,100,100,49680,247160,100,133800,100,444000,100
1,170,ADANA,KARAİSALI,100,100,51680,100,100,100,100,450,100,100,100,5320,440,2030,120,57610,100
63,171,ŞANLIURFA,HALFETİ,5420,100,100,120,100,100,100,100,100,100,100,100,100,33310,100,4300,100
20,172,DENİZLİ,BEYAĞAÇ,100,1400,100,1660,100,100,100,100,100,100,100,100,100,2090,100,14680,100
47,173,MARDİN,NUSAYBİN,31040,100,100,7450,100,100,100,1020,100,100,1350,25960,100,111470,100,93760,100
7,176,ANTALYA,MANAVGAT,100,100,100,100,100,100,100,100,100,100,3470,5000,6660,7280,4910,57250,100
46,177,KAHRAMANMARAŞ,TÜRKOĞLU,100,100,100,500,100,100,100,6500,700,3080,6810,61630,720,10970,100,116960,100
42,179,KONYA,HALKAPINAR,100,1130,570,14000,100,100,100,100,100,100,100,360,100,12470,350,10850,100
63,180,ŞANLIURFA,BOZOVA,25840,100,100,480,100,100,100,100,2730,33910,58730,10480,320,97400,100,101900,100
15,181,BURDUR,TEFENNİ,100,100,100,7200,120,100,100,100,100,10490,100,2090,100,35570,3310,26620,110
63,182,ŞANLIURFA,HALİLİYE,54990,100,100,1480,140,100,100,100,6130,100,132400,119430,110,113550,100,171140,140
27,183,GAZİANTEP,ARABAN,420,100,3370,48290,730,100,100,420,100,100,38560,10600,100,22860,100,60780,620
42,184,KONYA,DEREBUCAK,100,1930,100,110,100,100,100,100,100,100,100,100,100,320,100,530,100
70,186,KARAMAN,MERKEZ,950,73710,63070,156990,17830,100,100,100,13080,73360,100,279630,100,99120,8320,191060,8030
47,189,MARDİN,YEŞİLLİ,390,100,100,190,100,100,100,100,220,100,100,610,100,1460,100,2090,100
42,190,KONYA,AKÖREN,4410,3720,1710,26990,420,100,100,100,100,1570,100,2440,100,21790,120,38060,100
30,191,HAKKARİ,DERECİK,100,610,100,140,100,100,100,100,100,100,100,370,100,1360,100,19130,240
15,192,BURDUR,KEMER,100,720,100,2200,100,100,100,100,100,5720,100,100,100,44410,10550,4090,100
15,193,BURDUR,KARAMANLI,100,470,100,4470,100,100,100,100,290,9760,100,4250,100,66480,3990,16580,630
63,194,ŞANLIURFA,KARAKÖPRÜ,61440,100,100,2390,100,100,100,100,450,100,24030,26040,100,96540,100,44880,140
70,195,KARAMAN,AYRANCI,100,1470,9210,12160,1490,100,100,100,370,5730,100,15890,100,91840,46750,119790,490
73,197,ŞIRNAK,CİZRE,11340,100,100,100,100,100,100,100,100,100,4290,300,6330,118610,100,630,100
47,198,MARDİN,ÖMERLİ,720,100,100,2070,1150,100,100,100,100,100,100,100,100,6080,100,560,100
73,199,ŞIRNAK,İDİL,64730,100,100,520,100,100,100,100,100,100,1330,1200,100,26570,100,158220,100
15,200,BURDUR,BUCAK,100,100,810,760,100,100,100,100,160,1030,100,600,100,116930,2460,38490,110
48,201,MUĞLA,MERKEZ,100,240,100,360,100,100,100,100,100,100,100,450,100,4710,1000,25160,100
63,202,ŞANLIURFA,VİRANŞEHİR,159900,100,100,9610,3040,360,100,420,100,100,429390,429630,100,115070,100,205420,3090
47,203,MARDİN,DERİK,25560,100,100,7050,100,2240,100,610,100,100,18460,167970,100,162340,100,241020,760
73,206,ŞIRNAK,SİLOPİ,24060,100,100,510,100,100,100,100,100,100,38700,29470,100950,95070,100,100,100
15,208,BURDUR,ÇELTİKÇİ,100,110,100,420,100,100,100,100,100,100,100,100,100,8670,1820,2430,100
47,209,MARDİN,MERKEZ,17420,100,100,13390,100,100,100,100,100,100,4910,26440,100,30260,100,114660,100
1,210,ADANA,POZANTI,100,100,100,100,100,100,100,100,100,100,100,100,100,100,100,100,100
80,211,OSMANİYE,SUMBAS,100,100,6190,270,100,100,100,890,100,100,100,24510,6420,5060,100,43920,100
46,213,KAHRAMANMARAŞ,PAZARCIK,6690,100,100,13230,100,100,100,850,150,960,8780,87700,100,48880,100,163250,330
47,214,MARDİN,MİDYAT,17870,100,100,7500,100,100,100,100,100,100,100,100,100,22310,100,23640,100
51,215,NİĞDE,ULUKIŞLA,100,5490,100,9650,1100,100,100,100,100,1450,100,100,100,49780,1160,59150,770
80,216,OSMANİYE,KADİRLİ,100,100,15810,100,100,100,100,6230,100,100,1540,128540,68200,14830,920,156730,2470
30,217,HAKKARİ,ÇUKURCA,100,340,100,100,100,9090,100,100,100,100,100,360,100,100,100,14310,230
48,218,MUĞLA,YATAĞAN,100,100,100,100,130,100,100,100,100,100,100,3140,400,4920,6010,38970,100
2,220,ADIYAMAN,SAMSAT,2710,100,100,10500,100,100,100,100,100,2900,6780,100,100,31670,100,22390,100
47,221,MARDİN,MAZIDAĞI,28280,100,100,2250,100,100,100,100,100,100,100,5720,100,44820,100,13060,100
48,222,MUĞLA,KAVAKLIDERE,100,100,100,120,100,100,100,100,100,100,100,100,100,790,100,2120,100
42,223,KONYA,SEYDİŞEHİR,100,6240,120,3210,10690,100,100,100,270,24350,100,4190,100,59610,100,76320,980
1,225,ADANA,ALADAĞ,100,100,480,100,100,100,100,100,100,100,100,100,100,190,100,1640,100
20,226,DENİZLİ,KALE,100,190,100,320,100,100,100,100,100,100,100,280,100,5300,780,24570,450
63,227,ŞANLIURFA,HİLVAN,157800,100,100,16340,1990,100,100,100,1130,920,40780,11970,100,160720,100,45610,100
20,228,DENİZLİ,ACIPAYAM,100,630,100,2800,100,100,100,100,100,4630,100,1320,100,68140,2350,40340,3270
15,229,BURDUR,AĞLASUN,100,270,100,290,100,100,100,100,100,100,100,280,100,1880,260,9860,100
48,230,MUĞLA,MİLAS,100,100,100,410,800,100,100,100,100,100,5790,11950,100,23710,7720,75930,100
32,231,ISPARTA,SÜTÇÜLER,100,100,100,100,100,100,100,100,100,100,100,100,100,2040,120,4810,100
42,232,KONYA,ÇUMRA,180,88360,91770,20450,18930,100,100,100,2520,186950,100,306780,100,268800,570,168290,690
2,233,ADIYAMAN,BESNİ,7920,100,100,62320,980,100,100,100,100,100,38650,27430,100,71390,100,110220,100
9,234,AYDIN,DİDİM,100,100,100,100,100,100,100,100,100,100,55930,330,100,6170,200,13200,100
73,235,ŞIRNAK,ULUDERE,100,100,100,100,100,100,100,100,100,100,100,100,100,11130,100,15060,100
20,238,DENİZLİ,SERİNHİSAR,100,240,100,2870,100,100,100,100,100,100,100,220,100,11020,100,7840,100
1,239,ADANA,KOZAN,100,100,45250,100,100,100,100,11530,100,100,500,64610,19690,16910,100,215090,2080
46,240,KAHRAMANMARAŞ,ANDIRIN,100,390,8670,260,100,100,100,580,100,100,100,12240,6210,8630,100,64430,100
46,241,KAHRAMANMARAŞ,ÇAĞLAYANCERİT,100,100,100,710,100,100,100,100,100,100,100,100,100,2600,100,2810,100
46,242,KAHRAMANMARAŞ,DULKADİROĞLU,260,100,100,1860,170,100,100,5830,260,2480,17610,47700,780,14870,100,98280,1040
30,243,HAKKARİ,ŞEMDİNLİ,100,2660,100,1120,210,100,100,100,100,100,100,1440,100,12710,100,85610,1600
47,244,MARDİN,DARGEÇİT,330,100,100,480,100,100,100,100,100,100,100,100,100,700,100,3980,100
73,245,ŞIRNAK,GÜÇLÜKONAK,290,100,100,150,100,100,100,100,100,100,100,100,100,5850,100,13570,100
47,246,MARDİN,SAVUR,7820,100,100,2430,100,100,100,100,100,100,9990,1750,100,15030,100,54020,100
9,247,AYDIN,KARPUZLU,100,100,100,100,1160,100,100,100,100,100,100,21260,2430,100,100,2180,100
20,248,DENİZLİ,TAVAS,100,1040,100,8180,100,100,100,100,100,100,100,23410,100,136860,2600,66970,260
15,249,BURDUR,YEŞİLOVA,100,380,100,5430,100,100,100,100,100,1490,100,100,100,53350,12770,47850,100
15,253,BURDUR,MERKEZ,240,1330,140,5430,2190,100,100,100,660,6390,100,1260,100,85420,21990,35970,1430
32,254,ISPARTA,YENİŞARBADEMLİ,100,240,100,100,100,100,100,100,100,100,100,100,100,550,100,1630,100
32,256,ISPARTA,AKSU,100,100,100,100,100,100,100,100,100,100,100,100,100,520,100,990,100
42,257,KONYA,MERKEZ,100,5247.175786,702.8775006,15540.18224,7443.667975,100,100,100,1952.437502,12325.982,100,26787.44252,100,65822.76955,2111.073049,127856.5901,3148.305471
72,258,BATMAN,GERCÜŞ,15040,100,100,880,100,100,100,100,100,100,100,100,100,17510,100,25760,100
72,259,BATMAN,HASANKEYF,140,100,100,100,100,100,100,100,100,100,100,100,100,820,100,3890,100
21,260,DİYARBAKIR,ÇINAR,78450,100,100,5900,100,10850,100,110,100,20170,196940,60510,100,127880,100,144740,3570
73,261,ŞIRNAK,MERKEZ,3140,100,100,350,100,100,100,100,100,100,100,100,100,22800,100,20210,100
2,263,ADIYAMAN,TUT,100,100,100,1050,100,100,100,100,100,100,100,100,100,2870,100,6260,190
9,264,AYDIN,ÇİNE,100,100,100,100,1620,100,100,100,10250,100,790,78880,40040,2760,100,14570,100
2,265,ADIYAMAN,GÖLBAŞI,760,110,3230,9570,100,100,100,100,100,820,100,1720,100,49520,100,58850,100
32,266,ISPARTA,MERKEZ,100,160,100,100,1060,100,100,100,300,390,100,120,100,31060,1770,14920,290
20,267,DENİZLİ,ÇARDAK,100,100,100,180,100,100,100,100,100,2970,100,930,100,39820,140,19830,100
42,268,KONYA,EREĞLİ,100,4080,13440,14690,24490,100,100,100,32650,61900,100,65530,100,222740,3350,286710,17960
42,270,KONYA,KARAPINAR,100,330,92500,1090,20350,100,240,100,6050,149260,100,211310,100,132460,390,226200,100
20,271,DENİZLİ,HONAZ,100,100,100,100,100,100,100,100,100,100,100,360,100,7280,320,20750,100
20,272,DENİZLİ,BABADAĞ,100,100,100,100,100,100,100,100,100,100,100,100,100,310,100,710,100
9,273,AYDIN,BOZDOĞAN,100,100,100,100,1550,100,100,100,100,100,100,1660,130,20500,720,27520,100
46,274,KAHRAMANMARAŞ,ONİKİ ŞUBAT,360,860,100,5680,100,100,100,2430,360,100,900,14590,270,6990,100,100870,900
51,275,NİĞDE,BOR,100,3920,100,7520,20970,100,100,100,27280,21020,100,830,100,89650,1620,146250,2390
9,276,AYDIN,KARACASU,100,930,100,410,100,100,100,100,100,100,100,360,100,26480,100,23630,100
9,277,AYDIN,KOÇARLI,100,100,1930,100,210,100,100,100,690,100,76230,780,100,130,100,15120,100
21,278,DİYARBAKIR,MERKEZ,31399.80965,100,100,1447.490536,100,5277.453533,100,100,100,477.8796506,5007.347643,3829.962997,100,40486.4488,100,69498.59165,311.6606417
2,279,ADIYAMAN,MERKEZ,2940,210,100,83720,100,100,100,100,100,100,6480,2780,100,213870,410,251040,410
51,280,NİĞDE,ÇAMARDI,100,5490,100,9820,1830,100,100,100,100,100,100,100,100,21760,12570,70910,100
73,281,ŞIRNAK,BEYTÜŞŞEBAP,100,21590,100,4470,100,100,100,100,2730,100,100,760,100,10250,100,163580,6000
9,282,AYDIN,YENİPAZAR,100,100,100,100,100,100,100,100,1340,100,10900,16480,100,680,100,17530,100
42,283,KONYA,BEYŞEHİR,11240,3930,100,35400,4500,100,100,100,100,21020,100,100,100,148010,1070,72850,2250
20,284,DENİZLİ,MERKEZEFENDİ,100,100,100,100,100,100,100,100,100,100,13900,3520,100,5190,100,8590,100
2,285,ADIYAMAN,KÂHTA,110,100,100,57960,100,100,100,100,100,100,2910,100,100,102090,100,91180,100
9,286,AYDIN,SÖKE,100,100,5440,100,790,100,100,300,170,100,335700,1670,100,710,100,32050,100
63,287,ŞANLIURFA,SİVEREK,367680,100,3380,26180,420,5000,100,6050,6980,100,141270,283880,100,204010,100,425760,310
42,288,KONYA,HÜYÜK,6030,320,100,9110,470,100,100,100,100,2740,100,100,100,43240,320,21140,100
3,290,AFYONKARAHİSAR,BAŞMAKÇI,100,170,100,100,100,100,100,100,100,210,100,100,100,29160,110,38760,100
1,291,ADANA,FEKE,100,100,100,100,100,100,100,100,100,100,100,100,100,100,100,100,100
20,292,DENİZLİ,BOZKURT,100,190,100,1150,100,100,100,100,110,440,100,1040,100,33890,350,27860,100
56,293,SİİRT,ERUH,310,100,100,100,100,100,100,100,100,100,100,100,100,7660,100,9430,100
42,294,KONYA,DERBENT,100,990,120,5590,1350,100,100,100,100,1330,100,100,100,12150,3090,21290,100
51,295,NİĞDE,ALTUNHİSAR,100,680,100,670,6290,100,100,100,1290,120,100,100,100,10360,100,61910,360
32,296,ISPARTA,GÖNEN,100,100,100,550,100,100,100,100,110,940,100,100,100,28490,2300,6670,100
42,297,KONYA,EMİRGAZİ,100,100,520,740,1310,100,100,100,100,24040,100,2500,100,225520,570,201690,100
32,298,ISPARTA,ATABEY,100,100,100,100,100,100,100,100,300,6670,100,100,100,18600,190,5820,100
3,299,AFYONKARAHİSAR,DAZKIRI,100,700,100,340,100,100,100,100,100,510,100,1480,100,29520,270,26900,100
32,300,ISPARTA,KEÇİBORLU,100,100,100,280,100,100,100,100,100,110,100,100,100,41220,100,9950,100
46,301,KAHRAMANMARAŞ,EKİNÖZÜ,100,100,100,5290,100,100,100,100,100,100,100,1250,100,40120,100,4450,100
30,302,HAKKARİ,MERKEZ,100,580,100,330,440,100,100,100,100,100,100,300,100,100,100,156480,1160
1,303,ADANA,SAİMBEYLİ,100,100,100,100,100,100,100,100,100,100,100,100,100,100,100,250,100
30,304,HAKKARİ,YÜKSEKOVA,100,240,100,2200,100,100,100,100,100,100,100,100,100,14320,100,302520,310
9,305,AYDIN,KUŞADASI,100,100,100,100,100,100,100,100,100,100,100,220,100,1970,100,10070,100
20,306,DENİZLİ,SARAYKÖY,100,100,100,100,100,100,100,100,100,100,62080,700,100,7860,130,34110,100
2,307,ADIYAMAN,ÇELİKHAN,100,7920,100,100,130,100,100,100,100,100,100,11180,100,550,100,1250,1670
32,308,ISPARTA,EĞİRDİR,100,420,100,240,190,100,100,100,100,100,100,100,100,1280,100,8710,200
21,309,DİYARBAKIR,BİSMİL,122580,100,100,5980,100,100,100,240,270,100,152850,121630,100,80420,100,387560,220
56,310,SİİRT,TİLLO,100,100,100,100,100,100,100,100,100,100,100,100,100,100,100,190,100
9,311,AYDIN,İNCİRLİOVA,100,100,100,100,100,100,100,100,110,100,49320,1810,100,170,100,13830,100
21,312,DİYARBAKIR,KAYAPINAR,5170,100,100,4650,100,170,100,720,100,100,9820,13210,100,20950,100,72130,100
9,313,AYDIN,MERKEZ,100,100,100,100,100,100,100,100,9960,100,68810,8610,110,3630,100,45900,100
2,314,ADIYAMAN,SİNCİK,100,100,100,280,100,100,100,100,100,100,100,200,100,2040,100,11790,100
9,315,AYDIN,BUHARKENT,100,180,100,100,100,100,100,100,100,100,660,100,100,700,100,1840,100
9,316,AYDIN,KÖŞK,100,100,100,100,100,100,100,100,7460,100,13390,420,100,100,100,5510,100
9,317,AYDIN,SULTANHİSAR,100,100,100,100,100,100,100,100,100,100,5180,13420,100,640,100,10600,100
46,318,KAHRAMANMARAŞ,NURHAK,100,290,100,2250,100,100,100,100,100,100,100,100,100,6760,100,20320,100
9,319,AYDIN,GERMENCİK,100,100,670,100,100,100,100,100,100,100,77380,100,100,2140,100,13790,100
38,320,KAYSERİ,YAHYALI,100,970,100,15930,330,100,100,100,390,7200,100,2370,100,45900,100,77320,100
3,321,AFYONKARAHİSAR,EVCİLER,100,100,2010,100,100,100,100,100,100,830,100,750,100,32850,100,62460,100
72,322,BATMAN,MERKEZ,14460,100,100,100,100,100,100,100,100,100,2120,21570,100,12350,100,37700,100
72,323,BATMAN,BEŞİRİ,20950,100,100,100,100,100,100,100,100,100,100,1640,100,7720,100,41780,100
56,324,SİİRT,MERKEZ,7780,100,100,730,100,100,100,100,100,100,1430,660,100,8160,100,7600,100
56,325,SİİRT,KURTALAN,89520,100,100,1150,100,100,100,100,100,100,1920,18050,100,23560,100,158830,100
21,326,DİYARBAKIR,YENİŞEHİR,950,100,100,1510,280,210,100,290,100,100,33470,51660,100,28680,100,49630,100
32,327,ISPARTA,ULUBORLU,100,100,100,100,100,100,100,100,100,100,100,100,100,5540,100,3180,100
20,328,DENİZLİ,PAMUKKALE,100,100,100,770,100,100,100,100,100,100,14510,11370,100,11590,100,48550,100
56,329,SİİRT,PERVARİ,120,100,100,1120,100,100,100,100,100,100,100,100,100,1810,100,49590,100
44,330,MALATYA,DOĞANŞEHİR,570,24680,100,16820,1380,100,100,100,100,2100,100,100,100,19590,100,48510,2430
2,331,ADIYAMAN,GERGER,100,100,100,100,100,100,100,100,100,100,100,100,100,4480,100,460,100
32,332,ISPARTA,ŞARKİKARAAĞAÇ,100,5840,100,5160,100,100,100,100,330,5510,100,100,100,44010,1110,48420,2850
42,333,KONYA,KARATAY,100,1790,241080,2470,35770,100,2030,100,100,99010,100,157510,100,319940,1910,544740,1160
51,334,NİĞDE,ÇİFTLİK,100,1620,100,300,19940,100,100,100,100,100,100,100,100,2470,110,26520,100
32,335,ISPARTA,GELENDOST,150,640,100,3430,100,100,100,100,100,100,100,100,100,25810,100,12770,100
9,336,AYDIN,KUYUCAK,100,280,100,100,100,100,100,100,100,100,1600,100,100,11530,100,41350,100
20,337,DENİZLİ,BAKLAN,100,110,160,2390,100,100,100,100,270,22890,100,27980,100,45610,1380,2470,100
35,338,İZMİR,SELÇUK,100,100,100,100,100,100,100,100,6230,100,16210,4280,100,1760,100,5610,100
9,339,AYDIN,NAZİLLİ,100,100,100,100,190,100,100,100,440,100,45380,7390,150,7200,440,33730,100
21,340,DİYARBAKIR,ÇERMİK,18660,100,800,10150,100,2130,100,100,100,100,1300,360,100,34010,100,50320,420
42,341,KONYA,DOĞANHİSAR,100,2250,100,10130,1560,100,100,100,100,3210,100,100,100,25350,630,71620,250
35,342,İZMİR,BEYDAĞ,100,100,100,100,2480,100,100,100,100,100,100,100,100,4820,100,7480,100
42,343,KONYA,SELÇUKLU,100,9390,24780,3270,1530,100,940,100,100,24690,100,28710,100,242290,7860,208300,190
51,344,NİĞDE,MERKEZ,100,177920,100,17270,144540,100,100,100,4410,2070,100,100,100,67330,23320,313930,4030
68,345,AKSARAY,GÜZELYURT,100,980,100,4530,13890,100,100,100,100,100,100,100,100,21480,100,23440,100
32,346,ISPARTA,SENİRKENT,100,100,100,100,100,100,100,100,180,8020,100,100,100,20200,100,4440,110
20,347,DENİZLİ,ÇAL,100,130,1730,2080,100,100,100,100,100,4530,100,30130,100,29500,6400,20120,100
20,348,DENİZLİ,GÜNEY,100,100,100,2340,100,100,100,100,100,100,100,100,100,41730,1190,12920,340
20,349,DENİZLİ,BULDAN,100,180,100,100,100,100,100,100,100,100,3120,270,100,8150,100,16110,100
46,350,KAHRAMANMARAŞ,GÖKSUN,100,7750,100,10510,2920,100,100,100,100,2520,100,440,100,30370,100,81940,600
1,351,ADANA,TUFANBEYLİ,100,100,100,100,100,100,100,100,100,100,100,100,100,100,100,100,100
3,352,AFYONKARAHİSAR,KIZILÖREN,100,100,100,360,4960,100,100,100,100,100,100,100,100,19030,1730,8620,370
44,353,MALATYA,PÜTÜRGE,370,220,100,680,100,100,100,100,100,100,100,1010,100,4200,100,20670,110
68,354,AKSARAY,SULTANHANI,100,100,9150,100,100,100,100,100,100,65100,100,6910,100,75410,370,44200,100
44,355,MALATYA,DOĞANYOL,100,100,100,100,100,100,100,100,100,100,100,100,100,570,100,1750,100
21,356,DİYARBAKIR,EĞİL,4450,100,100,1740,100,100,100,100,100,100,1930,3030,100,12520,100,25700,100
21,357,DİYARBAKIR,SUR,107090,100,100,10000,100,2280,100,100,100,100,44910,24090,100,309370,100,442120,100
21,358,DİYARBAKIR,ÇÜNGÜŞ,170,550,100,490,100,100,100,100,170,100,100,1290,100,3720,100,7380,200
35,359,İZMİR,TİRE,100,100,100,100,23750,100,100,100,31670,100,4450,18620,100,51310,100,37410,100
65,360,VAN,BAHÇESARAY,100,100,100,100,100,100,100,100,100,100,100,100,100,1470,100,31920,100
56,361,SİİRT,BAYKAN,570,100,100,100,100,100,100,100,100,100,100,100,100,100,100,6310,100
56,362,SİİRT,ŞİRVAN,100,100,100,100,100,100,100,100,100,100,100,100,100,2360,100,14870,100
20,363,DENİZLİ,BEKİLLİ,100,100,100,3720,100,100,100,100,100,100,100,100,100,8190,100,450,210
21,364,DİYARBAKIR,HAZRO,17750,100,100,3230,100,1410,100,100,100,100,100,100,100,37720,100,5880,100
3,365,AFYONKARAHİSAR,DİNAR,100,970,660,940,24250,100,100,100,100,20930,100,430,100,114560,4850,108040,520
21,366,DİYARBAKIR,KOCAKÖY,6500,100,100,140,100,100,100,100,190,100,100,740,100,71430,100,30290,100
21,367,DİYARBAKIR,ERGANİ,72330,100,6960,63870,1090,1640,100,520,2930,840,9550,1870,100,88000,100,274510,100
21,368,DİYARBAKIR,SİLVAN,14870,100,100,2070,100,100,100,100,100,100,100,5300,100,14440,100,50630,100
44,369,MALATYA,KALE,100,100,100,100,100,100,100,100,100,100,100,100,100,290,100,1190,100
38,370,KAYSERİ,DEVELİ,100,1770,100,3760,5580,100,100,100,100,22380,100,360,100,53970,330,237900,100
50,371,NEVŞEHİR,DERİNKUYU,100,88420,100,1140,35870,100,100,100,100,100,100,100,100,10040,14600,59110,120
45,372,MANİSA,SARIGÖL,100,100,100,100,100,100,100,100,100,100,100,100,100,14130,100,58850,110
68,373,AKSARAY,GÜLAĞAÇ,100,15610,100,1700,12610,100,100,100,100,5370,100,100,100,49200,1580,61510,120
38,374,KAYSERİ,YEŞİLHİSAR,100,25080,100,4030,49270,100,100,100,4480,58430,100,2740,100,20960,5020,104780,100
42,375,KONYA,ALTINEKİN,100,22240,81870,4110,11860,100,100,100,100,126600,100,180190,100,127460,960,150520,710
44,376,MALATYA,MERKEZ,100,100,100,650,100,100,100,100,100,1000,100,200,100,41180,100,32650,100
13,377,BİTLİS,HİZAN,100,7200,100,100,500,100,100,100,100,100,100,100,100,170,100,74520,100
44,378,MALATYA,YEŞİLYURT,100,100,100,280,100,100,100,100,100,100,100,100,100,5930,100,6950,100
65,379,VAN,ÇATAK,100,100,100,1080,600,100,100,100,100,100,100,100,100,33060,100,26880,100
44,380,MALATYA,AKÇADAĞ,170,100,100,920,100,100,100,100,100,100,100,100,100,25430,2020,39300,100
35,381,İZMİR,KİRAZ,100,100,100,100,2370,100,100,100,100,100,100,100,100,9350,100,18870,100
35,382,İZMİR,TORBALI,100,100,100,100,100,100,100,100,68630,100,55090,28740,100,7630,8110,19850,100
32,383,ISPARTA,YALVAÇ,5920,4540,100,42590,2130,100,100,100,380,100,100,100,100,141630,4250,48420,450
35,384,İZMİR,BAYINDIR,100,100,100,100,7920,100,100,100,66430,100,5110,10020,100,100,100,32190,100
35,385,İZMİR,SEFERİHİSAR,100,100,100,100,100,100,100,100,100,100,100,100,100,1380,100,3510,100
72,386,BATMAN,KOZLUK,6000,100,100,100,100,100,100,100,100,100,120,670,100,6540,100,21580,100
21,387,DİYARBAKIR,DİCLE,1680,100,100,970,100,100,100,100,100,100,100,100,100,18810,100,6950,100
35,388,İZMİR,MENDERES,100,100,100,100,100,100,100,100,6890,100,3200,14940,100,16160,1450,68310,100
23,389,ELAZIĞ,SİVRİCE,100,810,100,350,100,100,100,100,100,110,100,100,100,7110,100,26120,100
20,390,DENİZLİ,ÇİVRİL,100,370,660,6640,100,100,100,100,8260,51180,100,99680,100,123120,800,13580,100
42,391,KONYA,AKŞEHİR,100,100,100,1640,110,100,100,100,100,10960,100,470,100,58910,2970,124930,100
64,392,UŞAK,KARAHALLI,100,100,100,8710,100,100,470,100,100,100,100,100,100,36410,970,8490,210
46,393,KAHRAMANMARAŞ,AFŞİN,100,7050,230,23070,8330,100,100,100,3200,23300,100,15070,100,118500,130,218250,130
46,394,KAHRAMANMARAŞ,ELBİSTAN,100,1350,100,26050,3370,100,100,100,100,42450,100,81400,100,222010,100,87650,2020
38,395,KAYSERİ,TOMARZA,100,1460,100,6780,42610,100,100,100,100,3530,100,100,100,99980,680,180810,100
35,396,İZMİR,ÖDEMİŞ,100,100,100,100,205840,100,100,100,1870,100,100,100,100,15120,100,6740,100
35,397,İZMİR,GAZİEMİR,100,100,100,100,100,100,100,100,100,100,100,100,100,620,100,5500,100
42,398,KONYA,ILGIN,100,1740,24730,32120,1270,100,100,130,100,41830,100,8050,100,171730,16740,168530,100
35,399,İZMİR,GÜZELBAHÇE,100,100,100,100,100,100,100,100,100,100,100,100,100,120,100,140,100
35,401,İZMİR,BUCA,100,100,100,100,100,100,100,100,1860,100,100,4750,100,680,100,5990,100
35,402,İZMİR,KARABAĞLAR,100,100,100,100,100,100,100,100,100,100,100,100,100,100,100,100,100
35,404,İZMİR,NARLIDERE,100,100,100,100,1346.565595,100,100,100,100,100,100,100,100,100,100,100,100
35,405,İZMİR,BALÇOVA,100,100,100,100,100,100,100,100,100,100,100,100,100,2190,100,100,100
23,406,ELAZIĞ,MADEN,100,5150,100,380,110,100,100,100,230,410,100,100,100,7010,100,30230,100
23,407,ELAZIĞ,ALACAKAYA,100,100,100,100,100,100,100,100,100,100,100,100,100,310,100,1860,100
21,408,DİYARBAKIR,HANİ,3680,100,100,1890,100,100,100,100,200,100,100,150,100,30460,100,540,990
50,409,NEVŞEHİR,ACIGÖL,100,4340,100,11050,9410,100,100,100,100,100,100,100,100,22620,3270,97370,120
38,410,KAYSERİ,HACILAR,100,100,100,100,100,100,100,100,100,100,100,100,100,510,140,2150,100
35,411,İZMİR,KONAK,100,100,100,100,100,100,100,100,100,100,100,100,100,100,100,100,100
68,412,AKSARAY,ESKİL,100,100,53000,100,7820,100,1250,100,100,105270,100,120910,100,90210,100,239040,100
42,413,KONYA,TUZLUKÇU,100,3060,4010,7470,3060,100,100,100,100,21010,100,5820,100,166600,12920,90110,100
38,415,KAYSERİ,TALAS,100,100,100,1320,4890,100,100,100,100,100,100,100,100,45090,3060,55510,100
50,416,NEVŞEHİR,MERKEZ,100,18450,100,2040,6980,100,100,100,100,100,100,100,100,39680,3000,47550,270
3,417,AFYONKARAHİSAR,ŞUHUT,100,1870,310,740,28070,100,100,100,100,3980,100,100,100,48320,100,53120,100
68,418,AKSARAY,MERKEZ,100,4870,15540,61190,36930,100,100,100,5040,58750,100,9870,100,688770,2520,434040,1100
38,419,KAYSERİ,SARIZ,100,100,100,2580,5740,100,100,100,100,100,100,100,100,26430,100,201430,100
64,420,UŞAK,ULUBEY,100,100,1300,36020,100,100,100,100,100,100,100,100,100,105770,1670,20850,420
72,421,BATMAN,SASON,100,100,100,100,100,100,100,100,100,100,100,100,100,8240,100,23420,100
45,422,MANİSA,ALAŞEHİR,100,100,100,570,100,100,100,100,480,100,160,1130,100,59300,100,84160,100
13,423,BİTLİS,MERKEZ,100,1780,100,100,140,100,100,100,100,100,100,100,100,3930,100,11760,100
35,424,İZMİR,ÇEŞME,100,100,100,100,100,100,100,100,100,100,100,100,100,390,100,840,320
3,426,AFYONKARAHİSAR,ÇAY,100,360,120,480,2100,100,100,260,100,9160,100,230,100,68430,480,80890,100
23,428,ELAZIĞ,ARICAK,100,100,100,100,100,100,100,100,100,100,100,100,100,2080,100,10110,100
64,429,UŞAK,SİVASLI,100,1190,940,12410,100,100,100,100,400,730,100,1030,100,71470,2480,7230,260
44,430,MALATYA,YAZIHAN,100,100,100,1990,100,100,100,100,100,10770,100,620,100,33210,100,34910,100
65,431,VAN,BAŞKALE,100,100,100,860,100,100,100,100,100,100,100,100,100,123120,100,322090,100
50,432,NEVŞEHİR,ÜRGÜP,100,2680,100,7540,7530,100,100,100,120,450,100,100,100,13120,6330,39800,100
35,433,İZMİR,URLA,100,100,100,100,100,100,100,100,150,100,100,100,100,1400,1240,3980,100
21,434,DİYARBAKIR,LİCE,100,100,100,130,100,100,100,100,1130,100,100,100,100,12300,100,27000,110
35,436,İZMİR,BAYRAKLI,100,100,100,100,100,100,100,100,100,100,100,100,100,100,100,100,100
3,437,AFYONKARAHİSAR,SANDIKLI,100,760,330,1010,40850,100,100,100,100,11180,100,180,100,167380,4260,49360,6170
65,438,VAN,EDREMİT,100,1110,100,100,100,100,100,100,100,1890,100,390,100,58350,100,50790,100
64,439,UŞAK,EŞME,100,100,100,7420,100,100,100,100,100,100,100,100,100,148370,430,24390,100
13,440,BİTLİS,MUTKİ,100,100,100,100,100,100,100,100,100,100,100,9290,100,2880,100,21080,100
44,441,MALATYA,DARENDE,200,200,100,15190,1910,100,100,100,100,11340,100,100,100,55430,990,133180,100
35,442,İZMİR,KEMALPAŞA,100,100,100,100,100,100,100,100,100,100,100,100,100,17360,100,40310,100
23,443,ELAZIĞ,BASKİL,100,100,100,590,100,100,100,100,100,100,100,100,100,4670,100,11720,100
35,445,İZMİR,KARŞIYAKA,100,100,100,100,100,100,100,100,100,100,100,100,100,100,100,100,100
35,446,İZMİR,BORNOVA,100,100,100,100,100,100,100,100,100,100,100,100,100,1280,100,1110,100
38,447,KAYSERİ,İNCESU,100,380,100,690,2620,100,100,100,100,6600,100,100,100,21610,730,116280,100
35,448,İZMİR,ÇİĞLİ,100,100,560,100,100,100,100,100,100,100,10990,100,100,1220,100,5630,100
65,451,VAN,GÜRPINAR,100,620,100,560,120,100,100,100,100,5260,100,100,100,104060,100,191300,100
45,453,MANİSA,AHMETLİ,100,100,100,280,100,100,100,100,18230,100,9120,3250,100,9810,100,47610,100
3,454,AFYONKARAHİSAR,HOCALAR,100,100,100,590,100,100,100,100,100,100,100,100,100,9320,360,10650,100
45,455,MANİSA,TURGUTLU,100,910,100,290,140,100,100,100,26770,100,9070,42320,100,6660,100,47120,100
21,456,DİYARBAKIR,KULP,100,480,100,380,100,100,100,100,580,100,100,100,100,11120,100,24110,480
42,458,KONYA,SARAYÖNÜ,100,13720,5930,40500,11520,100,100,100,100,14890,100,23490,100,266320,14270,474900,100
3,459,AFYONKARAHİSAR,SULTANDAĞI,100,440,100,100,150,100,100,100,100,100,100,100,100,56500,330,90600,100
42,460,KONYA,KADINHANI,100,21010,86460,39910,10040,100,100,100,100,55440,100,52150,100,257230,12840,334160,280
3,461,AFYONKARAHİSAR,ÇOBANLAR,100,100,260,100,2440,100,100,100,100,5050,100,960,100,32840,100,16040,100
50,462,NEVŞEHİR,GÜLŞEHİR,100,2870,140,9430,15570,100,100,100,4190,21150,100,100,100,182260,2990,91050,100
65,463,VAN,GEVAŞ,100,2620,100,1350,1680,100,100,100,100,30030,100,100,100,27590,100,39580,100
45,464,MANİSA,KULA,18110,140,100,4230,170,100,100,100,640,100,100,130,100,112600,710,8600,100
49,465,MUŞ,HASKÖY,100,100,100,100,100,100,100,100,100,100,100,100,100,100,100,100,100
38,466,KAYSERİ,MELİKGAZİ,100,190,100,2800,2360,100,100,100,100,1680,100,100,100,63500,7540,29200,100
23,468,ELAZIĞ,MERKEZ,4290,530,100,3390,300,100,100,100,4220,14920,100,100,100,169000,380,110310,2980
13,469,BİTLİS,GÜROYMAK,100,2520,100,320,900,100,100,100,100,470,100,100,100,42470,100,76810,540
23,470,ELAZIĞ,KEBAN,100,380,100,1700,100,100,100,100,100,100,100,100,100,11510,100,4910,100
45,471,MANİSA,SALİHLİ,100,270,100,730,1210,100,100,100,24500,100,18200,27270,100,58600,100,143400,100
23,472,ELAZIĞ,PALU,1270,960,100,1020,100,100,100,100,190,100,100,100,100,40510,100,32040,290
68,473,AKSARAY,AĞAÇÖREN,100,330,810,11350,300,100,100,100,430,1020,100,100,100,138790,100,86610,100
13,474,BİTLİS,TATVAN,100,57200,100,230,6360,100,100,100,100,25310,100,100,100,14390,100,55120,100
68,475,AKSARAY,ORTAKÖY,100,4800,270,32120,6180,100,100,100,100,15200,100,100,100,303190,100,25450,890
45,476,MANİSA,GÖLMARMARA,100,100,100,180,100,100,100,100,24200,100,21520,7260,100,1460,100,10950,100
35,477,İZMİR,KARABURUN,100,100,100,100,100,100,100,100,100,100,100,100,100,520,100,520,100
3,479,AFYONKARAHİSAR,BOLVADİN,100,480,100,860,8180,100,100,100,100,22280,100,100,100,114130,100,18040,100
35,480,İZMİR,MENEMEN,100,100,5010,100,100,100,100,100,2340,100,109070,3680,100,1940,100,24690,100
23,481,ELAZIĞ,KOVANCILAR,2810,100,100,1510,100,100,100,100,100,8440,100,100,100,94200,100,82290,170
64,482,UŞAK,MERKEZ,100,1850,790,33970,540,100,100,100,2310,6020,100,1780,100,142230,12480,40060,1540
12,483,BİNGÖL,GENÇ,100,510,100,180,320,100,100,100,100,100,100,100,100,3980,100,17450,100
38,484,KAYSERİ,BÜNYAN,100,1030,100,27100,43010,100,100,100,110,41190,100,100,100,202380,100,105980,100
3,485,AFYONKARAHİSAR,SİNANPAŞA,100,2580,2530,1310,2800,100,100,100,100,2050,100,100,100,55480,470,56630,100
35,486,İZMİR,FOÇA,100,140,180,100,100,100,100,100,4130,100,11860,1090,100,3950,100,9990,970
44,487,MALATYA,KULUNCAK,1700,130,100,5010,100,100,100,100,100,100,100,100,100,16100,970,97000,100
42,488,KONYA,YUNAK,100,17500,45940,7300,8310,100,4460,100,100,87850,100,78430,100,486770,13850,325710,2990
45,489,MANİSA,KÖPRÜBAŞI,100,100,100,100,100,100,100,100,130,100,100,100,100,14070,100,26850,100
68,490,AKSARAY,SARIYAHŞİ,100,100,100,11330,100,100,100,100,100,11440,100,100,100,29810,100,50100,100
38,491,KAYSERİ,MERKEZ,100,4270,100,14300,4640,100,100,100,330,44980,100,100,100,175060,450,223250,100
64,492,UŞAK,BANAZ,100,1540,270,32630,540,100,100,100,590,1280,100,480,100,69830,11960,8490,460
3,493,AFYONKARAHİSAR,MERKEZ,100,950,7630,2570,10930,100,100,100,100,4910,100,1860,100,86600,1000,142430,140
45,494,MANİSA,MERKEZ,100,100,100,100,100,100,100,100,2830,100,2870,11340,100,240,100,4700,100
42,495,KONYA,CİHANBEYLİ,240,6500,101820,57490,9740,100,810,100,100,127280,100,140050,100,100,3650,1171780,100
58,496,SİVAS,GÜRÜN,100,100,100,88960,940,100,100,100,100,100,100,100,100,260160,21180,286710,100
50,497,NEVŞEHİR,AVANOS,100,170,100,15530,360,100,100,100,1790,7240,100,100,100,197670,17010,237650,100
43,498,KÜTAHYA,DUMLUPINAR,100,100,260,2060,100,100,100,100,100,1950,100,100,100,33510,1020,4330,100
45,499,MANİSA,SELENDİ,100,100,100,120,100,100,100,100,140,100,100,100,100,5350,1380,15200,100
49,500,MUŞ,KORKUT,100,100,100,100,100,100,100,100,100,100,100,100,100,100,100,100,100
23,501,ELAZIĞ,AĞIN,100,100,100,3000,100,100,100,100,100,100,100,100,100,17700,100,450,100
38,502,KAYSERİ,AKKIŞLA,100,100,100,1880,100,100,100,100,100,900,100,100,100,17190,990,31060,100
65,503,VAN,SARAY,100,100,100,160,100,100,100,100,100,100,100,100,100,47580,100,194940,100
65,504,VAN,MERKEZ,100,100,100,120,150,100,100,100,100,320,100,100,100,58320,100,125660,100
44,505,MALATYA,HEKİMHAN,210,100,100,11100,100,100,100,100,100,100,100,100,100,9000,100,82170,100
62,507,TUNCELİ,PERTEK,100,100,100,1190,100,100,100,100,100,100,100,100,100,9520,100,17760,100
3,508,AFYONKARAHİSAR,İSCEHİSAR,100,170,110,330,100,100,100,100,100,100,100,100,100,2710,100,27780,100
6,509,ANKARA,EVREN,260,240,100,10470,100,100,100,100,100,100,100,100,100,50750,100,38220,310
44,510,MALATYA,ARGUVAN,100,100,100,2230,100,100,100,100,100,1340,100,100,100,102450,100,33930,100
38,511,KAYSERİ,PINARBAŞI,100,1410,100,9120,10130,100,100,100,100,16420,100,100,100,351340,3150,431130,100
50,512,NEVŞEHİR,HACIBEKTAŞ,100,100,3700,47880,100,100,100,100,100,31410,100,100,100,203180,7190,190670,100
43,513,KÜTAHYA,PAZARLAR,100,100,100,100,100,100,100,100,100,100,100,100,100,2250,100,3360,100
42,514,KONYA,ÇELTİK,100,3880,48490,280,3460,100,60990,100,100,86580,100,57380,100,76740,580,82450,10160
45,515,MANİSA,YUNUSEMRE,100,100,100,100,100,100,100,100,1030,100,140,3330,100,590,100,3990,100
13,516,BİTLİS,AHLAT,100,6820,100,230,4250,100,100,100,100,810,100,100,100,11470,100,9880,100
62,517,TUNCELİ,MAZGİRT,100,100,100,380,100,100,100,100,100,1560,100,100,100,16370,100,28500,100
35,518,İZMİR,ALİAĞA,100,100,100,100,100,100,100,100,100,100,1410,1430,100,10380,580,14770,100
44,520,MALATYA,ARAPGİR,100,240,100,880,100,100,100,100,100,100,100,100,100,49500,100,40050,100
38,521,KAYSERİ,FELAHİYE,100,520,100,79050,100,100,100,100,100,23120,100,100,100,50350,2200,5300,100
45,522,MANİSA,SARUHANLI,100,100,100,100,100,100,100,100,16260,100,17610,31540,100,7150,100,64290,100
43,523,KÜTAHYA,ŞAPHANE,100,540,100,100,100,100,100,100,100,100,100,100,100,770,110,3020,100
49,524,MUŞ,MERKEZ,100,100,100,100,100,100,100,100,100,100,100,100,100,100,100,100,100
65,525,VAN,TUŞBA,100,9120,100,1290,1820,100,100,100,100,1080,100,100,100,226510,100,152240,100
12,526,BİNGÖL,MERKEZ,100,1690,100,2050,100,120,100,100,100,100,100,1440,100,59380,100,36280,100
12,527,BİNGÖL,SOLHAN,100,680,100,270,100,100,100,100,100,100,100,100,100,1510,100,18910,100
38,528,KAYSERİ,ÖZVATAN,480,360,100,7710,130,100,100,100,100,4290,100,100,100,20770,870,17680,100
62,529,TUNCELİ,ÇEMİŞGEZEK,2900,100,100,1440,100,100,100,100,100,100,100,100,100,52830,100,24300,100
3,530,AFYONKARAHİSAR,BAYAT,100,120,120,640,100,100,100,100,100,100,100,100,100,9280,100,10180,100
6,531,ANKARA,ŞEREFLİKOÇHİSAR,4020,170,1140,247400,3350,100,100,100,130,21980,100,3890,100,477440,2880,68690,46930
23,532,ELAZIĞ,KARAKOÇAN,100,140,100,330,100,100,100,100,100,100,100,100,100,45280,100,71270,100
13,533,BİTLİS,ADİLCEVAZ,100,40390,100,100,23040,100,100,100,100,17220,100,100,100,90290,100,208590,100
65,536,VAN,ÖZALP,100,100,100,200,210,100,100,100,100,100,100,100,100,118550,100,182540,100
42,537,KONYA,KULU,26800,1480,2000,63760,100,100,100,140,100,17990,100,4430,100,561970,10910,418600,140
45,538,MANİSA,GÖRDES,100,100,100,1880,650,100,100,100,260,100,100,100,100,8160,100,44920,260
40,539,KIRŞEHİR,MUCUR,100,390,7800,75450,1100,100,100,100,320,36130,100,100,100,237920,3610,145350,260
38,540,KAYSERİ,SARIOĞLAN,100,310,100,2920,1240,100,100,100,100,47500,100,100,100,102000,1150,97290,100
3,541,AFYONKARAHİSAR,İHSANİYE,100,520,6780,1550,11260,100,100,100,100,550,100,100,100,37770,11620,101100,100
43,542,KÜTAHYA,ALTINTAŞ,100,310,130,3950,820,100,100,100,100,50230,100,700,100,110330,100,49760,130
43,543,KÜTAHYA,GEDİZ,100,1640,130,1470,190,100,100,100,100,170,100,290,100,21570,100,16120,450
62,544,TUNCELİ,HOZAT,100,200,100,2060,100,100,100,100,100,100,100,100,100,1050,100,3080,100
3,545,AFYONKARAHİSAR,EMİRDAĞ,100,430,43500,5780,14460,100,2080,100,100,92160,100,21050,100,312890,10260,291550,100
45,546,MANİSA,DEMİRCİ,100,210,120,1530,200,100,100,100,100,100,100,110,100,6920,220,18360,100
66,547,YOZGAT,ÇANDIR,100,100,100,38310,1410,100,100,100,100,10290,100,100,100,8950,100,50910,100
26,548,ESKİŞEHİR,HAN,100,100,100,100,100,100,100,100,100,100,100,100,100,1810,100,18480,100
66,549,YOZGAT,YENİFAKILI,100,100,100,15940,330,100,100,100,100,66050,100,100,100,112180,100,57930,100
35,550,İZMİR,KINIK,100,100,100,100,100,100,100,100,15800,100,35250,15980,100,2010,100,13880,100
45,551,MANİSA,AKHİSAR,100,100,100,2670,100,100,100,100,18080,100,16140,9160,100,15370,450,114540,320
50,552,NEVŞEHİR,KOZAKLI,14490,120,100,10560,100,100,100,100,100,17200,100,100,100,247450,1140,196710,100
43,553,KÜTAHYA,HİSARCIK,100,100,100,100,130,100,100,100,100,100,100,100,100,1660,100,6800,100
58,554,SİVAS,ALTINYAYLA,100,100,100,100,1450,100,100,100,100,2330,100,100,100,61660,14420,67630,100
12,555,BİNGÖL,YAYLADERE,100,530,100,100,100,100,100,100,100,100,100,100,100,100,100,3240,100
24,556,ERZİNCAN,KEMALİYE,380,1540,100,4790,100,100,100,100,100,100,100,100,100,45360,100,32770,100
62,557,TUNCELİ,MERKEZ,100,100,100,140,100,100,100,100,100,100,100,100,100,2150,100,2850,100
62,558,TUNCELİ,NAZIMİYE,100,100,100,100,100,100,100,100,3690,100,100,100,100,2170,100,2390,100
40,559,KIRŞEHİR,BOZTEPE,100,100,55550,65310,100,100,100,100,100,2870,100,100,100,274380,4970,73130,100
58,560,SİVAS,GEMEREK,100,330,100,7870,9840,100,100,100,100,34390,100,100,100,91770,2730,108830,100
43,561,KÜTAHYA,ÇAVDARHİSAR,100,270,100,1060,670,100,100,100,100,2850,100,100,100,12240,270,53510,100
66,562,YOZGAT,BOĞAZLIYAN,12580,9050,6730,125810,21260,100,100,100,100,304710,100,4060,100,243540,100,150640,290
40,563,KIRŞEHİR,KAMAN,3110,520,3890,472710,220,100,100,100,330,730,100,950,100,28190,100,141440,250
58,564,SİVAS,KANGAL,790,100,100,10670,8890,100,100,100,100,5290,100,100,100,191140,14490,357560,100
43,565,KÜTAHYA,ASLANAPA,100,110,100,1110,150,100,100,100,100,8830,100,290,100,10820,240,80230,100
65,566,VAN,MURADİYE,100,100,100,100,170,100,100,100,100,6560,100,100,100,77240,100,63800,100
35,567,İZMİR,DİKİLİ,100,100,11950,100,2130,100,100,100,1200,100,24350,8690,100,1290,100,21350,1280
12,568,BİNGÖL,ADAKLI,100,100,100,100,100,100,100,100,100,100,100,100,100,570,100,4920,100
40,569,KIRŞEHİR,MERKEZ,1750,1020,16960,136140,7900,100,100,100,100,21940,100,100,100,417480,8310,143890,500
49,570,MUŞ,VARTO,100,100,100,100,100,100,100,100,100,100,100,100,100,100,100,100,100
49,571,MUŞ,BULANIK,100,100,100,100,100,100,100,100,100,100,100,100,100,100,100,100,100
26,572,ESKİŞEHİR,ÇİFTELER,100,350,23950,2710,6390,100,290,100,100,75170,100,27700,100,110850,4340,237490,2050
12,573,BİNGÖL,KİĞI,100,210,100,100,100,100,100,100,100,100,100,100,100,1780,100,6360,100
66,574,YOZGAT,ÇAYIRALAN,100,100,100,36800,180,100,100,100,100,200,100,100,100,10000,130,55510,100
45,575,MANİSA,KIRKAĞAÇ,100,440,100,960,100,100,100,100,6380,100,1280,32040,100,3130,100,27580,100
26,576,ESKİŞEHİR,GÜNYÜZÜ,100,100,100,1200,100,100,1120,100,100,12080,100,100,100,52170,4250,67940,1880
10,577,BALIKESİR,SINDIRGI,100,1130,410,1680,100,100,100,100,6480,100,100,160,100,3580,810,61270,100
71,578,KIRIKKALE,ÇELEBİ,100,240,990,20200,100,100,100,100,100,2680,100,7950,100,29050,100,63740,100
12,580,BİNGÖL,KARLIOVA,100,11150,100,100,1670,100,100,100,100,100,100,100,100,9290,100,71040,100
62,581,TUNCELİ,OVACIK,100,30110,100,3710,100,100,100,100,100,100,100,100,100,100,100,9210,100
58,582,SİVAS,ULAŞ,100,100,100,100,1870,100,100,100,100,8140,100,100,100,70180,4360,85460,100
35,586,İZMİR,BERGAMA,100,100,20930,200,250,100,100,100,24740,100,134410,41090,100,34820,100,35430,100
66,588,YOZGAT,ŞEFAATLİ,8950,180,250,96360,670,100,100,100,100,36330,100,100,100,168330,100,214840,100
43,589,KÜTAHYA,EMET,100,100,100,470,100,100,100,100,100,110,100,100,100,3230,440,15950,100
10,590,BALIKESİR,AYVALIK,100,650,11470,610,3810,100,100,100,2460,100,21740,4830,100,4930,100,39220,100
45,592,MANİSA,SOMA,100,190,120,1160,100,100,100,100,2690,100,1370,1480,100,4580,100,40070,540
6,593,ANKARA,HAYMANA,100,100,1430,5060,100,100,100,100,100,460,100,100,100,30820,2470,22600,580
71,594,KIRIKKALE,KARAKEÇİLİ,140,360,2120,16200,100,100,100,100,100,460,100,5650,100,37150,100,23040,100
12,595,BİNGÖL,YEDİSU,100,3880,100,190,100,100,100,100,100,100,100,100,100,1060,100,8730,100
65,597,VAN,ERCİŞ,100,1280,100,390,4190,100,100,100,100,11060,100,100,100,260850,100,253670,100
66,598,YOZGAT,SARIKAYA,1580,870,680,78110,710,100,100,100,100,40120,100,100,100,173450,1740,159700,100
4,599,AĞRI,PATNOS,100,100,3010,670,550,100,100,100,100,50620,100,100,100,207640,100,296300,100
40,600,KIRŞEHİR,AKPINAR,100,7880,390,22150,100,100,100,100,100,1480,100,100,100,104900,300,104180,100
43,602,KÜTAHYA,SİMAV,100,1600,1510,1200,710,100,100,100,100,100,100,970,100,2460,530,30730,530
25,604,ERZURUM,KARAÇOBAN,100,5840,100,100,100,100,100,100,100,100,100,100,100,27130,100,175550,100
26,605,ESKİŞEHİR,SEYİTGAZİ,100,270,20250,2230,990,100,100,100,100,13900,100,20300,100,96470,2980,170630,3710
58,606,SİVAS,DİVRİĞİ,170,550,100,2290,2970,100,100,100,100,950,100,100,100,48370,3400,77430,100
65,608,VAN,ÇALDIRAN,100,100,100,100,300,100,100,100,100,100,100,100,100,100390,100,133600,100
58,609,SİVAS,ŞARKIŞLA,100,120,1640,1970,7300,100,100,100,100,22180,100,100,100,245600,7630,190360,100
10,610,BALIKESİR,GÖMEÇ,100,3890,100,100,100,100,100,100,3190,100,100,100,100,13970,550,60850,200
62,611,TUNCELİ,PÜLÜMÜR,100,12890,100,100,100,100,100,100,100,100,100,100,100,7120,100,8700,100
26,612,ESKİŞEHİR,MAHMUDİYE,100,250,40820,1720,2690,100,100,100,100,48290,100,29580,100,72580,10870,188280,6330
49,613,MUŞ,MALAZGİRT,100,100,100,100,100,100,100,100,100,100,100,100,100,100,100,100,100
6,614,ANKARA,BALA,12230,590,7530,70710,960,100,100,100,100,4010,100,7830,100,380430,46690,317960,5970
10,615,BALIKESİR,BİGADİÇ,100,470,470,2950,220,100,100,100,4040,100,100,830,100,6850,100,74420,200
25,616,ERZURUM,HINIS,100,11080,100,410,220,100,100,100,100,280,100,100,100,64460,100,321840,100
26,617,ESKİŞEHİR,SİVRİHİSAR,100,130,8310,17300,1820,100,1040,100,100,35060,100,9570,100,159890,8440,199070,2930
40,618,KIRŞEHİR,AKÇAKENT,100,100,110,26600,100,100,100,100,100,100,100,100,100,48050,100,35600,100
10,619,BALIKESİR,SAVAŞTEPE,100,6090,230,3660,100,100,100,100,5080,100,100,1190,100,12160,2030,32900,410
40,620,KIRŞEHİR,ÇİÇEKDAĞI,1700,100,100,52340,100,100,100,100,100,5260,100,100,100,207500,100,118600,130
10,621,BALIKESİR,BURHANİYE,100,3700,100,150,100,100,100,100,21620,100,100,100,100,7860,2480,45480,100
71,622,KIRIKKALE,KESKİN,100,1690,230,157040,100,100,100,100,100,800,100,3930,100,136590,100,168720,100
43,623,KÜTAHYA,MERKEZ,100,230,140,8720,330,100,100,100,100,3560,100,100,100,34220,430,116370,100
71,624,KIRIKKALE,BAHŞİLİ,100,100,100,12570,100,100,100,100,100,100,100,100,100,12020,100,29250,100
6,625,ANKARA,GÖLBAŞI,100,100,5110,44900,100,100,100,100,100,100,100,100,100,201500,48960,231400,120
24,626,ERZİNCAN,İLİÇ,100,430,100,230,110,100,100,100,100,100,100,100,100,63680,780,48530,100
24,627,ERZİNCAN,ÜZÜMLÜ,100,120,100,100,100,100,100,100,100,4380,100,100,100,790,100,5530,100
26,628,ESKİŞEHİR,MERKEZ,100,470,8580,4410,2080,100,100,100,210,16780,100,40060,100,82410,8780,130400,3830
43,629,KÜTAHYA,TAVŞANLI,100,100,100,680,570,100,100,100,100,320,100,100,100,17900,280,29960,100
10,630,BALIKESİR,İVRİNDİ,100,590,100,1600,100,100,100,100,990,100,100,100,100,14600,4360,111240,100
4,631,AĞRI,HAMUR,100,100,100,100,100,100,100,100,100,370,100,100,100,32190,100,79720,100
66,632,YOZGAT,SARAYKENT,100,100,280,10200,100,100,100,100,100,590,100,100,100,8680,100,29840,290
24,633,ERZİNCAN,KEMAH,100,100,100,100,160,100,100,100,100,100,100,100,100,5300,160,5150,100
4,634,AĞRI,TUTAK,7650,100,35530,16300,100,100,100,100,100,1880,100,100,100,236840,100,160060,100
25,635,ERZURUM,ÇAT,100,100,100,100,100,100,100,100,100,100,100,100,100,6120,100,71190,100
6,636,ANKARA,POLATLI,100,560,9930,25230,1030,100,13080,100,140,69480,100,16120,100,380720,11210,1013600,80350
16,637,BURSA,HARMANCIK,100,100,100,100,100,100,100,100,100,100,100,100,100,100,100,100,100
26,638,ESKİŞEHİR,BEYLİKOVA,100,480,780,2270,300,100,100,100,100,16190,100,6580,100,81980,3460,123760,1730
10,639,BALIKESİR,DURSUNBEY,100,100,190,1630,100,100,100,100,100,100,100,110,100,2740,160,23680,130
26,640,ESKİŞEHİR,İNÖNÜ,100,340,7930,2340,150,100,100,100,100,8800,100,1150,100,21690,310,33640,100
6,641,ANKARA,ÇANKAYA,100,100,970,12680,100,100,100,100,100,100,100,100,100,15940,2070,36180,100
66,642,YOZGAT,AKDAĞMADENİ,100,540,340,14090,3490,100,100,100,100,2850,100,100,100,77960,760,80130,190
66,643,YOZGAT,YERKÖY,1020,380,420,64410,340,100,100,100,100,19850,100,510,100,154630,210,315180,150
10,644,BALIKESİR,ALTIEYLÜL,100,100,1530,8100,100,100,100,100,26880,100,100,3690,100,13340,800,170550,10370
43,645,KÜTAHYA,DOMANİÇ,100,110,100,110,100,100,100,100,100,100,100,100,100,2270,260,7050,100
17,646,ÇANAKKALE,AYVACIK,100,100,100,100,100,100,100,100,100,100,100,100,100,100,100,100,100
4,647,AĞRI,DİYADİN,100,100,100,100,100,100,100,100,100,110,100,100,100,55370,100,155100,100
10,648,BALIKESİR,HAVRAN,100,340,100,100,100,100,100,100,590,100,100,100,100,1780,1050,4890,100
24,649,ERZİNCAN,MERKEZ,100,9730,100,260,100,100,100,100,100,18410,100,100,100,33650,1530,80840,100
16,650,BURSA,BÜYÜK ORHAN,100,100,100,100,100,100,100,100,100,100,100,100,100,100,100,100,100
6,651,ANKARA,ETİMESGUT,100,100,100,21740,100,100,100,100,100,4120,100,100,100,35920,1270,34460,270
25,652,ERZURUM,TEKMAN,100,100,100,100,100,100,100,100,100,100,100,100,100,10160,100,92640,100
6,653,ANKARA,MAMAK,730,100,100,13310,100,100,100,100,100,100,100,100,100,28380,1580,15380,100
71,654,KIRIKKALE,YAHŞİHAN,100,100,100,10400,100,100,100,100,100,100,100,120,100,19510,100,38600,820
10,655,BALIKESİR,EDREMİT,100,100,100,100,100,100,100,100,5950,100,100,100,100,100,100,64380,100
66,656,YOZGAT,MERKEZ,600,1390,7140,239560,360,100,100,100,100,13730,100,190,100,159830,1300,323490,420
58,657,SİVAS,İMRANLI,100,100,100,630,100,100,100,100,100,100,100,100,100,5830,1760,21720,100
24,658,ERZİNCAN,TERCAN,100,1420,100,2090,2910,100,100,100,100,29140,100,100,100,113640,580,200070,100
10,659,BALIKESİR,KEPSUT,100,360,100,4430,100,100,100,100,4020,100,100,180,100,4970,100,78260,160
6,660,ANKARA,MERKEZ,100,100,100,100,100,100,100,100,100,100,100,100,100,100,100,100,100
6,661,ANKARA,ELMADAĞ,600,100,3060,20680,100,100,100,100,100,100,100,100,100,83330,990,43670,310
71,662,KIRIKKALE,MERKEZ,100,550,130,16990,100,100,100,100,130,100,100,310,100,18280,100,66580,100
66,663,YOZGAT,SORGUN,100,1200,2310,248930,370,100,100,100,100,16390,100,100,100,71240,100,399830,530
25,664,ERZURUM,KARAYAZI,100,100,100,100,100,100,100,100,100,100,100,100,100,124660,100,60080,100
60,665,TOKAT,YEŞİLYURT,100,220,100,1390,520,100,100,100,100,19260,100,100,100,26960,1840,22660,100
11,666,BİLECİK,BOZÜYÜK,100,320,1890,2430,100,100,100,100,100,460,100,100,100,12420,100,37110,100
26,667,ESKİŞEHİR,TEPEBAŞI,100,520,12010,4840,2540,100,100,100,290,14630,100,30560,100,106130,4510,148640,2720
60,668,TOKAT,SULUSARAY,100,200,420,1760,100,100,100,100,100,12250,100,100,100,20080,230,58300,100
66,669,YOZGAT,KADIŞEHRİ,100,100,100,5470,100,100,100,100,100,6250,100,100,100,71950,100,29460,760
71,670,KIRIKKALE,BALIŞEYH,190,880,3140,36390,100,100,100,100,100,4730,100,100,100,23780,100,249250,100
19,671,ÇORUM,BOĞAZKALE,100,100,1390,5290,100,100,100,100,100,1860,100,100,100,10650,100,47160,100
6,672,ANKARA,YENİMAHALLE,100,100,100,2860,100,100,100,100,100,100,100,100,100,14190,100,24300,100
26,673,ESKİŞEHİR,MİHALIÇÇIK,100,110,100,3400,170,100,100,100,100,7780,100,1350,100,78630,1400,87000,4510
4,674,AĞRI,DOĞUBAYAZIT,100,100,100,100,100,100,100,100,100,100,100,100,100,138120,100,283360,100
24,675,ERZİNCAN,REFAHİYE,100,100,100,210,100,100,100,100,100,100,100,100,100,4310,1170,15560,100
4,676,AĞRI,TAŞLIÇAY,100,100,100,220,100,100,100,100,100,420,100,100,100,68660,240,99700,100
10,677,BALIKESİR,KARESİ,100,140,17110,3710,100,100,100,100,1820,100,100,260,100,7200,7750,193520,650
26,678,ESKİŞEHİR,ALPU,100,150,11140,3100,3600,100,100,100,100,35140,100,50540,100,104390,10010,120390,1620
24,679,ERZİNCAN,ÇAYIRLI,100,16140,160,100,3430,100,100,100,100,8940,100,100,100,47710,100,84460,100
10,680,BALIKESİR,BALYA,100,250,100,1710,100,100,100,100,100,100,100,100,100,19950,33120,96040,100
26,681,ESKİŞEHİR,MİHALGAZİ,100,100,100,100,100,100,100,100,100,100,100,100,100,100,100,100,100
6,682,ANKARA,SİNCAN,100,100,3640,49500,550,100,100,100,100,14490,100,250,100,136500,4580,153420,11370
17,683,ÇANAKKALE,BOZCAADA,100,100,100,100,100,100,100,100,100,100,100,100,100,820,220,2400,100
25,684,ERZURUM,PALANDÖKEN,100,180,100,100,1960,100,100,100,100,100,100,100,100,8370,100,33260,100
24,685,ERZİNCAN,OTLUKBELİ,100,400,100,100,100,100,100,100,100,100,100,100,100,21860,100,10800,100
16,686,BURSA,KELES,100,100,100,100,100,100,100,100,100,100,100,100,100,100,100,100,100
58,687,SİVAS,MERKEZ,100,140,100,710,6140,100,100,100,100,8950,100,100,100,82600,34280,298100,100
11,688,BİLECİK,PAZARYERİ,100,330,140,100,100,100,100,100,100,100,100,100,100,3090,1970,22480,100
6,689,ANKARA,ALTINDAĞ,100,100,100,530,100,100,100,100,100,100,100,100,100,4010,140,11460,100
71,690,KIRIKKALE,DELİCE,100,100,740,36650,100,100,100,100,100,1910,100,100,100,95630,100,282170,100
58,691,SİVAS,GÖLOVA,100,550,100,590,100,100,100,100,100,100,100,100,100,10510,320,8690,100
58,692,SİVAS,AKINCILAR,100,1610,100,2770,660,100,100,100,100,16020,100,2570,100,29030,710,9610,100
6,693,ANKARA,AKYURT,100,100,100,29080,100,100,100,100,100,240,100,100,100,51910,100,34670,100
4,694,AĞRI,ELEŞKİRT,100,100,100,310,100,100,100,100,100,5920,100,100,100,116230,990,158990,100
26,695,ESKİŞEHİR,SARICAKAYA,100,100,100,100,100,100,100,100,100,100,100,200,100,1320,100,5960,100
11,696,BİLECİK,İNHİSAR,100,100,100,100,100,100,100,100,100,100,100,100,100,150,100,2170,100
60,697,TOKAT,ARTOVA,100,140,100,15480,870,100,100,100,100,8900,100,100,100,12490,4130,43360,100
58,698,SİVAS,YILDIZELİ,100,200,100,3800,10660,100,100,100,100,31360,100,100,100,67100,6890,282320,100
16,699,BURSA,ORHANELİ,100,100,100,100,100,100,100,100,100,100,100,100,100,100,100,100,100
25,700,ERZURUM,AŞKALE,100,200,100,470,350,100,100,100,100,2640,100,100,100,29110,16330,174560,100
6,701,ANKARA,PURSAKLAR,100,100,100,9760,100,100,100,100,100,100,100,100,100,18180,100,35100,100
66,702,YOZGAT,ÇEKEREK,100,310,120,2750,100,100,100,100,100,440,100,100,100,13080,100,65250,360
58,703,SİVAS,ZARA,100,100,100,450,250,100,100,100,100,3560,100,100,100,28030,8030,40890,100
66,704,YOZGAT,AYDINCIK,100,210,1670,9170,2720,100,100,100,100,4020,100,100,100,15130,1200,37860,5350
11,705,BİLECİK,SÖĞÜT,100,100,100,210,100,100,100,100,100,100,100,100,100,5740,210,24770,100
58,706,SİVAS,HAFİK,100,100,100,250,3400,100,100,100,100,15980,100,100,100,9630,3950,106700,100
6,707,ANKARA,AYAŞ,100,150,270,45460,190,100,100,100,120,3440,100,130,100,102610,2100,129160,2720
17,708,ÇANAKKALE,EZİNE,100,3150,9970,1860,100,19090,100,100,10200,100,900,7110,100,38340,1910,91260,290
28,710,GİRESUN,ÇAMOLUK,100,100,100,100,100,100,100,100,100,100,100,100,100,100,100,100,100
17,711,ÇANAKKALE,BAYRAMİÇ,100,1500,540,3630,100,100,1460,100,4470,100,100,1500,310,54060,8760,115850,230
4,712,AĞRI,MERKEZ,100,100,580,360,310,100,100,100,100,3810,100,100,100,230230,3600,203510,100
60,713,TOKAT,PAZAR,100,230,10400,160,120,100,100,100,2010,5480,100,23780,100,2840,100,15480,930
58,714,SİVAS,DOĞANŞAR,100,100,100,100,100,100,100,100,100,100,100,100,100,390,100,930,100
19,715,ÇORUM,ALACA,100,220,83260,123390,4030,100,100,100,170,24320,100,360,100,93520,900,256130,39160
6,716,ANKARA,KAZAN,100,1480,100,15010,630,100,100,100,100,6040,100,590,100,68460,330,79160,620
10,717,BALIKESİR,SUSURLUK,100,1760,47240,2220,100,1580,100,100,5490,400,100,4390,100,9540,5660,126990,550
71,718,KIRIKKALE,SULAKYURT,100,160,100,32360,100,3980,100,100,100,1070,100,100,100,48240,100,127420,100
16,719,BURSA,İNEGÖL,100,260,10690,380,7560,100,1680,100,1130,350,100,860,100,3880,1680,66660,370
76,720,IĞDIR,ARALIK,100,100,100,100,440,17870,100,100,100,100,26150,6830,100,37730,100,105020,100
25,721,ERZURUM,KÖPRÜKÖY,100,100,100,100,210,100,100,100,100,3640,100,100,100,8640,100,124740,100
11,722,BİLECİK,YENİPAZAR,100,100,310,100,100,100,100,100,100,100,100,100,100,2910,100,8120,100
17,723,ÇANAKKALE,YENİCE,100,300,100,100,100,100,100,100,1950,100,100,120,100,3670,2020,14180,100
69,724,BAYBURT,DEMİRÖZÜ,100,320,100,740,2620,100,100,100,100,15500,100,100,100,38650,500,58990,100
29,725,GÜMÜŞHANE,KELKİT,120,5440,100,790,4910,100,100,100,100,3740,100,100,100,63910,370,114010,100
76,726,IĞDIR,MERKEZ,100,490,100,1290,2040,100,100,100,100,5090,410,92940,100,92140,100,251730,100
16,727,BURSA,MUSTAFAKEMALPAŞA,100,2400,2780,2090,300,140,100,100,59970,2060,100,33380,100,18960,13480,104570,1350
16,728,BURSA,YILDIRIM,100,100,100,100,100,100,100,100,100,100,100,100,100,100,100,100,100
25,729,ERZURUM,PASİNLER,100,360,710,100,40300,100,100,100,100,15460,100,100,100,31360,100,168830,100
19,730,ÇORUM,ORTAKÖY,100,100,100,4070,100,100,100,100,120,100,100,100,100,7430,130,27150,100
10,731,BALIKESİR,MANYAS,100,2350,17350,1020,100,80270,490,100,3420,150,100,2420,100,14790,4070,108090,160
76,732,IĞDIR,KARAKOYUNLU,100,100,100,100,100,100,100,100,100,1620,100,17760,100,10150,100,69440,100
29,733,GÜMÜŞHANE,KÖSE,100,700,100,1860,160,100,100,100,100,490,100,100,100,55110,100,65930,100
6,734,ANKARA,KALECİK,100,120,100,19920,100,100,100,100,100,4750,100,470,100,104640,100,186530,100
25,735,ERZURUM,YAKUTİYE,100,100,100,100,4480,100,100,100,100,100,100,100,100,38400,100,111470,100
11,736,BİLECİK,MERKEZ,100,220,4720,100,100,100,1430,100,100,100,100,100,100,6890,230,53990,580
6,737,ANKARA,NALLIHAN,100,100,100,1010,210,1850,100,100,100,350,100,100,100,53240,100,86460,590
6,738,ANKARA,GÜDÜL,100,100,100,1570,100,100,100,100,100,100,100,100,100,24050,100,26410,100
17,739,ÇANAKKALE,ÇAN,100,1690,1350,540,100,100,710,100,590,100,100,100,100,55160,21810,117100,1550
29,740,GÜMÜŞHANE,ŞİRAN,260,5830,100,410,1530,100,100,100,100,780,100,100,100,6960,100,47350,100
76,741,IĞDIR,TUZLUCA,100,1110,100,100,130,100,100,100,100,100,100,100,100,121740,100,267720,100
16,742,BURSA,NİLÜFER,100,350,17110,200,100,100,100,100,100,100,100,910,100,9050,130,59140,100
60,743,TOKAT,ZİLE,100,1870,73870,3790,470,100,100,100,470,20780,100,100,100,79190,2810,325770,18700
16,744,BURSA,KESTEL,100,100,950,100,100,100,100,100,100,100,100,100,100,1930,320,12260,100
16,745,BURSA,GÜRSU,100,100,100,100,100,100,100,100,100,100,100,100,100,200,100,1080,100
58,746,SİVAS,SUŞEHRİ,100,1150,100,1380,570,100,100,100,100,2040,100,1800,100,11790,120,53250,100
60,747,TOKAT,ALMUS,100,100,100,370,200,100,100,100,100,610,100,100,100,3320,650,9920,100
11,748,BİLECİK,GÖLPAZARI,100,150,7160,100,100,100,100,100,260,100,100,100,100,9380,100,27040,100
6,749,ANKARA,BEYPAZARI,100,100,100,31290,100,100,100,100,100,1250,100,100,100,95210,870,156670,1240
19,750,ÇORUM,SUNGURLU,100,130,3740,60150,160,1090,100,100,1480,11250,100,140,100,196370,430,463910,880
16,751,BURSA,YENİŞEHİR,100,730,43630,310,2990,1060,840,100,2440,1850,100,26670,100,23820,130,118120,7220
16,752,BURSA,OSMANGAZİ,280,4180,100,650,4930,100,100,100,770,100,100,220,100,1790,100,6800,1040
25,753,ERZURUM,AZİZİYE,100,990,100,210,3030,100,100,100,100,34560,100,100,100,66850,100,178880,100
25,754,ERZURUM,HORASAN,100,100,100,100,310,100,100,100,100,1080,100,100,100,92110,100,300780,100
18,755,ÇANKIRI,KIZILIRMAK,100,190,100,4610,100,33740,100,100,160,100,100,100,100,71420,100,155320,100
17,756,ÇANAKKALE,MERKEZ,100,1730,22470,1880,100,9110,100,100,1470,100,100,11180,100,26930,2060,79170,370
5,757,AMASYA,GÖYNÜCEK,100,130,12000,1940,220,260,100,100,100,4490,100,6090,100,20910,100,68620,5000
58,758,SİVAS,KOYULHİSAR,100,100,100,100,100,100,100,100,100,100,100,100,100,560,100,2550,100
10,759,BALIKESİR,GÖNEN,100,2290,24610,4120,100,97280,5720,100,3090,240,100,2420,110,30700,13730,170580,460
16,760,BURSA,MUDANYA,100,310,8750,110,120,100,100,100,160,100,100,190,100,5640,120,21170,860
6,761,ANKARA,ÇUBUK,1270,270,100,18630,400,100,100,100,100,100,100,100,100,121970,100,54940,100
60,762,TOKAT,MERKEZ,100,2760,410,30970,3500,100,100,100,810,47020,100,8640,100,64580,2150,75170,10750
28,763,GİRESUN,ŞEBİNKARAHİSAR,100,100,100,100,100,100,100,100,100,100,100,100,100,100,100,100,100
17,764,ÇANAKKALE,GÖKÇEADA,100,210,100,100,100,100,100,100,170,100,100,830,100,4560,330,2960,100
10,765,BALIKESİR,BANDIRMA,100,510,84520,830,100,4700,7830,100,14100,970,100,13510,100,37490,140,227650,100
16,766,BURSA,KARACABEY,100,3900,19980,4210,230,19580,170,100,81870,3240,100,66560,100,41940,160,145020,17330
19,767,ÇORUM,UĞURLUDAĞ,100,100,4270,1970,350,9520,100,100,100,100,100,100,100,59910,100,52150,100
14,768,BOLU,GÖYNÜK,100,1910,10560,210,100,100,100,100,100,100,100,100,100,12580,570,47630,100
60,769,TOKAT,TURHAL,100,560,20970,910,720,100,100,100,1380,5860,100,5640,100,14430,260,112280,3340
54,770,SAKARYA,TARAKLI,100,150,1140,130,100,100,100,100,100,100,100,100,100,2240,220,12000,100
60,771,TOKAT,REŞADİYE,100,100,100,100,150,100,100,100,100,100,100,100,100,900,100,8500,100
11,772,BİLECİK,OSMANELİ,100,110,810,100,100,100,100,100,1340,100,100,100,100,3370,100,22510,190
18,773,ÇANKIRI,ŞABANÖZÜ,100,130,100,1420,100,100,100,100,100,100,100,100,100,21540,100,59370,100
36,774,KARS,KAĞIZMAN,100,100,100,100,100,100,100,100,100,100,100,100,100,126510,100,76180,100
25,775,ERZURUM,NARMAN,100,160,100,100,430,100,100,100,100,100,100,130,100,11050,100,33680,100
28,776,GİRESUN,ALUCRA,100,100,100,100,100,100,100,100,100,100,100,100,100,100,100,100,100
18,777,ÇANKIRI,ELDİVAN,100,120,100,2190,400,100,100,100,100,100,100,100,100,14930,100,19430,100
69,779,BAYBURT,MERKEZ,100,3480,100,3290,5450,100,100,100,100,1980,100,100,100,208680,1810,236390,100
60,780,TOKAT,BAŞÇİFTLİK,100,100,100,100,350,100,100,100,100,100,100,100,100,100,100,2210,100
14,781,BOLU,SEBEN,100,130,100,100,240,100,100,100,100,100,100,100,100,5650,100,18370,100
6,782,ANKARA,ÇAMLIDERE,100,100,100,100,100,100,100,100,100,100,100,100,100,2260,2630,1920,100
14,783,BOLU,KIBRISCIK,100,100,100,100,100,230,100,100,100,100,100,100,100,2490,100,4240,100
17,784,ÇANAKKALE,LÂPSEKİ,100,810,8550,910,100,100,1830,100,1880,100,100,610,100,22210,5340,92030,120
69,785,BAYBURT,AYDINTEPE,100,1090,100,540,3830,100,100,100,100,4040,100,100,100,21310,1280,18420,100
19,786,ÇORUM,MECİTÖZÜ,100,220,77490,1960,350,100,100,100,320,6810,100,190,100,59790,100,109510,7940
16,787,BURSA,ORHANGAZİ,100,330,100,100,100,4750,100,100,480,100,100,180,100,2340,190,12690,100
17,788,ÇANAKKALE,ECEABAT,100,560,32560,240,100,100,780,100,100,100,100,100,100,12310,180,54890,100
36,789,KARS,SARIKAMIŞ,100,100,100,100,100,100,100,100,100,100,100,100,100,103190,100,83510,100
16,790,BURSA,GEMLİK,100,100,100,100,100,100,100,100,100,100,100,100,100,100,100,100,100
54,791,SAKARYA,PAMUKOVA,100,280,100,100,100,100,100,100,1770,550,100,100,100,3150,100,8280,760
17,792,ÇANAKKALE,BİGA,100,1770,23160,1980,100,106010,2840,100,17150,100,100,32160,100,74120,17270,195930,1540
14,793,BOLU,MUDURNU,100,100,100,100,330,100,100,100,100,100,100,100,100,11090,100,72710,100
16,794,BURSA,İZNİK,100,100,590,100,140,100,100,100,100,100,100,710,100,3200,460,6260,100
25,797,ERZURUM,TORTUM,100,480,100,100,3540,100,100,100,100,100,100,100,100,1080,100,7350,100
10,798,BALIKESİR,ERDEK,100,1190,100,100,100,100,100,100,120,100,100,100,100,940,100,5990,1780
77,799,YALOVA,ARMUTLU,100,100,100,100,100,100,100,100,100,100,100,100,100,100,100,100,100
25,801,ERZURUM,PAZARYOLU,100,3250,100,100,110,100,100,100,100,100,100,100,100,34150,100,40950,100
60,802,TOKAT,NİKSAR,100,1550,1360,910,3190,100,100,100,200,1490,100,5800,100,5580,340,70740,2220
19,803,ÇORUM,MERKEZ,100,170,107240,18470,7640,760,100,100,340,9000,100,600,100,198250,800,246480,24330
54,804,SAKARYA,GEYVE,100,100,890,100,100,100,100,100,100,100,100,100,100,2620,100,8190,100
52,805,ORDU,AYBASTI,100,100,100,100,100,100,100,100,100,100,100,100,100,100,100,100,100
52,806,ORDU,MESUDİYE,100,100,100,100,100,100,100,100,100,100,100,100,100,100,100,100,100
29,809,GÜMÜŞHANE,TORUL,100,180,100,100,610,100,100,100,100,100,100,100,100,490,100,1140,100
18,810,ÇANKIRI,ORTA,100,100,100,430,100,100,100,100,100,100,100,100,100,6730,100,54310,100
6,811,ANKARA,KIZILCAHAMAM,100,150,100,740,160,100,100,100,100,100,100,100,100,12090,150,45560,260
77,812,YALOVA,TERMAL,100,100,100,100,100,100,100,100,100,100,100,100,100,1640,480,1830,100
54,813,SAKARYA,KARAPÜRÇEK,100,100,100,100,100,100,100,100,100,100,100,910,100,100,100,140,100
77,815,YALOVA,ÇINARCIK,100,100,100,100,100,100,100,100,100,100,100,100,100,1450,3270,3090,100
52,816,ORDU,GÖLKÖY,100,100,100,100,100,100,100,100,100,100,100,100,100,100,100,100,100
36,817,KARS,DİGOR,100,100,100,100,100,100,100,100,100,100,100,100,100,205870,100,206750,100
77,818,YALOVA,MERKEZ,100,100,100,100,100,100,100,100,100,100,100,100,100,9720,4640,7520,100
14,819,BOLU,DÖRTDİVAN,100,100,100,100,3220,100,100,100,100,100,100,100,100,2830,100,17600,100
18,820,ÇANKIRI,MERKEZ,100,230,1710,46490,290,8610,100,100,100,3480,100,100,100,72150,1610,257350,140
54,821,SAKARYA,SAPANCA,100,100,100,100,100,100,100,100,100,100,100,280,100,100,100,260,100
52,822,ORDU,KABATAŞ,100,100,100,100,100,100,100,100,100,100,100,100,100,100,100,100,100
29,823,GÜMÜŞHANE,MERKEZ,100,3400,100,100,5450,100,100,100,100,100,100,100,100,3570,100,13540,100
41,824,KOCAELİ,KARAMÜRSEL,100,390,470,100,100,100,100,100,280,100,100,170,100,10150,3150,12190,100
18,825,ÇANKIRI,KORGUN,100,130,100,100,180,100,100,100,100,100,100,100,100,2520,100,1100,100
77,826,YALOVA,ÇİFTLİKKÖY,100,100,1850,100,100,100,100,100,100,100,100,100,100,6710,2910,11280,100
54,827,SAKARYA,ARİFİYE,100,100,100,100,100,100,100,100,100,100,100,18100,100,100,100,100,100
41,828,KOCAELİ,GÖLCÜK,100,120,100,100,100,100,100,100,100,100,100,600,100,100,350,1650,100
41,829,KOCAELİ,BAŞİSKELE,100,100,100,100,100,100,100,100,100,100,100,2310,100,100,100,1050,100
19,830,ÇORUM,BAYAT,100,100,33510,1970,330,9870,100,100,730,100,100,330,100,69890,200,50120,100
19,831,ÇORUM,OĞUZLAR,100,100,100,100,100,100,100,100,100,100,100,100,100,900,100,5620,100
19,832,ÇORUM,LÂÇİN,100,100,380,120,100,1920,100,100,100,100,100,100,100,6560,100,31760,100
28,833,GİRESUN,DERELİ,100,100,100,100,100,100,100,100,100,100,100,100,100,100,100,100,100
18,834,ÇANKIRI,YAPRAKLI,100,110,100,230,350,100,100,100,100,100,100,100,100,7250,100,34650,100
77,835,YALOVA,ALTINOVA,100,100,390,100,100,100,100,100,100,100,100,100,100,2790,1510,6540,100
54,836,SAKARYA,ERENLER,100,120,100,100,180,100,100,100,100,1060,100,40560,100,420,100,1050,100
5,837,AMASYA,MERKEZ,100,240,20200,3060,6100,100,100,100,320,10320,100,16400,100,76690,530,220990,16670
29,839,GÜMÜŞHANE,KÜRTÜN,100,1310,100,100,1050,100,100,100,100,100,100,690,100,2430,100,4370,100
25,840,ERZURUM,UZUNDERE,100,100,100,100,100,100,100,100,100,100,100,100,100,100,100,170,100
41,841,KOCAELİ,KARTEPE,100,110,100,100,100,100,100,100,100,100,100,8030,100,3000,100,7960,100
10,842,BALIKESİR,MARMARA,100,100,100,100,100,100,100,100,100,100,100,100,100,100,100,100,100
52,843,ORDU,KORGAN,100,100,100,100,100,100,100,100,100,100,100,100,100,100,100,100,100
14,844,BOLU,YENİÇAĞA,100,100,100,100,230,100,100,100,100,100,100,100,100,1760,130,11550,100
5,845,AMASYA,HAMAMÖZÜ,100,100,100,350,100,100,100,100,100,330,100,100,100,3770,390,15350,280
81,846,DÜZCE,GÖLYAKA,100,100,100,100,140,100,100,100,100,330,100,5620,100,350,100,1460,100
61,847,TRABZON,ÇAYKARA,100,100,100,100,100,100,100,100,100,100,100,100,100,100,100,100,100
5,848,AMASYA,SULUOVA,100,250,5830,1280,950,100,100,100,100,7950,100,23600,100,14510,100,105630,10660
19,849,ÇORUM,DODURGA,100,100,100,100,100,2350,100,100,100,100,100,100,100,4540,100,11320,100
28,850,GİRESUN,DOĞANKENT,100,100,100,100,100,100,100,100,100,100,100,100,100,100,100,100,100
14,851,BOLU,GEREDE,100,100,100,100,330,100,100,100,100,100,100,100,100,13850,320,34290,100
54,852,SAKARYA,AKYAZI,100,100,100,100,100,100,100,100,100,1480,100,73630,100,1120,100,1360,100
60,853,TOKAT,ERBAA,100,1170,16430,880,3330,1170,100,100,1170,920,100,2920,100,21420,350,126130,4310
81,854,DÜZCE,KAYNAŞLI,100,100,100,100,100,100,100,100,100,100,100,2790,100,100,100,280,100
52,855,ORDU,KABADÜZ,100,100,100,100,100,100,100,100,100,100,100,100,100,100,100,100,100
61,856,TRABZON,KÖPRÜBAŞI,100,100,100,100,100,100,100,100,100,100,100,100,100,100,100,100,100
41,857,KOCAELİ,DARICA,100,100,100,100,100,100,100,100,100,100,100,100,100,100,100,100,100
61,859,TRABZON,DERNEKPAZARI,100,100,100,100,100,100,100,100,100,100,100,100,100,100,100,100,100
52,860,ORDU,GÜRGENTEPE,100,100,100,100,100,100,100,100,100,100,100,100,100,100,100,100,100
52,861,ORDU,ULUBEY,100,100,100,100,100,100,100,100,100,100,100,100,100,100,100,100,100
54,862,SAKARYA,SERDİVAN,100,100,100,100,100,100,100,100,100,110,100,20830,100,4250,110,900,100
81,863,DÜZCE,GÜMÜŞOVA,100,100,100,100,100,100,100,100,100,100,100,1400,100,280,100,3010,100
28,864,GİRESUN,YAĞLIDERE,100,100,100,100,100,100,100,100,100,100,100,100,100,100,100,100,100
18,865,ÇANKIRI,ATKARACALAR,100,100,100,670,100,100,100,100,100,100,100,100,100,1050,100,43700,100
52,866,ORDU,ÇATALPINAR,100,100,100,100,100,100,100,100,100,100,100,100,100,100,100,100,100
52,867,ORDU,AKKUŞ,100,100,100,100,100,100,100,100,100,100,100,100,100,100,100,100,100
25,868,ERZURUM,İSPİR,100,1380,100,100,720,100,100,100,100,100,100,100,100,4500,100,6940,100
28,869,GİRESUN,MERKEZ,100,100,100,100,100,100,100,100,100,100,100,100,100,100,100,100,100
53,870,RİZE,İKİZDERE,100,100,100,100,100,100,100,100,100,100,100,100,100,100,100,100,100
25,871,ERZURUM,OLTU,100,120,100,100,840,100,100,100,100,100,100,240,100,3130,100,6650,100
28,872,GİRESUN,GÜCE,100,100,100,100,100,100,100,100,100,100,100,100,100,100,100,100,100
36,873,KARS,SELİM,100,100,100,100,1550,100,100,100,100,7470,100,100,100,204610,100,124670,100
52,874,ORDU,ÇAMAŞ,100,100,100,100,100,100,100,100,100,100,100,100,100,100,100,100,100
28,875,GİRESUN,BULANCAK,100,100,100,100,100,100,100,100,100,100,100,100,100,100,100,100,100
5,877,AMASYA,TAŞOVA,100,1280,7600,1110,100,1200,100,100,580,250,100,1970,100,17590,740,119250,3640
28,878,GİRESUN,PİRAZİZ,100,100,100,100,100,100,100,100,100,100,100,100,100,100,100,100,100
41,879,KOCAELİ,ÇAYIROVA,100,100,100,100,100,100,100,100,100,100,100,100,100,100,100,100,100
61,880,TRABZON,MAÇKA,100,100,100,100,100,100,100,100,100,100,100,100,100,100,100,100,100
17,881,ÇANAKKALE,GELİBOLU,100,1350,93110,780,100,5860,15830,100,100,100,100,130,100,17820,880,181270,420
18,882,ÇANKIRI,KURŞUNLU,100,100,100,770,210,100,100,100,100,100,100,100,100,3920,100,27140,100
52,883,ORDU,KUMRU,100,100,100,100,100,100,100,100,100,100,100,100,100,100,100,100,100
18,884,ÇANKIRI,ÇERKEŞ,100,100,100,100,300,100,100,100,100,100,100,100,100,19940,100,56580,100
28,885,GİRESUN,ÇANAKÇI,100,100,100,100,100,100,100,100,100,100,100,100,100,100,100,100,100
34,886,İSTANBUL,ADALAR,100,100,100,100,100,100,100,100,100,100,100,100,100,100,100,100,100
52,887,ORDU,GÜLYALI,100,100,100,100,100,100,100,100,100,100,100,100,100,100,100,100,100
81,888,DÜZCE,ÇİLİMLİ,100,100,100,100,100,200,100,100,100,100,100,5420,100,290,100,1400,100
19,889,ÇORUM,İSKİLİP,100,170,11880,1000,1110,6310,100,100,460,3900,100,100,100,30900,1370,103710,170
55,890,SAMSUN,LADİK,100,1620,11180,100,350,100,100,100,100,2150,100,1030,100,9770,1110,87230,100
41,891,KOCAELİ,DİLOVASI,100,100,100,100,100,100,100,100,100,100,100,100,100,100,100,100,100
61,892,TRABZON,DÜZKÖY,100,100,100,100,100,100,100,100,100,100,100,100,100,100,100,100,100
28,893,GİRESUN,ESPİYE,100,100,100,100,100,100,100,100,100,100,100,100,100,100,100,100,100
28,895,GİRESUN,KEŞAP,100,100,100,100,100,100,100,100,100,100,100,100,100,100,100,100,100
14,897,BOLU,MERKEZ,100,110,100,100,23740,100,100,100,100,100,100,4250,100,41720,100,79220,100
54,898,SAKARYA,HENDEK,100,100,100,100,100,100,100,100,100,100,100,28840,100,300,100,890,100
61,899,TRABZON,HAYRAT,100,100,100,100,100,100,100,100,100,100,100,100,100,100,100,100,100
61,900,TRABZON,SÜRMENE,100,100,100,100,100,100,100,100,100,100,100,100,100,100,100,100,100
81,901,DÜZCE,CUMAYERİ,100,100,100,100,100,100,100,100,100,100,100,440,100,100,100,450,100
61,902,TRABZON,TONYA,100,100,100,100,100,100,100,100,100,100,100,100,100,100,100,100,100
5,903,AMASYA,MERZİFON,100,300,72460,2260,450,100,100,100,100,18590,100,7120,100,56500,1000,185790,18280
54,904,SAKARYA,ADAPAZARI,100,100,8650,100,730,100,100,100,100,3550,100,84260,100,6610,280,19480,100
52,905,ORDU,MERKEZ,100,100,100,100,100,100,100,100,100,100,100,100,100,100,100,100,100
61,906,TRABZON,ŞALPAZARI,100,100,100,100,100,100,100,100,100,100,100,100,100,100,100,100,100
25,908,ERZURUM,ŞENKAYA,100,100,100,100,100,100,100,100,100,100,100,100,100,3430,100,21780,100
61,909,TRABZON,ARAKLI,100,100,100,100,100,100,100,100,100,100,100,100,100,100,100,100,100
81,910,DÜZCE,MERKEZ,100,100,100,100,100,1530,100,100,100,280,100,39480,100,2220,100,8980,100
61,911,TRABZON,ARSİN,100,100,100,100,100,100,100,100,100,100,100,100,100,100,100,100,100
18,912,ÇANKIRI,ILGAZ,100,290,100,160,100,670,100,100,100,100,100,100,100,260,100,7550,100
61,913,TRABZON,YOMRA,100,100,100,100,100,100,100,100,100,100,100,100,100,100,100,100,100
14,914,BOLU,MENGEN,100,120,100,100,290,100,100,100,100,100,100,100,100,1260,170,10290,100
41,915,KOCAELİ,İZMİT,100,100,3500,100,100,100,100,100,100,100,100,7010,100,25970,910,28190,100
59,916,TEKİRDAĞ,ŞARKÖY,100,100,24480,170,100,100,3290,100,100,100,100,100,100,6010,880,43530,140
54,917,SAKARYA,SÖĞÜTLÜ,100,100,2480,100,100,100,100,100,100,2620,100,43450,100,2300,100,2160,100
52,918,ORDU,ÇAYBAŞI,100,100,100,100,100,100,100,100,100,100,100,100,100,100,100,100,100
78,919,KARABÜK,ESKİPAZAR,100,210,100,200,100,100,100,100,100,100,100,100,100,5870,100,29180,100
36,920,KARS,MERKEZ,100,100,100,100,340,100,100,100,100,12120,100,100,100,506240,100,178820,100
5,921,AMASYA,GÜMÜŞHACIKÖY,100,100,5750,310,180,100,100,100,120,7500,100,100,100,5880,180,70620,9740
53,922,RİZE,KALKANDERE,100,100,100,100,100,100,100,100,100,100,100,100,100,100,100,100,100
18,923,ÇANKIRI,BAYRAMÖREN,100,100,100,100,100,100,100,100,100,100,100,100,100,210,100,380,100
34,924,İSTANBUL,KARTAL,100,100,100,100,100,100,100,100,100,100,100,100,100,100,100,100,100
55,925,SAMSUN,AYVACIK,100,100,100,100,100,100,100,100,100,100,100,3360,100,230,100,4350,100
52,926,ORDU,FATSA,100,100,100,100,100,100,100,100,100,100,100,100,100,100,100,100,100
28,927,GİRESUN,TİREBOLU,100,100,100,100,100,100,100,100,100,100,100,100,100,100,100,100,100
61,928,TRABZON,MERKEZ,100,100,100,100,100,100,100,100,100,100,100,100,100,100,100,100,100
61,929,TRABZON,OF,100,100,100,100,100,100,100,100,100,100,100,100,100,100,100,100,100
34,930,İSTANBUL,TUZLA,100,100,100,100,100,100,2570,100,100,100,100,100,100,1230,300,15640,100
55,931,SAMSUN,ASARCIK,100,250,100,110,230,100,100,100,100,100,100,6640,100,3060,860,33420,100
28,932,GİRESUN,GÖRELE,100,100,100,100,100,100,100,100,100,100,100,100,100,100,100,100,100
22,933,EDİRNE,ENEZ,100,160,35590,330,100,26470,1360,100,100,100,100,100,100,5340,2470,71340,100
34,934,İSTANBUL,MALTEPE,100,100,100,100,100,100,100,100,100,100,100,100,100,100,100,100,100
41,935,KOCAELİ,DERİNCE,100,100,100,100,100,100,100,100,100,100,100,100,100,17000,1350,15990,100
81,936,DÜZCE,YIĞILCA,100,100,100,100,100,100,100,100,100,100,100,1410,100,100,100,100,100
52,937,ORDU,İKİZCE,100,100,100,100,100,100,100,100,100,100,100,100,100,100,100,100,100
34,938,İSTANBUL,SULTANBEYLİ,100,100,100,100,100,100,100,100,100,100,100,100,100,100,100,100,100
53,939,RİZE,İYİDERE,100,100,100,100,100,100,100,100,100,100,100,100,100,100,100,100,100
53,940,RİZE,GÜNEYSU,100,100,100,100,100,100,100,100,100,100,100,100,100,100,100,100,100
41,941,KOCAELİ,KÖRFEZ,100,100,100,100,100,100,100,100,100,100,100,400,100,10660,6230,9790,100
61,942,TRABZON,BEŞİKDÜZÜ,100,100,100,100,100,100,100,100,100,100,100,100,100,100,100,100,100
61,943,TRABZON,VAKFIKEBİR,100,100,100,100,100,100,100,100,100,100,100,100,100,100,100,100,100
28,944,GİRESUN,EYNESİL,100,100,100,100,100,100,100,100,100,100,100,100,100,100,100,100,100
34,945,İSTANBUL,ATAŞEHİR,100,100,100,100,100,100,100,100,100,100,100,100,100,100,100,100,100
53,946,RİZE,DEREPAZARI,100,100,100,100,100,100,100,100,100,100,100,100,100,100,100,100,100
54,947,SAKARYA,KOCAALİ,100,100,100,100,170,100,100,100,100,100,100,2360,100,100,100,100,100
34,948,İSTANBUL,KADIKÖY,100,100,100,100,100,100,100,100,100,100,100,100,100,100,100,100,100
34,949,İSTANBUL,BAKIRKÖY,100,100,100,100,100,100,100,100,100,100,100,100,100,100,100,100,100
54,950,SAKARYA,FERİZLİ,100,100,800,100,100,100,100,100,100,250,100,29220,100,2990,100,2360,100
52,951,ORDU,PERŞEMBE,100,100,100,100,100,100,100,100,100,100,100,100,100,100,100,100,100
41,952,KOCAELİ,GEBZE,100,100,100,100,100,100,100,100,100,100,100,100,100,3920,100,10480,100
52,953,ORDU,ÜNYE,100,100,100,100,100,100,100,100,100,100,100,100,100,100,100,100,100
81,954,DÜZCE,AKÇAKOCA,100,100,100,100,130,100,100,100,100,100,100,1110,100,100,100,100,100
25,955,ERZURUM,OLUR,100,290,100,100,430,100,100,100,100,100,100,100,100,6560,100,9720,100
61,956,TRABZON,AKÇAABAT,100,100,100,100,100,100,100,100,100,100,100,100,100,100,100,100,100
78,957,KARABÜK,OVACIK,100,150,100,100,100,100,100,100,100,100,100,100,100,270,100,2530,100
34,958,İSTANBUL,ZEYTİNBURNU,100,100,100,100,100,100,100,100,100,100,100,100,100,100,100,100,100
34,959,İSTANBUL,BEYLİKDÜZÜ,100,100,100,100,100,100,100,100,100,100,100,100,100,410,100,730,100
34,960,İSTANBUL,BAHÇELİEVLER,100,100,100,100,100,100,100,100,100,100,100,100,100,100,100,100,100
34,961,İSTANBUL,SANCAKTEPE,100,100,100,100,100,100,100,100,100,100,100,100,100,100,100,100,100
61,962,TRABZON,ÇARŞIBAŞI,100,100,100,100,100,100,100,100,100,100,100,100,100,100,100,100,100
34,963,İSTANBUL,PENDİK,100,100,100,100,100,100,100,100,100,100,100,100,100,3640,100,8540,100
34,964,İSTANBUL,FATİH,100,100,100,100,100,100,100,100,100,100,100,100,100,100,100,100,100
34,965,İSTANBUL,GÜNGÖREN,100,100,100,100,100,100,100,100,100,100,100,100,100,100,100,100,100
55,966,SAMSUN,SALIPAZARI,100,110,100,100,100,690,100,100,100,100,100,3060,100,100,100,100,100
37,967,KASTAMONU,TOSYA,100,100,100,100,250,2970,100,100,100,100,100,100,100,7770,100,21020,100
53,968,RİZE,MERKEZ,100,100,100,100,100,100,100,100,100,100,100,100,100,100,100,100,100
34,969,İSTANBUL,ÜMRANİYE,100,100,100,100,100,100,100,100,100,100,100,100,100,100,100,100,100
34,970,İSTANBUL,BEYOĞLU,100,100,100,100,100,100,100,100,100,100,100,100,100,100,100,100,100
53,971,RİZE,HEMŞİN,100,100,100,100,100,100,100,100,100,100,100,100,100,100,100,100,100
34,972,İSTANBUL,KÜÇÜKÇEKMECE,100,100,100,100,100,100,100,100,100,100,100,100,100,100,100,100,100
34,973,İSTANBUL,ÜSKÜDAR,100,100,100,100,100,100,100,100,100,100,100,100,100,100,100,100,100
34,974,İSTANBUL,BAĞCILAR,100,100,100,100,100,100,100,100,100,100,100,100,100,100,100,100,100
36,975,KARS,SUSUZ,100,100,100,100,6380,100,100,100,100,100,100,100,100,90520,100,36650,100
34,976,İSTANBUL,BAYRAMPAŞA,100,100,100,100,100,100,100,100,100,100,100,100,100,100,100,100,100
34,977,İSTANBUL,ŞİŞLİ,100,100,100,100,100,100,100,100,100,100,100,100,100,100,100,100,100
54,978,SAKARYA,KARASU,100,330,100,100,580,100,100,100,100,120,100,28490,100,2440,100,2560,100
34,979,İSTANBUL,GAZİ OSMANPAŞA,100,100,100,100,100,100,100,100,100,100,100,100,100,100,100,100,100
34,980,İSTANBUL,BEŞİKTAŞ,100,100,100,100,100,100,100,100,100,100,100,100,100,100,100,100,100
53,981,RİZE,ÇAMLIHEMŞİN,100,100,100,100,100,100,100,100,100,100,100,100,100,100,100,100,100
67,982,ZONGULDAK,ALAPLI,100,100,100,100,100,100,100,100,100,100,100,100,100,100,100,100,100
19,983,ÇORUM,OSMANCIK,100,380,100,210,720,18450,100,100,130,240,100,140,100,24870,1520,45900,340
34,984,İSTANBUL,ESENYURT,100,100,100,100,100,100,100,100,100,100,100,100,100,100,100,620,100
34,985,İSTANBUL,KAĞITHANE,100,100,100,100,100,100,100,100,100,100,100,100,100,100,100,100,100
34,986,İSTANBUL,ESENLER,100,100,100,100,100,100,100,100,100,100,100,100,100,100,100,100,100
34,987,İSTANBUL,ÇEKMEKÖY,100,100,100,100,100,100,100,100,100,100,100,100,100,100,100,100,100
75,988,ARDAHAN,GÖLE,100,100,100,100,100,100,100,100,100,100,100,100,100,115680,100,87280,100
34,989,İSTANBUL,AVCILAR,100,100,1770,100,100,100,100,100,100,100,100,100,100,100,100,4730,100
54,990,SAKARYA,KAYNARCA,100,100,18440,100,100,100,100,100,100,100,100,14280,100,14590,100,44260,100
55,991,SAMSUN,TEKKEKÖY,100,100,920,100,100,20160,100,500,100,100,100,18770,100,6640,100,29550,100
8,992,ARTVİN,YUSUFELİ,100,100,100,100,100,100,100,100,100,100,100,100,100,100,100,100,100
53,993,RİZE,ÇAYELİ,100,100,100,100,100,100,100,100,100,100,100,100,100,100,100,100,100
36,994,KARS,AKYAKA,100,100,100,100,450,100,100,100,100,25320,100,100,100,97740,100,22760,100
55,995,SAMSUN,HAVZA,100,1660,59440,1490,580,100,100,100,100,3170,100,350,100,13060,100,168320,100
55,996,SAMSUN,CANİK,100,260,100,100,170,100,100,100,100,100,100,7220,100,2290,4400,14930,100
55,997,SAMSUN,KAVAK,100,620,100,280,740,100,100,100,100,100,100,7020,100,5120,100,66670,100
34,998,İSTANBUL,BÜYÜKÇEKMECE,100,100,19970,100,100,100,2400,100,100,100,100,100,100,7660,100,39270,100
59,999,TEKİRDAĞ,MARMARA EREĞLİSİ,100,100,33430,100,100,100,11770,100,100,100,100,100,100,11780,130,71740,100
41,1000,KOCAELİ,KANDIRA,100,100,3130,100,100,100,100,100,100,100,100,9800,100,10180,19780,80780,100
34,1001,İSTANBUL,BAŞAKŞEHİR,100,100,280,100,100,100,200,100,100,100,100,100,100,5840,100,5950,100
34,1002,İSTANBUL,SULTANGAZİ,100,100,100,100,100,100,100,100,100,100,100,100,100,100,100,100,100
37,1003,KASTAMONU,İHSANGAZİ,100,100,100,100,170,100,100,100,100,100,100,100,100,1370,100,19650,100
19,1004,ÇORUM,KARGI,100,310,100,100,320,9990,100,100,100,100,100,280,100,5270,1240,10860,100
53,1005,RİZE,PAZAR,100,100,100,100,100,100,100,100,100,100,100,100,100,100,100,100,100
55,1006,SAMSUN,MERKEZ,100,390,100,290,270,100,100,100,100,100,100,2150,100,4460,510,23970,100
22,1007,EDİRNE,KEŞAN,100,930,171450,1050,100,38080,7560,190,1310,550,100,770,100,19210,100,233570,930
34,1008,İSTANBUL,ŞİLE,100,100,100,100,180,100,100,100,100,100,100,280,100,1510,100,5990,100
55,1009,SAMSUN,VEZİRKÖPRÜ,100,860,63270,1160,1290,100,100,100,100,11760,100,1690,100,9600,860,210490,100
78,1010,KARABÜK,YENİCE,100,100,100,100,100,100,100,100,100,100,100,290,100,100,100,100,100
55,1011,SAMSUN,TERME,100,100,100,100,100,18870,100,14000,100,2470,100,11820,100,100,100,290,100
34,1012,İSTANBUL,BEYKOZ,100,100,100,100,100,100,100,100,100,100,100,100,100,100,100,100,100
67,1013,ZONGULDAK,DEVREK,100,100,100,100,100,100,100,100,100,100,100,560,100,180,100,1930,100
36,1014,KARS,ARPAÇAY,100,100,100,100,600,100,100,100,100,9950,100,100,100,124450,100,101030,100
78,1015,KARABÜK,MERKEZ,100,100,100,100,100,130,100,100,100,100,100,100,100,510,100,2990,100
59,1016,TEKİRDAĞ,MALKARA,100,100,280450,100,100,1060,12940,100,210,970,100,140,100,22920,1090,371550,1490
22,1017,EDİRNE,İPSALA,100,110,118350,100,100,231800,2760,100,100,180,100,200,100,4240,2190,140800,100
57,1018,SİNOP,SARAYDÜZÜ,100,100,100,100,100,3070,100,100,100,100,100,120,100,2410,100,11570,100
55,1019,SAMSUN,ÇARŞAMBA,100,100,3280,100,100,33530,100,8120,100,11380,100,34540,100,5800,100,24100,100
53,1020,RİZE,ARDEŞEN,100,100,100,100,100,100,100,100,100,100,100,100,100,100,100,100,100
59,1021,TEKİRDAĞ,MERKEZ,100,160,251510,150,230,100,19740,100,100,790,100,230,100,22410,970,332480,2850
37,1022,KASTAMONU,ARAÇ,100,100,100,100,100,100,100,100,100,100,100,100,100,4980,100,10850,100
67,1023,ZONGULDAK,GÖKÇEBEY,100,100,100,100,100,100,100,100,100,100,100,100,100,100,100,140,100
34,1024,İSTANBUL,SARIYER,100,100,100,100,100,100,100,100,100,100,100,100,100,100,100,100,100
67,1025,ZONGULDAK,EREĞLİ,100,100,100,100,100,100,100,100,100,100,100,1190,100,100,1540,100,100
55,1026,SAMSUN,ATAKUM,100,350,100,200,320,100,100,100,100,100,100,3360,100,1970,100,47150,100
34,1027,İSTANBUL,EYÜP,100,100,100,100,100,100,100,100,100,100,100,100,100,100,100,100,100
59,1028,TEKİRDAĞ,ÇORLU,100,100,119670,100,100,100,28250,100,100,100,100,100,100,22870,860,180970,150
8,1029,ARTVİN,ARDANUÇ,100,100,100,100,100,100,100,100,100,100,100,100,100,100,100,100,100
53,1030,RİZE,FINDIKLI,100,100,100,100,100,100,100,100,100,100,100,100,100,100,100,100,100
59,1031,TEKİRDAĞ,MURATLI,100,100,106450,100,100,100,16020,100,100,360,100,100,100,11060,100,158290,290
67,1032,ZONGULDAK,KOZLU,100,100,100,100,100,100,100,100,100,100,100,180,100,100,100,100,100
75,1033,ARDAHAN,MERKEZ,100,100,100,100,930,100,100,100,100,100,100,100,100,157410,100,91660,100
8,1034,ARTVİN,MURGUL,100,100,100,100,100,100,100,100,100,100,100,100,100,100,100,100,100
67,1035,ZONGULDAK,MERKEZ,100,100,100,100,100,100,100,100,100,100,100,220,100,100,100,130,100
34,1036,İSTANBUL,ARNAVUTKÖY,100,100,26970,100,100,100,3520,100,100,100,100,110,100,11050,3690,57160,100
59,1037,TEKİRDAĞ,ÇERKEZKÖY,100,100,9160,100,100,100,100,100,100,100,100,100,100,350,440,16660,100
8,1038,ARTVİN,ARHAVİ,100,100,100,100,100,100,100,100,100,100,100,100,100,100,100,100,100
34,1039,İSTANBUL,SİLİVRİ,100,100,93720,220,100,100,21280,100,100,100,100,100,100,37980,100,222560,320
8,1040,ARTVİN,MERKEZ,100,100,100,100,100,100,100,100,100,100,100,100,100,100,100,100,100
37,1041,KASTAMONU,MERKEZ,100,100,100,100,3750,100,100,100,100,2500,100,110,100,97410,100,93950,140
78,1042,KARABÜK,SAFRANBOLU,100,100,100,100,100,100,100,100,100,100,100,100,100,810,1170,6960,100
67,1043,ZONGULDAK,KİLİMLİ,100,100,100,100,100,100,100,100,100,100,100,100,100,100,100,100,100
59,1044,TEKİRDAĞ,KAPAKLI,100,100,25870,100,100,100,100,100,100,100,100,100,100,1400,110,45400,100
78,1045,KARABÜK,EFLANİ,100,100,100,100,100,100,100,100,100,100,100,210,100,11270,100,23200,100
57,1046,SİNOP,DURAĞAN,100,350,100,100,100,4560,100,100,100,100,100,210,100,2780,420,12550,100
8,1047,ARTVİN,HOPA,100,100,100,100,100,100,100,100,100,100,100,100,100,100,100,100,100
67,1048,ZONGULDAK,ÇAYCUMA,100,1390,170,100,240,100,100,100,100,100,100,8700,100,750,160,35890,100
59,1049,TEKİRDAĞ,HAYRABOLU,100,100,295950,180,100,24220,12600,100,100,2940,100,170,100,14730,480,372550,150
22,1050,EDİRNE,MERİÇ,100,100,53250,100,100,91870,110,100,550,100,100,100,2530,140,600,49510,100
37,1051,KASTAMONU,DADAY,100,100,100,100,370,100,100,100,100,1810,100,100,100,4670,100,33970,100
55,1052,SAMSUN,19 MAYIS,100,100,100,100,100,12120,100,100,100,2070,100,7350,100,2440,100,42900,100
59,1053,TEKİRDAĞ,ERGENE,100,110,123610,100,100,100,9110,100,100,100,100,100,100,6200,250,161720,100
75,1054,ARDAHAN,ÇILDIR,100,100,100,100,100,100,100,100,100,100,100,100,100,84100,100,57040,100
75,1055,ARDAHAN,DAMAL,100,100,100,100,100,100,100,100,100,100,100,100,100,9610,100,5400,100
75,1056,ARDAHAN,HANAK,100,100,100,100,260,100,100,100,100,100,100,100,100,47380,100,39770,100
55,1057,SAMSUN,ALAÇAM,100,240,100,100,160,17100,100,180,100,100,100,230,100,28530,720,32930,140
55,1058,SAMSUN,YAKAKENT,100,100,100,100,100,100,100,100,100,100,100,100,100,370,100,4420,100
8,1059,ARTVİN,KEMALPAŞA,100,100,100,100,100,100,100,100,100,100,100,100,100,100,100,100,100
57,1060,SİNOP,DİKMEN,100,100,100,100,100,100,100,100,100,100,100,100,100,300,100,2600,100
57,1061,SİNOP,BOYABAT,100,4930,100,440,100,17040,100,100,100,100,100,100,100,10360,700,36260,100
8,1062,ARTVİN,BORÇKA,100,100,100,100,100,100,100,100,100,100,100,100,100,100,100,100,100
39,1063,KIRKLARELİ,PEHLİVANKÖY,100,100,17870,100,100,5580,1500,100,100,230,100,150,100,1340,180,34280,100
8,1064,ARTVİN,ŞAVŞAT,100,100,100,100,100,100,100,100,100,100,100,100,100,100,100,100,100
22,1065,EDİRNE,UZUNKÖPRÜ,100,380,266680,150,190,92650,14020,100,100,2150,100,300,100,4560,1270,278430,250
55,1066,SAMSUN,BAFRA,100,1790,4990,100,240,126090,470,1720,1410,500,100,18440,100,7200,1410,178450,100
37,1067,KASTAMONU,SEYDİLER,100,100,100,100,190,100,100,100,100,4860,100,100,100,2460,100,40490,100
37,1068,KASTAMONU,HANÖNÜ,100,100,100,100,100,1210,100,100,100,100,100,100,100,940,100,6870,100
37,1069,KASTAMONU,TAŞKÖPRÜ,100,100,100,100,540,100,100,100,100,24930,100,850,100,43350,100,79540,110
74,1070,BARTIN,ULUS,100,100,100,100,100,100,100,100,100,100,100,850,100,170,100,1430,100
34,1071,İSTANBUL,ÇATALCA,100,100,59850,100,100,4560,2370,100,100,170,100,130,100,19280,100,122600,100
59,1072,TEKİRDAĞ,SARAY,100,100,102660,100,100,100,1640,100,100,100,100,100,100,12310,820,137440,220
57,1073,SİNOP,SAZLI,100,100,100,100,100,100,100,100,100,100,100,100,100,100,100,100,100
37,1074,KASTAMONU,PINARBAŞI,100,100,100,100,100,100,100,100,100,100,100,100,100,100,100,2820,100
74,1075,BARTIN,MERKEZ,100,830,1200,100,620,100,100,100,100,100,100,8450,100,2980,500,44280,230
39,1076,KIRKLARELİ,LÜLEBURGAZ,100,100,227090,400,130,720,20590,100,100,5960,100,560,100,16170,310,441830,100
74,1077,BARTIN,AMASRA,100,100,100,100,100,100,100,100,100,100,100,350,100,100,100,750,100
75,1078,ARDAHAN,POSOF,100,100,100,100,1340,100,100,100,100,100,100,1280,100,14950,100,30670,100
37,1079,KASTAMONU,DEVREKÂNİ,100,100,100,100,1350,100,100,100,100,15190,100,100,100,10540,160,63500,100
37,1080,KASTAMONU,AĞLI,100,100,100,100,100,100,100,100,100,100,100,100,100,4620,100,8430,100
74,1081,BARTIN,KURUCAŞİLE,100,100,100,100,100,100,100,100,100,100,100,100,100,100,100,100,100
39,1082,KIRKLARELİ,BABAESKİ,100,100,121320,110,100,8330,12700,100,100,750,100,1020,100,6000,230,226040,100
57,1083,SİNOP,GERZE,100,520,100,150,100,240,100,100,100,100,100,4750,100,6310,2940,20000,100
37,1084,KASTAMONU,AZDAVAY,100,100,100,100,100,100,100,100,100,100,100,100,100,440,2970,4580,100
37,1085,KASTAMONU,KÜRE,100,100,100,100,130,100,100,100,100,100,100,100,100,1550,100,6350,100
37,1086,KASTAMONU,ŞENPAZAR,100,100,100,100,100,100,100,100,100,100,100,100,100,100,100,140,100
57,1087,SİNOP,TÜRKELİ,100,180,100,100,100,100,100,100,100,100,100,1780,100,100,100,100,100
37,1088,KASTAMONU,ÇATALZEYTİN,100,100,100,100,100,100,100,100,100,100,100,2250,100,100,100,130,100
57,1089,SİNOP,AYANCIK,100,520,100,100,100,100,100,100,100,100,100,1130,100,100,100,1210,100
39,1090,KIRKLARELİ,VİZE,100,190,62150,130,280,100,930,100,100,110,100,250,100,5980,1390,103820,1390
37,1091,KASTAMONU,BOZKURT,100,100,100,100,230,100,100,100,100,100,100,610,100,100,100,580,100
37,1092,KASTAMONU,ABANA,100,100,100,100,100,100,100,100,100,100,100,100,100,100,100,100,100
22,1093,EDİRNE,HAVSA,100,120,116180,100,100,10450,7370,100,110,110,100,3380,100,7820,1900,209290,100
37,1094,KASTAMONU,İNEBOLU,100,100,100,100,230,100,100,100,100,100,100,1650,100,100,100,340,100
57,1095,SİNOP,ERFELEK,100,320,100,100,100,100,100,100,100,100,100,13230,100,510,2330,14390,100
37,1096,KASTAMONU,DOĞANYURT,100,100,100,100,100,100,100,100,100,100,100,260,100,100,100,870,100
37,1097,KASTAMONU,CİDE,100,100,100,100,100,100,100,100,100,100,100,640,100,100,100,1340,100
39,1098,KIRKLARELİ,PINARHİSAR,100,100,64180,100,200,100,500,100,100,100,100,140,100,5940,640,79700,100
57,1099,SİNOP,MERKEZ,100,430,100,100,100,8760,100,100,100,100,100,17530,100,2130,310,53140,100
22,1100,EDİRNE,MERKEZ,100,100,165570,530,100,66700,13250,100,100,330,100,1440,100,9590,600,264880,100
22,1101,EDİRNE,SÜLOĞLU,100,100,29360,100,100,100,3020,100,170,600,100,3720,100,2510,100,94640,100
22,1102,EDİRNE,LALAPAŞA,100,100,42960,100,100,110,21880,100,100,100,100,100,100,4400,1350,107770,100
39,1103,KIRKLARELİ,MERKEZ,100,35810,100,100,100,100,100,100,12790,100,100,100,100,290360,100,100,6400
39,1104,KIRKLARELİ,KOFÇAZ,100,670,18640,100,100,100,500,100,100,100,100,100,100,1930,6880,30320,100
