CityId,DistrictId,CityName,DistrictName,WheatPrice,BarleyPrice,OatPrice,CottonPrice,SoybeanPrice,TomatoPrice,CanolaPrice,PotatoPrice,SugarbeetPrice,OnionPrice,BeanPrice,LentilPrice,ChickpeaPrice,PeanutPrice,RicePrice,CornPrice,SunflowerPrice
31,15,HATAY,YAYLADA?I,2.06,1.62,2.1,9.59,2.18,0.55,2.94,1.5,0.32,2.8,7.98,4.85,4.9,10.4,4.4,1.4,6.11
31,15,HATAY,YAYLADA?I,2.06,1.62,2.1,9.59,2.18,0.55,2.94,1.5,0.32,2.8,7.98,4.85,4.9,10.4,4.4,1.4,6.11
31,17,HATAY,ALTINÖZÜ,2.06,1.62,2.1,9.59,2.18,0.55,2.94,1.5,0.32,2.8,7.98,4.85,4.9,10.4,4.4,1.4,6.11
31,20,HATAY,DEFNE,2.06,1.62,2.1,9.59,2.18,0.55,2.94,1.5,0.32,2.8,7.98,4.85,4.9,10.4,4.4,1.4,6.11
33,25,MERS?N,AYDINCIK,2.06,1.62,2.1,9.59,2.18,0.55,2.94,1.5,0.32,2.8,7.98,4.85,4.9,10.4,4.4,1.4,6.11
31,26,HATAY,SAMANDA?,2.06,1.62,2.1,9.59,2.18,0.55,2.94,1.5,0.32,2.8,7.98,4.85,4.9,10.4,4.4,1.4,6.11
31,28,HATAY,REYHANLI,2.06,1.62,2.1,9.59,2.18,0.55,2.94,1.5,0.32,2.8,7.98,4.85,4.9,10.4,4.4,1.4,6.11
31,30,HATAY,ANTAKYA,2.06,1.62,2.1,9.59,2.18,0.55,2.94,1.5,0.32,2.8,7.98,4.85,4.9,10.4,4.4,1.4,6.11
33,31,MERS?N,BOZYAZI,2.06,1.62,2.1,9.59,2.18,0.55,2.94,1.5,0.32,2.8,7.98,4.85,4.9,10.4,4.4,1.4,6.11
31,32,HATAY,KUMLU,2.06,1.62,2.1,9.59,2.18,0.55,2.94,1.5,0.32,2.8,7.98,4.85,4.9,10.4,4.4,1.4,6.11
7,34,ANTALYA,DEMRE,2.06,1.62,2.1,9.59,2.18,0.55,2.94,1.5,0.32,2.8,7.98,4.85,4.9,10.4,4.4,1.4,6.11
33,36,MERS?N,ANAMUR,2.06,1.62,2.1,9.59,2.18,0.55,2.94,1.5,0.32,2.8,7.98,4.85,4.9,10.4,4.4,1.4,6.11
31,37,HATAY,BELEN,2.06,1.62,2.1,9.59,2.18,0.55,2.94,1.5,0.32,2.8,7.98,4.85,4.9,10.4,4.4,1.4,6.11
7,38,ANTALYA,GAZ?PA?A,2.06,1.62,2.1,9.59,2.18,0.55,2.94,1.5,0.32,2.8,7.98,4.85,4.9,10.4,4.4,1.4,6.11
31,39,HATAY,ARSUZ,2.06,1.62,2.1,9.59,2.18,0.55,2.94,1.5,0.32,2.8,7.98,4.85,4.9,10.4,4.4,1.4,6.11
33,40,MERS?N,GÜLNAR,2.06,1.62,2.1,9.59,2.18,0.55,2.94,1.5,0.32,2.8,7.98,4.85,4.9,10.4,4.4,1.4,6.11
7,43,ANTALYA,F?N?KE,2.06,1.62,2.1,9.59,2.18,0.55,2.94,1.5,0.32,2.8,7.98,4.85,4.9,10.4,4.4,1.4,6.11
31,44,HATAY,KIRIKHAN,2.06,1.62,2.1,9.59,2.18,0.55,2.94,1.5,0.32,2.8,7.98,4.85,4.9,10.4,4.4,1.4,6.11
31,45,HATAY,?SKENDERUN,2.06,1.62,2.1,9.59,2.18,0.55,2.94,1.5,0.32,2.8,7.98,4.85,4.9,10.4,4.4,1.4,6.11
7,47,ANTALYA,KA?,2.06,1.62,2.1,9.59,2.18,0.55,2.94,1.5,0.32,2.8,7.98,4.85,4.9,10.4,4.4,1.4,6.11
70,49,KARAMAN,SARIVEL?LER,2.06,1.62,2.1,9.59,2.18,0.55,2.94,1.5,0.32,2.8,7.98,4.85,4.9,10.4,4.4,1.4,6.11
1,51,ADANA,KARATA?,2.06,1.62,2.1,9.59,2.18,0.55,2.94,1.5,0.32,2.8,7.98,4.85,4.9,10.4,4.4,1.4,6.11
31,52,HATAY,PAYAS,2.06,1.62,2.1,9.59,2.18,0.55,2.94,1.5,0.32,2.8,7.98,4.85,4.9,10.4,4.4,1.4,6.11
7,54,ANTALYA,KEMER,2.06,1.62,2.1,9.59,2.18,0.55,2.94,1.5,0.32,2.8,7.98,4.85,4.9,10.4,4.4,1.4,6.11
7,55,ANTALYA,ALANYA,2.06,1.62,2.1,9.59,2.18,0.55,2.94,1.5,0.32,2.8,7.98,4.85,4.9,10.4,4.4,1.4,6.11
70,59,KARAMAN,BA?YAYLA,2.06,1.62,2.1,9.59,2.18,0.55,2.94,1.5,0.32,2.8,7.98,4.85,4.9,10.4,4.4,1.4,6.11
79,61,K?L?S,ELBEYL?,2.06,1.62,2.1,9.59,2.18,0.55,2.94,1.5,0.32,2.8,7.98,4.85,4.9,10.4,4.4,1.4,6.11
70,69,KARAMAN,ERMENEK,2.06,1.62,2.1,9.59,2.18,0.55,2.94,1.5,0.32,2.8,7.98,4.85,4.9,10.4,4.4,1.4,6.11
79,70,K?L?S,MERKEZ,2.06,1.62,2.1,9.59,2.18,0.55,2.94,1.5,0.32,2.8,7.98,4.85,4.9,10.4,4.4,1.4,6.11
1,75,ADANA,YUMURTALIK,2.06,1.62,2.1,9.59,2.18,0.55,2.94,1.5,0.32,2.8,7.98,4.85,4.9,10.4,4.4,1.4,6.11
31,76,HATAY,HASSA,2.06,1.62,2.1,9.59,2.18,0.55,2.94,1.5,0.32,2.8,7.98,4.85,4.9,10.4,4.4,1.4,6.11
7,77,ANTALYA,KUMLUCA,2.06,1.62,2.1,9.59,2.18,0.55,2.94,1.5,0.32,2.8,7.98,4.85,4.9,10.4,4.4,1.4,6.11
33,78,MERS?N,YEN??EH?R,2.06,1.62,2.1,9.59,2.18,0.55,2.94,1.5,0.32,2.8,7.98,4.85,4.9,10.4,4.4,1.4,6.11
79,79,K?L?S,POLATEL?,2.06,1.62,2.1,9.59,2.18,0.55,2.94,1.5,0.32,2.8,7.98,4.85,4.9,10.4,4.4,1.4,6.11
31,81,HATAY,DÖRTYOL,2.06,1.62,2.1,9.59,2.18,0.55,2.94,1.5,0.32,2.8,7.98,4.85,4.9,10.4,4.4,1.4,6.11
33,87,MERS?N,MEZ?TL?,2.06,1.62,2.1,9.59,2.18,0.55,2.94,1.5,0.32,2.8,7.98,4.85,4.9,10.4,4.4,1.4,6.11
33,88,MERS?N,MUT,2.06,1.62,2.1,9.59,2.18,0.55,2.94,1.5,0.32,2.8,7.98,4.85,4.9,10.4,4.4,1.4,6.11
27,89,GAZ?ANTEP,KARKAMI?,2.06,1.62,2.1,9.59,2.18,0.55,2.94,1.5,0.32,2.8,7.98,4.85,4.9,10.4,4.4,1.4,6.11
33,90,MERS?N,MERKEZ,2.06,1.62,2.1,9.59,2.18,0.55,2.94,1.5,0.32,2.8,7.98,4.85,4.9,10.4,4.4,1.4,6.11
42,91,KONYA,TA?KENT,2.06,1.62,2.1,9.59,2.18,0.55,2.94,1.5,0.32,2.8,7.98,4.85,4.9,10.4,4.4,1.4,6.11
63,92,?ANLIURFA,AKÇAKALE,2.06,1.62,2.1,9.59,2.18,0.55,2.94,1.5,0.32,2.8,7.98,4.85,4.9,10.4,4.4,1.4,6.11
7,94,ANTALYA,MERKEZ,2.06,1.62,2.1,9.59,2.18,0.55,2.94,1.5,0.32,2.8,7.98,4.85,4.9,10.4,4.4,1.4,6.11
31,95,HATAY,ERZ?N,2.06,1.62,2.1,9.59,2.18,0.55,2.94,1.5,0.32,2.8,7.98,4.85,4.9,10.4,4.4,1.4,6.11
48,96,MU?LA,FETH?YE,2.06,1.62,2.1,9.59,2.18,0.55,2.94,1.5,0.32,2.8,7.98,4.85,4.9,10.4,4.4,1.4,6.11
63,97,?ANLIURFA,HARRAN,2.06,1.62,2.1,9.59,2.18,0.55,2.94,1.5,0.32,2.8,7.98,4.85,4.9,10.4,4.4,1.4,6.11
79,98,K?L?S,MUSABEYL?,2.06,1.62,2.1,9.59,2.18,0.55,2.94,1.5,0.32,2.8,7.98,4.85,4.9,10.4,4.4,1.4,6.11
48,99,MU?LA,DATÇA,2.06,1.62,2.1,9.59,2.18,0.55,2.94,1.5,0.32,2.8,7.98,4.85,4.9,10.4,4.4,1.4,6.11
7,100,ANTALYA,ELMALI,2.06,1.62,2.1,9.59,2.18,0.55,2.94,1.5,0.32,2.8,7.98,4.85,4.9,10.4,4.4,1.4,6.11
33,101,MERS?N,S?L?FKE,2.06,1.62,2.1,9.59,2.18,0.55,2.94,1.5,0.32,2.8,7.98,4.85,4.9,10.4,4.4,1.4,6.11
7,102,ANTALYA,KONYAALTI,2.06,1.62,2.1,9.59,2.18,0.55,2.94,1.5,0.32,2.8,7.98,4.85,4.9,10.4,4.4,1.4,6.11
27,103,GAZ?ANTEP,O?UZEL?,2.06,1.62,2.1,9.59,2.18,0.55,2.94,1.5,0.32,2.8,7.98,4.85,4.9,10.4,4.4,1.4,6.11
1,104,ADANA,YÜRE??R,2.06,1.62,2.1,9.59,2.18,0.55,2.94,1.5,0.32,2.8,7.98,4.85,4.9,10.4,4.4,1.4,6.11
1,105,ADANA,SEYHAN,2.06,1.62,2.1,9.59,2.18,0.55,2.94,1.5,0.32,2.8,7.98,4.85,4.9,10.4,4.4,1.4,6.11
48,106,MU?LA,ORTACA,2.06,1.62,2.1,9.59,2.18,0.55,2.94,1.5,0.32,2.8,7.98,4.85,4.9,10.4,4.4,1.4,6.11
48,107,MU?LA,SEYD?KEMER,2.06,1.62,2.1,9.59,2.18,0.55,2.94,1.5,0.32,2.8,7.98,4.85,4.9,10.4,4.4,1.4,6.11
80,108,OSMAN?YE,TOPRAKKALE,2.06,1.62,2.1,9.59,2.18,0.55,2.94,1.5,0.32,2.8,7.98,4.85,4.9,10.4,4.4,1.4,6.11
7,109,ANTALYA,GÜNDO?MU?,2.06,1.62,2.1,9.59,2.18,0.55,2.94,1.5,0.32,2.8,7.98,4.85,4.9,10.4,4.4,1.4,6.11
27,110,GAZ?ANTEP,?AH?NBEY,2.06,1.62,2.1,9.59,2.18,0.55,2.94,1.5,0.32,2.8,7.98,4.85,4.9,10.4,4.4,1.4,6.11
42,111,KONYA,HAD?M,2.06,1.62,2.1,9.59,2.18,0.55,2.94,1.5,0.32,2.8,7.98,4.85,4.9,10.4,4.4,1.4,6.11
1,113,ADANA,ÇUKUROVA,2.06,1.62,2.1,9.59,2.18,0.55,2.94,1.5,0.32,2.8,7.98,4.85,4.9,10.4,4.4,1.4,6.11
27,114,GAZ?ANTEP,?SLAH?YE,2.06,1.62,2.1,9.59,2.18,0.55,2.94,1.5,0.32,2.8,7.98,4.85,4.9,10.4,4.4,1.4,6.11
80,116,OSMAN?YE,HASANBEYL?,2.06,1.62,2.1,9.59,2.18,0.55,2.94,1.5,0.32,2.8,7.98,4.85,4.9,10.4,4.4,1.4,6.11
15,117,BURDUR,ALTINYAYLA,2.06,1.62,2.1,9.59,2.18,0.55,2.94,1.5,0.32,2.8,7.98,4.85,4.9,10.4,4.4,1.4,6.11
33,118,MERS?N,ERDEML?,2.06,1.62,2.1,9.59,2.18,0.55,2.94,1.5,0.32,2.8,7.98,4.85,4.9,10.4,4.4,1.4,6.11
48,119,MU?LA,DALAMAN,2.06,1.62,2.1,9.59,2.18,0.55,2.94,1.5,0.32,2.8,7.98,4.85,4.9,10.4,4.4,1.4,6.11
63,120,?ANLIURFA,SURUÇ,2.06,1.62,2.1,9.59,2.18,0.55,2.94,1.5,0.32,2.8,7.98,4.85,4.9,10.4,4.4,1.4,6.11
48,122,MU?LA,MARMAR?S,2.06,1.62,2.1,9.59,2.18,0.55,2.94,1.5,0.32,2.8,7.98,4.85,4.9,10.4,4.4,1.4,6.11
63,123,?ANLIURFA,MERKEZ,2.06,1.62,2.1,9.59,2.18,0.55,2.94,1.5,0.32,2.8,7.98,4.85,4.9,10.4,4.4,1.4,6.11
63,125,?ANLIURFA,CEYLANPINAR,2.06,1.62,2.1,9.59,2.18,0.55,2.94,1.5,0.32,2.8,7.98,4.85,4.9,10.4,4.4,1.4,6.11
7,126,ANTALYA,KEPEZ,2.06,1.62,2.1,9.59,2.18,0.55,2.94,1.5,0.32,2.8,7.98,4.85,4.9,10.4,4.4,1.4,6.11
33,129,MERS?N,TOROSLAR,2.06,1.62,2.1,9.59,2.18,0.55,2.94,1.5,0.32,2.8,7.98,4.85,4.9,10.4,4.4,1.4,6.11
80,130,OSMAN?YE,MERKEZ,2.06,1.62,2.1,9.59,2.18,0.55,2.94,1.5,0.32,2.8,7.98,4.85,4.9,10.4,4.4,1.4,6.11
1,131,ADANA,SARIÇAM,2.06,1.62,2.1,9.59,2.18,0.55,2.94,1.5,0.32,2.8,7.98,4.85,4.9,10.4,4.4,1.4,6.11
1,132,ADANA,CEYHAN,2.06,1.62,2.1,9.59,2.18,0.55,2.94,1.5,0.32,2.8,7.98,4.85,4.9,10.4,4.4,1.4,6.11
63,135,?ANLIURFA,B?REC?K,2.06,1.62,2.1,9.59,2.18,0.55,2.94,1.5,0.32,2.8,7.98,4.85,4.9,10.4,4.4,1.4,6.11
80,136,OSMAN?YE,BAHÇE,2.06,1.62,2.1,9.59,2.18,0.55,2.94,1.5,0.32,2.8,7.98,4.85,4.9,10.4,4.4,1.4,6.11
27,137,GAZ?ANTEP,N?Z?P,2.06,1.62,2.1,9.59,2.18,0.55,2.94,1.5,0.32,2.8,7.98,4.85,4.9,10.4,4.4,1.4,6.11
7,140,ANTALYA,AKSU,2.06,1.62,2.1,9.59,2.18,0.55,2.94,1.5,0.32,2.8,7.98,4.85,4.9,10.4,4.4,1.4,6.11
27,142,GAZ?ANTEP,NURDA?I,2.06,1.62,2.1,9.59,2.18,0.55,2.94,1.5,0.32,2.8,7.98,4.85,4.9,10.4,4.4,1.4,6.11
42,144,KONYA,BOZKIR,2.06,1.62,2.1,9.59,2.18,0.55,2.94,1.5,0.32,2.8,7.98,4.85,4.9,10.4,4.4,1.4,6.11
20,145,DEN?ZL?,ÇAMEL?,2.06,1.62,2.1,9.59,2.18,0.55,2.94,1.5,0.32,2.8,7.98,4.85,4.9,10.4,4.4,1.4,6.11
48,146,MU?LA,KÖYCE??Z,2.06,1.62,2.1,9.59,2.18,0.55,2.94,1.5,0.32,2.8,7.98,4.85,4.9,10.4,4.4,1.4,6.11
7,147,ANTALYA,DÖ?EMEALTI,2.06,1.62,2.1,9.59,2.18,0.55,2.94,1.5,0.32,2.8,7.98,4.85,4.9,10.4,4.4,1.4,6.11
48,148,MU?LA,ULA,2.06,1.62,2.1,9.59,2.18,0.55,2.94,1.5,0.32,2.8,7.98,4.85,4.9,10.4,4.4,1.4,6.11
27,150,GAZ?ANTEP,MERKEZ,2.06,1.62,2.1,9.59,2.18,0.55,2.94,1.5,0.32,2.8,7.98,4.85,4.9,10.4,4.4,1.4,6.11
42,151,KONYA,GÜNEYSINIR,2.06,1.62,2.1,9.59,2.18,0.55,2.94,1.5,0.32,2.8,7.98,4.85,4.9,10.4,4.4,1.4,6.11
33,152,MERS?N,ÇAMLIYAYLA,2.06,1.62,2.1,9.59,2.18,0.55,2.94,1.5,0.32,2.8,7.98,4.85,4.9,10.4,4.4,1.4,6.11
42,153,KONYA,YALIHÜYÜK,2.06,1.62,2.1,9.59,2.18,0.55,2.94,1.5,0.32,2.8,7.98,4.85,4.9,10.4,4.4,1.4,6.11
48,155,MU?LA,BODRUM,2.06,1.62,2.1,9.59,2.18,0.55,2.94,1.5,0.32,2.8,7.98,4.85,4.9,10.4,4.4,1.4,6.11
7,156,ANTALYA,AKSEK?,2.06,1.62,2.1,9.59,2.18,0.55,2.94,1.5,0.32,2.8,7.98,4.85,4.9,10.4,4.4,1.4,6.11
15,157,BURDUR,GÖLH?SAR,2.06,1.62,2.1,9.59,2.18,0.55,2.94,1.5,0.32,2.8,7.98,4.85,4.9,10.4,4.4,1.4,6.11
7,158,ANTALYA,?BRADI,2.06,1.62,2.1,9.59,2.18,0.55,2.94,1.5,0.32,2.8,7.98,4.85,4.9,10.4,4.4,1.4,6.11
70,160,KARAMAN,KAZIMKARABEK?R,2.06,1.62,2.1,9.59,2.18,0.55,2.94,1.5,0.32,2.8,7.98,4.85,4.9,10.4,4.4,1.4,6.11
27,161,GAZ?ANTEP,YAVUZEL?,2.06,1.62,2.1,9.59,2.18,0.55,2.94,1.5,0.32,2.8,7.98,4.85,4.9,10.4,4.4,1.4,6.11
42,162,KONYA,AHIRLI,2.06,1.62,2.1,9.59,2.18,0.55,2.94,1.5,0.32,2.8,7.98,4.85,4.9,10.4,4.4,1.4,6.11
7,163,ANTALYA,SER?K,2.06,1.62,2.1,9.59,2.18,0.55,2.94,1.5,0.32,2.8,7.98,4.85,4.9,10.4,4.4,1.4,6.11
33,164,MERS?N,TARSUS,2.06,1.62,2.1,9.59,2.18,0.55,2.94,1.5,0.32,2.8,7.98,4.85,4.9,10.4,4.4,1.4,6.11
1,165,ADANA,?MAMO?LU,2.06,1.62,2.1,9.59,2.18,0.55,2.94,1.5,0.32,2.8,7.98,4.85,4.9,10.4,4.4,1.4,6.11
80,166,OSMAN?YE,DÜZ?Ç?,2.06,1.62,2.1,9.59,2.18,0.55,2.94,1.5,0.32,2.8,7.98,4.85,4.9,10.4,4.4,1.4,6.11
7,167,ANTALYA,KORKUTEL?,2.06,1.62,2.1,9.59,2.18,0.55,2.94,1.5,0.32,2.8,7.98,4.85,4.9,10.4,4.4,1.4,6.11
15,168,BURDUR,ÇAVDIR,2.06,1.62,2.1,9.59,2.18,0.55,2.94,1.5,0.32,2.8,7.98,4.85,4.9,10.4,4.4,1.4,6.11
47,169,MARD?N,KIZILTEPE,2.06,1.62,2.1,9.59,2.18,0.55,2.94,1.5,0.32,2.8,7.98,4.85,4.9,10.4,4.4,1.4,6.11
1,170,ADANA,KARA?SALI,2.06,1.62,2.1,9.59,2.18,0.55,2.94,1.5,0.32,2.8,7.98,4.85,4.9,10.4,4.4,1.4,6.11
63,171,?ANLIURFA,HALFET?,2.06,1.62,2.1,9.59,2.18,0.55,2.94,1.5,0.32,2.8,7.98,4.85,4.9,10.4,4.4,1.4,6.11
20,172,DEN?ZL?,BEYA?AÇ,2.06,1.62,2.1,9.59,2.18,0.55,2.94,1.5,0.32,2.8,7.98,4.85,4.9,10.4,4.4,1.4,6.11
47,173,MARD?N,NUSAYB?N,2.06,1.62,2.1,9.59,2.18,0.55,2.94,1.5,0.32,2.8,7.98,4.85,4.9,10.4,4.4,1.4,6.11
7,176,ANTALYA,MANAVGAT,2.06,1.62,2.1,9.59,2.18,0.55,2.94,1.5,0.32,2.8,7.98,4.85,4.9,10.4,4.4,1.4,6.11
46,177,KAHRAMANMARA?,TÜRKO?LU,2.06,1.62,2.1,9.59,2.18,0.55,2.94,1.5,0.32,2.8,7.98,4.85,4.9,10.4,4.4,1.4,6.11
42,179,KONYA,HALKAPINAR,2.06,1.62,2.1,9.59,2.18,0.55,2.94,1.5,0.32,2.8,7.98,4.85,4.9,10.4,4.4,1.4,6.11
63,180,?ANLIURFA,BOZOVA,2.06,1.62,2.1,9.59,2.18,0.55,2.94,1.5,0.32,2.8,7.98,4.85,4.9,10.4,4.4,1.4,6.11
15,181,BURDUR,TEFENN?,2.06,1.62,2.1,9.59,2.18,0.55,2.94,1.5,0.32,2.8,7.98,4.85,4.9,10.4,4.4,1.4,6.11
63,182,?ANLIURFA,HAL?L?YE,2.06,1.62,2.1,9.59,2.18,0.55,2.94,1.5,0.32,2.8,7.98,4.85,4.9,10.4,4.4,1.4,6.11
27,183,GAZ?ANTEP,ARABAN,2.06,1.62,2.1,9.59,2.18,0.55,2.94,1.5,0.32,2.8,7.98,4.85,4.9,10.4,4.4,1.4,6.11
42,184,KONYA,DEREBUCAK,2.06,1.62,2.1,9.59,2.18,0.55,2.94,1.5,0.32,2.8,7.98,4.85,4.9,10.4,4.4,1.4,6.11
70,186,KARAMAN,MERKEZ,2.06,1.62,2.1,9.59,2.18,0.55,2.94,1.5,0.32,2.8,7.98,4.85,4.9,10.4,4.4,1.4,6.11
47,189,MARD?N,YE??LL?,2.06,1.62,2.1,9.59,2.18,0.55,2.94,1.5,0.32,2.8,7.98,4.85,4.9,10.4,4.4,1.4,6.11
42,190,KONYA,AKÖREN,2.06,1.62,2.1,9.59,2.18,0.55,2.94,1.5,0.32,2.8,7.98,4.85,4.9,10.4,4.4,1.4,6.11
30,191,HAKKAR?,DEREC?K,2.06,1.62,2.1,9.59,2.18,0.55,2.94,1.5,0.32,2.8,7.98,4.85,4.9,10.4,4.4,1.4,6.11
15,192,BURDUR,KEMER,2.06,1.62,2.1,9.59,2.18,0.55,2.94,1.5,0.32,2.8,7.98,4.85,4.9,10.4,4.4,1.4,6.11
15,193,BURDUR,KARAMANLI,2.06,1.62,2.1,9.59,2.18,0.55,2.94,1.5,0.32,2.8,7.98,4.85,4.9,10.4,4.4,1.4,6.11
63,194,?ANLIURFA,KARAKÖPRÜ,2.06,1.62,2.1,9.59,2.18,0.55,2.94,1.5,0.32,2.8,7.98,4.85,4.9,10.4,4.4,1.4,6.11
70,195,KARAMAN,AYRANCI,2.06,1.62,2.1,9.59,2.18,0.55,2.94,1.5,0.32,2.8,7.98,4.85,4.9,10.4,4.4,1.4,6.11
73,197,?IRNAK,C?ZRE,2.06,1.62,2.1,9.59,2.18,0.55,2.94,1.5,0.32,2.8,7.98,4.85,4.9,10.4,4.4,1.4,6.11
47,198,MARD?N,ÖMERL?,2.06,1.62,2.1,9.59,2.18,0.55,2.94,1.5,0.32,2.8,7.98,4.85,4.9,10.4,4.4,1.4,6.11
73,199,?IRNAK,?D?L,2.06,1.62,2.1,9.59,2.18,0.55,2.94,1.5,0.32,2.8,7.98,4.85,4.9,10.4,4.4,1.4,6.11
15,200,BURDUR,BUCAK,2.06,1.62,2.1,9.59,2.18,0.55,2.94,1.5,0.32,2.8,7.98,4.85,4.9,10.4,4.4,1.4,6.11
48,201,MU?LA,MERKEZ,2.06,1.62,2.1,9.59,2.18,0.55,2.94,1.5,0.32,2.8,7.98,4.85,4.9,10.4,4.4,1.4,6.11
63,202,?ANLIURFA,V?RAN?EH?R,2.06,1.62,2.1,9.59,2.18,0.55,2.94,1.5,0.32,2.8,7.98,4.85,4.9,10.4,4.4,1.4,6.11
47,203,MARD?N,DER?K,2.06,1.62,2.1,9.59,2.18,0.55,2.94,1.5,0.32,2.8,7.98,4.85,4.9,10.4,4.4,1.4,6.11
73,206,?IRNAK,S?LOP?,2.06,1.62,2.1,9.59,2.18,0.55,2.94,1.5,0.32,2.8,7.98,4.85,4.9,10.4,4.4,1.4,6.11
15,208,BURDUR,ÇELT?KÇ?,2.06,1.62,2.1,9.59,2.18,0.55,2.94,1.5,0.32,2.8,7.98,4.85,4.9,10.4,4.4,1.4,6.11
47,209,MARD?N,MERKEZ,2.06,1.62,2.1,9.59,2.18,0.55,2.94,1.5,0.32,2.8,7.98,4.85,4.9,10.4,4.4,1.4,6.11
1,210,ADANA,POZANTI,2.06,1.62,2.1,9.59,2.18,0.55,2.94,1.5,0.32,2.8,7.98,4.85,4.9,10.4,4.4,1.4,6.11
80,211,OSMAN?YE,SUMBAS,2.06,1.62,2.1,9.59,2.18,0.55,2.94,1.5,0.32,2.8,7.98,4.85,4.9,10.4,4.4,1.4,6.11
46,213,KAHRAMANMARA?,PAZARCIK,2.06,1.62,2.1,9.59,2.18,0.55,2.94,1.5,0.32,2.8,7.98,4.85,4.9,10.4,4.4,1.4,6.11
47,214,MARD?N,M?DYAT,2.06,1.62,2.1,9.59,2.18,0.55,2.94,1.5,0.32,2.8,7.98,4.85,4.9,10.4,4.4,1.4,6.11
51,215,N??DE,ULUKI?LA,2.06,1.62,2.1,9.59,2.18,0.55,2.94,1.5,0.32,2.8,7.98,4.85,4.9,10.4,4.4,1.4,6.11
80,216,OSMAN?YE,KAD?RL?,2.06,1.62,2.1,9.59,2.18,0.55,2.94,1.5,0.32,2.8,7.98,4.85,4.9,10.4,4.4,1.4,6.11
30,217,HAKKAR?,ÇUKURCA,2.06,1.62,2.1,9.59,2.18,0.55,2.94,1.5,0.32,2.8,7.98,4.85,4.9,10.4,4.4,1.4,6.11
48,218,MU?LA,YATA?AN,2.06,1.62,2.1,9.59,2.18,0.55,2.94,1.5,0.32,2.8,7.98,4.85,4.9,10.4,4.4,1.4,6.11
2,220,ADIYAMAN,SAMSAT,2.06,1.62,2.1,9.59,2.18,0.55,2.94,1.5,0.32,2.8,7.98,4.85,4.9,10.4,4.4,1.4,6.11
47,221,MARD?N,MAZIDA?I,2.06,1.62,2.1,9.59,2.18,0.55,2.94,1.5,0.32,2.8,7.98,4.85,4.9,10.4,4.4,1.4,6.11
48,222,MU?LA,KAVAKLIDERE,2.06,1.62,2.1,9.59,2.18,0.55,2.94,1.5,0.32,2.8,7.98,4.85,4.9,10.4,4.4,1.4,6.11
42,223,KONYA,SEYD??EH?R,2.06,1.62,2.1,9.59,2.18,0.55,2.94,1.5,0.32,2.8,7.98,4.85,4.9,10.4,4.4,1.4,6.11
1,225,ADANA,ALADA?,2.06,1.62,2.1,9.59,2.18,0.55,2.94,1.5,0.32,2.8,7.98,4.85,4.9,10.4,4.4,1.4,6.11
20,226,DEN?ZL?,KALE,2.06,1.62,2.1,9.59,2.18,0.55,2.94,1.5,0.32,2.8,7.98,4.85,4.9,10.4,4.4,1.4,6.11
63,227,?ANLIURFA,H?LVAN,2.06,1.62,2.1,9.59,2.18,0.55,2.94,1.5,0.32,2.8,7.98,4.85,4.9,10.4,4.4,1.4,6.11
20,228,DEN?ZL?,ACIPAYAM,2.06,1.62,2.1,9.59,2.18,0.55,2.94,1.5,0.32,2.8,7.98,4.85,4.9,10.4,4.4,1.4,6.11
15,229,BURDUR,A?LASUN,2.06,1.62,2.1,9.59,2.18,0.55,2.94,1.5,0.32,2.8,7.98,4.85,4.9,10.4,4.4,1.4,6.11
48,230,MU?LA,M?LAS,2.06,1.62,2.1,9.59,2.18,0.55,2.94,1.5,0.32,2.8,7.98,4.85,4.9,10.4,4.4,1.4,6.11
32,231,ISPARTA,SÜTÇÜLER,2.06,1.62,2.1,9.59,2.18,0.55,2.94,1.5,0.32,2.8,7.98,4.85,4.9,10.4,4.4,1.4,6.11
42,232,KONYA,ÇUMRA,2.06,1.62,2.1,9.59,2.18,0.55,2.94,1.5,0.32,2.8,7.98,4.85,4.9,10.4,4.4,1.4,6.11
2,233,ADIYAMAN,BESN?,2.06,1.62,2.1,9.59,2.18,0.55,2.94,1.5,0.32,2.8,7.98,4.85,4.9,10.4,4.4,1.4,6.11
9,234,AYDIN,D?D?M,2.06,1.62,2.1,9.59,2.18,0.55,2.94,1.5,0.32,2.8,7.98,4.85,4.9,10.4,4.4,1.4,6.11
73,235,?IRNAK,ULUDERE,2.06,1.62,2.1,9.59,2.18,0.55,2.94,1.5,0.32,2.8,7.98,4.85,4.9,10.4,4.4,1.4,6.11
20,238,DEN?ZL?,SER?NH?SAR,2.06,1.62,2.1,9.59,2.18,0.55,2.94,1.5,0.32,2.8,7.98,4.85,4.9,10.4,4.4,1.4,6.11
1,239,ADANA,KOZAN,2.06,1.62,2.1,9.59,2.18,0.55,2.94,1.5,0.32,2.8,7.98,4.85,4.9,10.4,4.4,1.4,6.11
46,240,KAHRAMANMARA?,ANDIRIN,2.06,1.62,2.1,9.59,2.18,0.55,2.94,1.5,0.32,2.8,7.98,4.85,4.9,10.4,4.4,1.4,6.11
46,241,KAHRAMANMARA?,ÇA?LAYANCER?T,2.06,1.62,2.1,9.59,2.18,0.55,2.94,1.5,0.32,2.8,7.98,4.85,4.9,10.4,4.4,1.4,6.11
46,242,KAHRAMANMARA?,DULKAD?RO?LU,2.06,1.62,2.1,9.59,2.18,0.55,2.94,1.5,0.32,2.8,7.98,4.85,4.9,10.4,4.4,1.4,6.11
30,243,HAKKAR?,?EMD?NL?,2.06,1.62,2.1,9.59,2.18,0.55,2.94,1.5,0.32,2.8,7.98,4.85,4.9,10.4,4.4,1.4,6.11
47,244,MARD?N,DARGEÇ?T,2.06,1.62,2.1,9.59,2.18,0.55,2.94,1.5,0.32,2.8,7.98,4.85,4.9,10.4,4.4,1.4,6.11
73,245,?IRNAK,GÜÇLÜKONAK,2.06,1.62,2.1,9.59,2.18,0.55,2.94,1.5,0.32,2.8,7.98,4.85,4.9,10.4,4.4,1.4,6.11
47,246,MARD?N,SAVUR,2.06,1.62,2.1,9.59,2.18,0.55,2.94,1.5,0.32,2.8,7.98,4.85,4.9,10.4,4.4,1.4,6.11
9,247,AYDIN,KARPUZLU,2.06,1.62,2.1,9.59,2.18,0.55,2.94,1.5,0.32,2.8,7.98,4.85,4.9,10.4,4.4,1.4,6.11
20,248,DEN?ZL?,TAVAS,2.06,1.62,2.1,9.59,2.18,0.55,2.94,1.5,0.32,2.8,7.98,4.85,4.9,10.4,4.4,1.4,6.11
15,249,BURDUR,YE??LOVA,2.06,1.62,2.1,9.59,2.18,0.55,2.94,1.5,0.32,2.8,7.98,4.85,4.9,10.4,4.4,1.4,6.11
15,253,BURDUR,MERKEZ,2.06,1.62,2.1,9.59,2.18,0.55,2.94,1.5,0.32,2.8,7.98,4.85,4.9,10.4,4.4,1.4,6.11
32,254,ISPARTA,YEN??ARBADEML?,2.06,1.62,2.1,9.59,2.18,0.55,2.94,1.5,0.32,2.8,7.98,4.85,4.9,10.4,4.4,1.4,6.11
32,256,ISPARTA,AKSU,2.06,1.62,2.1,9.59,2.18,0.55,2.94,1.5,0.32,2.8,7.98,4.85,4.9,10.4,4.4,1.4,6.11
42,257,KONYA,MERKEZ,2.06,1.62,2.1,9.59,2.18,0.55,2.94,1.5,0.32,2.8,7.98,4.85,4.9,10.4,4.4,1.4,6.11
72,258,BATMAN,GERCÜ?,2.06,1.62,2.1,9.59,2.18,0.55,2.94,1.5,0.32,2.8,7.98,4.85,4.9,10.4,4.4,1.4,6.11
72,259,BATMAN,HASANKEYF,2.06,1.62,2.1,9.59,2.18,0.55,2.94,1.5,0.32,2.8,7.98,4.85,4.9,10.4,4.4,1.4,6.11
21,260,D?YARBAKIR,ÇINAR,2.06,1.62,2.1,9.59,2.18,0.55,2.94,1.5,0.32,2.8,7.98,4.85,4.9,10.4,4.4,1.4,6.11
73,261,?IRNAK,MERKEZ,2.06,1.62,2.1,9.59,2.18,0.55,2.94,1.5,0.32,2.8,7.98,4.85,4.9,10.4,4.4,1.4,6.11
2,263,ADIYAMAN,TUT,2.06,1.62,2.1,9.59,2.18,0.55,2.94,1.5,0.32,2.8,7.98,4.85,4.9,10.4,4.4,1.4,6.11
9,264,AYDIN,Ç?NE,2.06,1.62,2.1,9.59,2.18,0.55,2.94,1.5,0.32,2.8,7.98,4.85,4.9,10.4,4.4,1.4,6.11
2,265,ADIYAMAN,GÖLBA?I,2.06,1.62,2.1,9.59,2.18,0.55,2.94,1.5,0.32,2.8,7.98,4.85,4.9,10.4,4.4,1.4,6.11
32,266,ISPARTA,MERKEZ,2.06,1.62,2.1,9.59,2.18,0.55,2.94,1.5,0.32,2.8,7.98,4.85,4.9,10.4,4.4,1.4,6.11
20,267,DEN?ZL?,ÇARDAK,2.06,1.62,2.1,9.59,2.18,0.55,2.94,1.5,0.32,2.8,7.98,4.85,4.9,10.4,4.4,1.4,6.11
42,268,KONYA,ERE?L?,2.06,1.62,2.1,9.59,2.18,0.55,2.94,1.5,0.32,2.8,7.98,4.85,4.9,10.4,4.4,1.4,6.11
42,270,KONYA,KARAPINAR,2.06,1.62,2.1,9.59,2.18,0.55,2.94,1.5,0.32,2.8,7.98,4.85,4.9,10.4,4.4,1.4,6.11
20,271,DEN?ZL?,HONAZ,2.06,1.62,2.1,9.59,2.18,0.55,2.94,1.5,0.32,2.8,7.98,4.85,4.9,10.4,4.4,1.4,6.11
20,272,DEN?ZL?,BABADA?,2.06,1.62,2.1,9.59,2.18,0.55,2.94,1.5,0.32,2.8,7.98,4.85,4.9,10.4,4.4,1.4,6.11
9,273,AYDIN,BOZDO?AN,2.06,1.62,2.1,9.59,2.18,0.55,2.94,1.5,0.32,2.8,7.98,4.85,4.9,10.4,4.4,1.4,6.11
46,274,KAHRAMANMARA?,ON?K? ?UBAT,2.06,1.62,2.1,9.59,2.18,0.55,2.94,1.5,0.32,2.8,7.98,4.85,4.9,10.4,4.4,1.4,6.11
51,275,N??DE,BOR,2.06,1.62,2.1,9.59,2.18,0.55,2.94,1.5,0.32,2.8,7.98,4.85,4.9,10.4,4.4,1.4,6.11
9,276,AYDIN,KARACASU,2.06,1.62,2.1,9.59,2.18,0.55,2.94,1.5,0.32,2.8,7.98,4.85,4.9,10.4,4.4,1.4,6.11
9,277,AYDIN,KOÇARLI,2.06,1.62,2.1,9.59,2.18,0.55,2.94,1.5,0.32,2.8,7.98,4.85,4.9,10.4,4.4,1.4,6.11
21,278,D?YARBAKIR,MERKEZ,2.06,1.62,2.1,9.59,2.18,0.55,2.94,1.5,0.32,2.8,7.98,4.85,4.9,10.4,4.4,1.4,6.11
2,279,ADIYAMAN,MERKEZ,2.06,1.62,2.1,9.59,2.18,0.55,2.94,1.5,0.32,2.8,7.98,4.85,4.9,10.4,4.4,1.4,6.11
51,280,N??DE,ÇAMARDI,2.06,1.62,2.1,9.59,2.18,0.55,2.94,1.5,0.32,2.8,7.98,4.85,4.9,10.4,4.4,1.4,6.11
73,281,?IRNAK,BEYTÜ??EBAP,2.06,1.62,2.1,9.59,2.18,0.55,2.94,1.5,0.32,2.8,7.98,4.85,4.9,10.4,4.4,1.4,6.11
9,282,AYDIN,YEN?PAZAR,2.06,1.62,2.1,9.59,2.18,0.55,2.94,1.5,0.32,2.8,7.98,4.85,4.9,10.4,4.4,1.4,6.11
42,283,KONYA,BEY?EH?R,2.06,1.62,2.1,9.59,2.18,0.55,2.94,1.5,0.32,2.8,7.98,4.85,4.9,10.4,4.4,1.4,6.11
20,284,DEN?ZL?,MERKEZEFEND?,2.06,1.62,2.1,9.59,2.18,0.55,2.94,1.5,0.32,2.8,7.98,4.85,4.9,10.4,4.4,1.4,6.11
2,285,ADIYAMAN,KÂHTA,2.06,1.62,2.1,9.59,2.18,0.55,2.94,1.5,0.32,2.8,7.98,4.85,4.9,10.4,4.4,1.4,6.11
9,286,AYDIN,SÖKE,2.06,1.62,2.1,9.59,2.18,0.55,2.94,1.5,0.32,2.8,7.98,4.85,4.9,10.4,4.4,1.4,6.11
63,287,?ANLIURFA,S?VEREK,2.06,1.62,2.1,9.59,2.18,0.55,2.94,1.5,0.32,2.8,7.98,4.85,4.9,10.4,4.4,1.4,6.11
42,288,KONYA,HÜYÜK,2.06,1.62,2.1,9.59,2.18,0.55,2.94,1.5,0.32,2.8,7.98,4.85,4.9,10.4,4.4,1.4,6.11
3,290,AFYONKARAH?SAR,BA?MAKÇI,2.06,1.62,2.1,9.59,2.18,0.55,2.94,1.5,0.32,2.8,7.98,4.85,4.9,10.4,4.4,1.4,6.11
1,291,ADANA,FEKE,2.06,1.62,2.1,9.59,2.18,0.55,2.94,1.5,0.32,2.8,7.98,4.85,4.9,10.4,4.4,1.4,6.11
20,292,DEN?ZL?,BOZKURT,2.06,1.62,2.1,9.59,2.18,0.55,2.94,1.5,0.32,2.8,7.98,4.85,4.9,10.4,4.4,1.4,6.11
56,293,S??RT,ERUH,2.06,1.62,2.1,9.59,2.18,0.55,2.94,1.5,0.32,2.8,7.98,4.85,4.9,10.4,4.4,1.4,6.11
42,294,KONYA,DERBENT,2.06,1.62,2.1,9.59,2.18,0.55,2.94,1.5,0.32,2.8,7.98,4.85,4.9,10.4,4.4,1.4,6.11
51,295,N??DE,ALTUNH?SAR,2.06,1.62,2.1,9.59,2.18,0.55,2.94,1.5,0.32,2.8,7.98,4.85,4.9,10.4,4.4,1.4,6.11
32,296,ISPARTA,GÖNEN,2.06,1.62,2.1,9.59,2.18,0.55,2.94,1.5,0.32,2.8,7.98,4.85,4.9,10.4,4.4,1.4,6.11
42,297,KONYA,EM?RGAZ?,2.06,1.62,2.1,9.59,2.18,0.55,2.94,1.5,0.32,2.8,7.98,4.85,4.9,10.4,4.4,1.4,6.11
32,298,ISPARTA,ATABEY,2.06,1.62,2.1,9.59,2.18,0.55,2.94,1.5,0.32,2.8,7.98,4.85,4.9,10.4,4.4,1.4,6.11
3,299,AFYONKARAH?SAR,DAZKIRI,2.06,1.62,2.1,9.59,2.18,0.55,2.94,1.5,0.32,2.8,7.98,4.85,4.9,10.4,4.4,1.4,6.11
32,300,ISPARTA,KEÇ?BORLU,2.06,1.62,2.1,9.59,2.18,0.55,2.94,1.5,0.32,2.8,7.98,4.85,4.9,10.4,4.4,1.4,6.11
46,301,KAHRAMANMARA?,EK?NÖZÜ,2.06,1.62,2.1,9.59,2.18,0.55,2.94,1.5,0.32,2.8,7.98,4.85,4.9,10.4,4.4,1.4,6.11
30,302,HAKKAR?,MERKEZ,2.06,1.62,2.1,9.59,2.18,0.55,2.94,1.5,0.32,2.8,7.98,4.85,4.9,10.4,4.4,1.4,6.11
1,303,ADANA,SA?MBEYL?,2.06,1.62,2.1,9.59,2.18,0.55,2.94,1.5,0.32,2.8,7.98,4.85,4.9,10.4,4.4,1.4,6.11
30,304,HAKKAR?,YÜKSEKOVA,2.06,1.62,2.1,9.59,2.18,0.55,2.94,1.5,0.32,2.8,7.98,4.85,4.9,10.4,4.4,1.4,6.11
9,305,AYDIN,KU?ADASI,2.06,1.62,2.1,9.59,2.18,0.55,2.94,1.5,0.32,2.8,7.98,4.85,4.9,10.4,4.4,1.4,6.11
20,306,DEN?ZL?,SARAYKÖY,2.06,1.62,2.1,9.59,2.18,0.55,2.94,1.5,0.32,2.8,7.98,4.85,4.9,10.4,4.4,1.4,6.11
2,307,ADIYAMAN,ÇEL?KHAN,2.06,1.62,2.1,9.59,2.18,0.55,2.94,1.5,0.32,2.8,7.98,4.85,4.9,10.4,4.4,1.4,6.11
32,308,ISPARTA,E??RD?R,2.06,1.62,2.1,9.59,2.18,0.55,2.94,1.5,0.32,2.8,7.98,4.85,4.9,10.4,4.4,1.4,6.11
21,309,D?YARBAKIR,B?SM?L,2.06,1.62,2.1,9.59,2.18,0.55,2.94,1.5,0.32,2.8,7.98,4.85,4.9,10.4,4.4,1.4,6.11
56,310,S??RT,T?LLO,2.06,1.62,2.1,9.59,2.18,0.55,2.94,1.5,0.32,2.8,7.98,4.85,4.9,10.4,4.4,1.4,6.11
9,311,AYDIN,?NC?RL?OVA,2.06,1.62,2.1,9.59,2.18,0.55,2.94,1.5,0.32,2.8,7.98,4.85,4.9,10.4,4.4,1.4,6.11
21,312,D?YARBAKIR,KAYAPINAR,2.06,1.62,2.1,9.59,2.18,0.55,2.94,1.5,0.32,2.8,7.98,4.85,4.9,10.4,4.4,1.4,6.11
9,313,AYDIN,MERKEZ,2.06,1.62,2.1,9.59,2.18,0.55,2.94,1.5,0.32,2.8,7.98,4.85,4.9,10.4,4.4,1.4,6.11
2,314,ADIYAMAN,S?NC?K,2.06,1.62,2.1,9.59,2.18,0.55,2.94,1.5,0.32,2.8,7.98,4.85,4.9,10.4,4.4,1.4,6.11
9,315,AYDIN,BUHARKENT,2.06,1.62,2.1,9.59,2.18,0.55,2.94,1.5,0.32,2.8,7.98,4.85,4.9,10.4,4.4,1.4,6.11
9,316,AYDIN,KÖ?K,2.06,1.62,2.1,9.59,2.18,0.55,2.94,1.5,0.32,2.8,7.98,4.85,4.9,10.4,4.4,1.4,6.11
9,317,AYDIN,SULTANH?SAR,2.06,1.62,2.1,9.59,2.18,0.55,2.94,1.5,0.32,2.8,7.98,4.85,4.9,10.4,4.4,1.4,6.11
46,318,KAHRAMANMARA?,NURHAK,2.06,1.62,2.1,9.59,2.18,0.55,2.94,1.5,0.32,2.8,7.98,4.85,4.9,10.4,4.4,1.4,6.11
9,319,AYDIN,GERMENC?K,2.06,1.62,2.1,9.59,2.18,0.55,2.94,1.5,0.32,2.8,7.98,4.85,4.9,10.4,4.4,1.4,6.11
38,320,KAYSER?,YAHYALI,2.06,1.62,2.1,9.59,2.18,0.55,2.94,1.5,0.32,2.8,7.98,4.85,4.9,10.4,4.4,1.4,6.11
3,321,AFYONKARAH?SAR,EVC?LER,2.06,1.62,2.1,9.59,2.18,0.55,2.94,1.5,0.32,2.8,7.98,4.85,4.9,10.4,4.4,1.4,6.11
72,322,BATMAN,MERKEZ,2.06,1.62,2.1,9.59,2.18,0.55,2.94,1.5,0.32,2.8,7.98,4.85,4.9,10.4,4.4,1.4,6.11
72,323,BATMAN,BE??R?,2.06,1.62,2.1,9.59,2.18,0.55,2.94,1.5,0.32,2.8,7.98,4.85,4.9,10.4,4.4,1.4,6.11
56,324,S??RT,MERKEZ,2.06,1.62,2.1,9.59,2.18,0.55,2.94,1.5,0.32,2.8,7.98,4.85,4.9,10.4,4.4,1.4,6.11
56,325,S??RT,KURTALAN,2.06,1.62,2.1,9.59,2.18,0.55,2.94,1.5,0.32,2.8,7.98,4.85,4.9,10.4,4.4,1.4,6.11
21,326,D?YARBAKIR,YEN??EH?R,2.06,1.62,2.1,9.59,2.18,0.55,2.94,1.5,0.32,2.8,7.98,4.85,4.9,10.4,4.4,1.4,6.11
32,327,ISPARTA,ULUBORLU,2.06,1.62,2.1,9.59,2.18,0.55,2.94,1.5,0.32,2.8,7.98,4.85,4.9,10.4,4.4,1.4,6.11
20,328,DEN?ZL?,PAMUKKALE,2.06,1.62,2.1,9.59,2.18,0.55,2.94,1.5,0.32,2.8,7.98,4.85,4.9,10.4,4.4,1.4,6.11
56,329,S??RT,PERVAR?,2.06,1.62,2.1,9.59,2.18,0.55,2.94,1.5,0.32,2.8,7.98,4.85,4.9,10.4,4.4,1.4,6.11
44,330,MALATYA,DO?AN?EH?R,2.06,1.62,2.1,9.59,2.18,0.55,2.94,1.5,0.32,2.8,7.98,4.85,4.9,10.4,4.4,1.4,6.11
2,331,ADIYAMAN,GERGER,2.06,1.62,2.1,9.59,2.18,0.55,2.94,1.5,0.32,2.8,7.98,4.85,4.9,10.4,4.4,1.4,6.11
32,332,ISPARTA,?ARK?KARAA?AÇ,2.06,1.62,2.1,9.59,2.18,0.55,2.94,1.5,0.32,2.8,7.98,4.85,4.9,10.4,4.4,1.4,6.11
42,333,KONYA,KARATAY,2.06,1.62,2.1,9.59,2.18,0.55,2.94,1.5,0.32,2.8,7.98,4.85,4.9,10.4,4.4,1.4,6.11
51,334,N??DE,Ç?FTL?K,2.06,1.62,2.1,9.59,2.18,0.55,2.94,1.5,0.32,2.8,7.98,4.85,4.9,10.4,4.4,1.4,6.11
32,335,ISPARTA,GELENDOST,2.06,1.62,2.1,9.59,2.18,0.55,2.94,1.5,0.32,2.8,7.98,4.85,4.9,10.4,4.4,1.4,6.11
9,336,AYDIN,KUYUCAK,2.06,1.62,2.1,9.59,2.18,0.55,2.94,1.5,0.32,2.8,7.98,4.85,4.9,10.4,4.4,1.4,6.11
20,337,DEN?ZL?,BAKLAN,2.06,1.62,2.1,9.59,2.18,0.55,2.94,1.5,0.32,2.8,7.98,4.85,4.9,10.4,4.4,1.4,6.11
35,338,?ZM?R,SELÇUK,2.06,1.62,2.1,9.59,2.18,0.55,2.94,1.5,0.32,2.8,7.98,4.85,4.9,10.4,4.4,1.4,6.11
9,339,AYDIN,NAZ?LL?,2.06,1.62,2.1,9.59,2.18,0.55,2.94,1.5,0.32,2.8,7.98,4.85,4.9,10.4,4.4,1.4,6.11
21,340,D?YARBAKIR,ÇERM?K,2.06,1.62,2.1,9.59,2.18,0.55,2.94,1.5,0.32,2.8,7.98,4.85,4.9,10.4,4.4,1.4,6.11
42,341,KONYA,DO?ANH?SAR,2.06,1.62,2.1,9.59,2.18,0.55,2.94,1.5,0.32,2.8,7.98,4.85,4.9,10.4,4.4,1.4,6.11
35,342,?ZM?R,BEYDA?,2.06,1.62,2.1,9.59,2.18,0.55,2.94,1.5,0.32,2.8,7.98,4.85,4.9,10.4,4.4,1.4,6.11
42,343,KONYA,SELÇUKLU,2.06,1.62,2.1,9.59,2.18,0.55,2.94,1.5,0.32,2.8,7.98,4.85,4.9,10.4,4.4,1.4,6.11
51,344,N??DE,MERKEZ,2.06,1.62,2.1,9.59,2.18,0.55,2.94,1.5,0.32,2.8,7.98,4.85,4.9,10.4,4.4,1.4,6.11
68,345,AKSARAY,GÜZELYURT,2.06,1.62,2.1,9.59,2.18,0.55,2.94,1.5,0.32,2.8,7.98,4.85,4.9,10.4,4.4,1.4,6.11
32,346,ISPARTA,SEN?RKENT,2.06,1.62,2.1,9.59,2.18,0.55,2.94,1.5,0.32,2.8,7.98,4.85,4.9,10.4,4.4,1.4,6.11
20,347,DEN?ZL?,ÇAL,2.06,1.62,2.1,9.59,2.18,0.55,2.94,1.5,0.32,2.8,7.98,4.85,4.9,10.4,4.4,1.4,6.11
20,348,DEN?ZL?,GÜNEY,2.06,1.62,2.1,9.59,2.18,0.55,2.94,1.5,0.32,2.8,7.98,4.85,4.9,10.4,4.4,1.4,6.11
20,349,DEN?ZL?,BULDAN,2.06,1.62,2.1,9.59,2.18,0.55,2.94,1.5,0.32,2.8,7.98,4.85,4.9,10.4,4.4,1.4,6.11
46,350,KAHRAMANMARA?,GÖKSUN,2.06,1.62,2.1,9.59,2.18,0.55,2.94,1.5,0.32,2.8,7.98,4.85,4.9,10.4,4.4,1.4,6.11
1,351,ADANA,TUFANBEYL?,2.06,1.62,2.1,9.59,2.18,0.55,2.94,1.5,0.32,2.8,7.98,4.85,4.9,10.4,4.4,1.4,6.11
3,352,AFYONKARAH?SAR,KIZILÖREN,2.06,1.62,2.1,9.59,2.18,0.55,2.94,1.5,0.32,2.8,7.98,4.85,4.9,10.4,4.4,1.4,6.11
44,353,MALATYA,PÜTÜRGE,2.06,1.62,2.1,9.59,2.18,0.55,2.94,1.5,0.32,2.8,7.98,4.85,4.9,10.4,4.4,1.4,6.11
68,354,AKSARAY,SULTANHANI,2.06,1.62,2.1,9.59,2.18,0.55,2.94,1.5,0.32,2.8,7.98,4.85,4.9,10.4,4.4,1.4,6.11
44,355,MALATYA,DO?ANYOL,2.06,1.62,2.1,9.59,2.18,0.55,2.94,1.5,0.32,2.8,7.98,4.85,4.9,10.4,4.4,1.4,6.11
21,356,D?YARBAKIR,E??L,2.06,1.62,2.1,9.59,2.18,0.55,2.94,1.5,0.32,2.8,7.98,4.85,4.9,10.4,4.4,1.4,6.11
21,357,D?YARBAKIR,SUR,2.06,1.62,2.1,9.59,2.18,0.55,2.94,1.5,0.32,2.8,7.98,4.85,4.9,10.4,4.4,1.4,6.11
21,358,D?YARBAKIR,ÇÜNGÜ?,2.06,1.62,2.1,9.59,2.18,0.55,2.94,1.5,0.32,2.8,7.98,4.85,4.9,10.4,4.4,1.4,6.11
35,359,?ZM?R,T?RE,2.06,1.62,2.1,9.59,2.18,0.55,2.94,1.5,0.32,2.8,7.98,4.85,4.9,10.4,4.4,1.4,6.11
65,360,VAN,BAHÇESARAY,2.06,1.62,2.1,9.59,2.18,0.55,2.94,1.5,0.32,2.8,7.98,4.85,4.9,10.4,4.4,1.4,6.11
56,361,S??RT,BAYKAN,2.06,1.62,2.1,9.59,2.18,0.55,2.94,1.5,0.32,2.8,7.98,4.85,4.9,10.4,4.4,1.4,6.11
56,362,S??RT,??RVAN,2.06,1.62,2.1,9.59,2.18,0.55,2.94,1.5,0.32,2.8,7.98,4.85,4.9,10.4,4.4,1.4,6.11
20,363,DEN?ZL?,BEK?LL?,2.06,1.62,2.1,9.59,2.18,0.55,2.94,1.5,0.32,2.8,7.98,4.85,4.9,10.4,4.4,1.4,6.11
21,364,D?YARBAKIR,HAZRO,2.06,1.62,2.1,9.59,2.18,0.55,2.94,1.5,0.32,2.8,7.98,4.85,4.9,10.4,4.4,1.4,6.11
3,365,AFYONKARAH?SAR,D?NAR,2.06,1.62,2.1,9.59,2.18,0.55,2.94,1.5,0.32,2.8,7.98,4.85,4.9,10.4,4.4,1.4,6.11
21,366,D?YARBAKIR,KOCAKÖY,2.06,1.62,2.1,9.59,2.18,0.55,2.94,1.5,0.32,2.8,7.98,4.85,4.9,10.4,4.4,1.4,6.11
21,367,D?YARBAKIR,ERGAN?,2.06,1.62,2.1,9.59,2.18,0.55,2.94,1.5,0.32,2.8,7.98,4.85,4.9,10.4,4.4,1.4,6.11
21,368,D?YARBAKIR,S?LVAN,2.06,1.62,2.1,9.59,2.18,0.55,2.94,1.5,0.32,2.8,7.98,4.85,4.9,10.4,4.4,1.4,6.11
44,369,MALATYA,KALE,2.06,1.62,2.1,9.59,2.18,0.55,2.94,1.5,0.32,2.8,7.98,4.85,4.9,10.4,4.4,1.4,6.11
38,370,KAYSER?,DEVEL?,2.06,1.62,2.1,9.59,2.18,0.55,2.94,1.5,0.32,2.8,7.98,4.85,4.9,10.4,4.4,1.4,6.11
50,371,NEV?EH?R,DER?NKUYU,2.06,1.62,2.1,9.59,2.18,0.55,2.94,1.5,0.32,2.8,7.98,4.85,4.9,10.4,4.4,1.4,6.11
45,372,MAN?SA,SARIGÖL,2.06,1.62,2.1,9.59,2.18,0.55,2.94,1.5,0.32,2.8,7.98,4.85,4.9,10.4,4.4,1.4,6.11
68,373,AKSARAY,GÜLA?AÇ,2.06,1.62,2.1,9.59,2.18,0.55,2.94,1.5,0.32,2.8,7.98,4.85,4.9,10.4,4.4,1.4,6.11
38,374,KAYSER?,YE??LH?SAR,2.06,1.62,2.1,9.59,2.18,0.55,2.94,1.5,0.32,2.8,7.98,4.85,4.9,10.4,4.4,1.4,6.11
42,375,KONYA,ALTINEK?N,2.06,1.62,2.1,9.59,2.18,0.55,2.94,1.5,0.32,2.8,7.98,4.85,4.9,10.4,4.4,1.4,6.11
44,376,MALATYA,MERKEZ,2.06,1.62,2.1,9.59,2.18,0.55,2.94,1.5,0.32,2.8,7.98,4.85,4.9,10.4,4.4,1.4,6.11
13,377,B?TL?S,H?ZAN,2.06,1.62,2.1,9.59,2.18,0.55,2.94,1.5,0.32,2.8,7.98,4.85,4.9,10.4,4.4,1.4,6.11
44,378,MALATYA,YE??LYURT,2.06,1.62,2.1,9.59,2.18,0.55,2.94,1.5,0.32,2.8,7.98,4.85,4.9,10.4,4.4,1.4,6.11
65,379,VAN,ÇATAK,2.06,1.62,2.1,9.59,2.18,0.55,2.94,1.5,0.32,2.8,7.98,4.85,4.9,10.4,4.4,1.4,6.11
44,380,MALATYA,AKÇADA?,2.06,1.62,2.1,9.59,2.18,0.55,2.94,1.5,0.32,2.8,7.98,4.85,4.9,10.4,4.4,1.4,6.11
35,381,?ZM?R,K?RAZ,2.06,1.62,2.1,9.59,2.18,0.55,2.94,1.5,0.32,2.8,7.98,4.85,4.9,10.4,4.4,1.4,6.11
35,382,?ZM?R,TORBALI,2.06,1.62,2.1,9.59,2.18,0.55,2.94,1.5,0.32,2.8,7.98,4.85,4.9,10.4,4.4,1.4,6.11
32,383,ISPARTA,YALVAÇ,2.06,1.62,2.1,9.59,2.18,0.55,2.94,1.5,0.32,2.8,7.98,4.85,4.9,10.4,4.4,1.4,6.11
35,384,?ZM?R,BAYINDIR,2.06,1.62,2.1,9.59,2.18,0.55,2.94,1.5,0.32,2.8,7.98,4.85,4.9,10.4,4.4,1.4,6.11
35,385,?ZM?R,SEFER?H?SAR,2.06,1.62,2.1,9.59,2.18,0.55,2.94,1.5,0.32,2.8,7.98,4.85,4.9,10.4,4.4,1.4,6.11
72,386,BATMAN,KOZLUK,2.06,1.62,2.1,9.59,2.18,0.55,2.94,1.5,0.32,2.8,7.98,4.85,4.9,10.4,4.4,1.4,6.11
21,387,D?YARBAKIR,D?CLE,2.06,1.62,2.1,9.59,2.18,0.55,2.94,1.5,0.32,2.8,7.98,4.85,4.9,10.4,4.4,1.4,6.11
35,388,?ZM?R,MENDERES,2.06,1.62,2.1,9.59,2.18,0.55,2.94,1.5,0.32,2.8,7.98,4.85,4.9,10.4,4.4,1.4,6.11
23,389,ELAZI?,S?VR?CE,2.06,1.62,2.1,9.59,2.18,0.55,2.94,1.5,0.32,2.8,7.98,4.85,4.9,10.4,4.4,1.4,6.11
20,390,DEN?ZL?,Ç?VR?L,2.06,1.62,2.1,9.59,2.18,0.55,2.94,1.5,0.32,2.8,7.98,4.85,4.9,10.4,4.4,1.4,6.11
42,391,KONYA,AK?EH?R,2.06,1.62,2.1,9.59,2.18,0.55,2.94,1.5,0.32,2.8,7.98,4.85,4.9,10.4,4.4,1.4,6.11
64,392,U?AK,KARAHALLI,2.06,1.62,2.1,9.59,2.18,0.55,2.94,1.5,0.32,2.8,7.98,4.85,4.9,10.4,4.4,1.4,6.11
46,393,KAHRAMANMARA?,AF??N,2.06,1.62,2.1,9.59,2.18,0.55,2.94,1.5,0.32,2.8,7.98,4.85,4.9,10.4,4.4,1.4,6.11
46,394,KAHRAMANMARA?,ELB?STAN,2.06,1.62,2.1,9.59,2.18,0.55,2.94,1.5,0.32,2.8,7.98,4.85,4.9,10.4,4.4,1.4,6.11
38,395,KAYSER?,TOMARZA,2.06,1.62,2.1,9.59,2.18,0.55,2.94,1.5,0.32,2.8,7.98,4.85,4.9,10.4,4.4,1.4,6.11
35,396,?ZM?R,ÖDEM??,2.06,1.62,2.1,9.59,2.18,0.55,2.94,1.5,0.32,2.8,7.98,4.85,4.9,10.4,4.4,1.4,6.11
35,397,?ZM?R,GAZ?EM?R,2.06,1.62,2.1,9.59,2.18,0.55,2.94,1.5,0.32,2.8,7.98,4.85,4.9,10.4,4.4,1.4,6.11
42,398,KONYA,ILGIN,2.06,1.62,2.1,9.59,2.18,0.55,2.94,1.5,0.32,2.8,7.98,4.85,4.9,10.4,4.4,1.4,6.11
35,399,?ZM?R,GÜZELBAHÇE,2.06,1.62,2.1,9.59,2.18,0.55,2.94,1.5,0.32,2.8,7.98,4.85,4.9,10.4,4.4,1.4,6.11
35,401,?ZM?R,BUCA,2.06,1.62,2.1,9.59,2.18,0.55,2.94,1.5,0.32,2.8,7.98,4.85,4.9,10.4,4.4,1.4,6.11
35,402,?ZM?R,KARABA?LAR,2.06,1.62,2.1,9.59,2.18,0.55,2.94,1.5,0.32,2.8,7.98,4.85,4.9,10.4,4.4,1.4,6.11
35,404,?ZM?R,NARLIDERE,2.06,1.62,2.1,9.59,2.18,0.55,2.94,1.5,0.32,2.8,7.98,4.85,4.9,10.4,4.4,1.4,6.11
35,405,?ZM?R,BALÇOVA,2.06,1.62,2.1,9.59,2.18,0.55,2.94,1.5,0.32,2.8,7.98,4.85,4.9,10.4,4.4,1.4,6.11
23,406,ELAZI?,MADEN,2.06,1.62,2.1,9.59,2.18,0.55,2.94,1.5,0.32,2.8,7.98,4.85,4.9,10.4,4.4,1.4,6.11
23,407,ELAZI?,ALACAKAYA,2.06,1.62,2.1,9.59,2.18,0.55,2.94,1.5,0.32,2.8,7.98,4.85,4.9,10.4,4.4,1.4,6.11
21,408,D?YARBAKIR,HAN?,2.06,1.62,2.1,9.59,2.18,0.55,2.94,1.5,0.32,2.8,7.98,4.85,4.9,10.4,4.4,1.4,6.11
50,409,NEV?EH?R,ACIGÖL,2.06,1.62,2.1,9.59,2.18,0.55,2.94,1.5,0.32,2.8,7.98,4.85,4.9,10.4,4.4,1.4,6.11
38,410,KAYSER?,HACILAR,2.06,1.62,2.1,9.59,2.18,0.55,2.94,1.5,0.32,2.8,7.98,4.85,4.9,10.4,4.4,1.4,6.11
35,411,?ZM?R,KONAK,2.06,1.62,2.1,9.59,2.18,0.55,2.94,1.5,0.32,2.8,7.98,4.85,4.9,10.4,4.4,1.4,6.11
68,412,AKSARAY,ESK?L,2.06,1.62,2.1,9.59,2.18,0.55,2.94,1.5,0.32,2.8,7.98,4.85,4.9,10.4,4.4,1.4,6.11
42,413,KONYA,TUZLUKÇU,2.06,1.62,2.1,9.59,2.18,0.55,2.94,1.5,0.32,2.8,7.98,4.85,4.9,10.4,4.4,1.4,6.11
38,415,KAYSER?,TALAS,2.06,1.62,2.1,9.59,2.18,0.55,2.94,1.5,0.32,2.8,7.98,4.85,4.9,10.4,4.4,1.4,6.11
50,416,NEV?EH?R,MERKEZ,2.06,1.62,2.1,9.59,2.18,0.55,2.94,1.5,0.32,2.8,7.98,4.85,4.9,10.4,4.4,1.4,6.11
3,417,AFYONKARAH?SAR,?UHUT,2.06,1.62,2.1,9.59,2.18,0.55,2.94,1.5,0.32,2.8,7.98,4.85,4.9,10.4,4.4,1.4,6.11
68,418,AKSARAY,MERKEZ,2.06,1.62,2.1,9.59,2.18,0.55,2.94,1.5,0.32,2.8,7.98,4.85,4.9,10.4,4.4,1.4,6.11
38,419,KAYSER?,SARIZ,2.06,1.62,2.1,9.59,2.18,0.55,2.94,1.5,0.32,2.8,7.98,4.85,4.9,10.4,4.4,1.4,6.11
64,420,U?AK,ULUBEY,2.06,1.62,2.1,9.59,2.18,0.55,2.94,1.5,0.32,2.8,7.98,4.85,4.9,10.4,4.4,1.4,6.11
72,421,BATMAN,SASON,2.06,1.62,2.1,9.59,2.18,0.55,2.94,1.5,0.32,2.8,7.98,4.85,4.9,10.4,4.4,1.4,6.11
45,422,MAN?SA,ALA?EH?R,2.06,1.62,2.1,9.59,2.18,0.55,2.94,1.5,0.32,2.8,7.98,4.85,4.9,10.4,4.4,1.4,6.11
13,423,B?TL?S,MERKEZ,2.06,1.62,2.1,9.59,2.18,0.55,2.94,1.5,0.32,2.8,7.98,4.85,4.9,10.4,4.4,1.4,6.11
35,424,?ZM?R,ÇE?ME,2.06,1.62,2.1,9.59,2.18,0.55,2.94,1.5,0.32,2.8,7.98,4.85,4.9,10.4,4.4,1.4,6.11
3,426,AFYONKARAH?SAR,ÇAY,2.06,1.62,2.1,9.59,2.18,0.55,2.94,1.5,0.32,2.8,7.98,4.85,4.9,10.4,4.4,1.4,6.11
23,428,ELAZI?,ARICAK,2.06,1.62,2.1,9.59,2.18,0.55,2.94,1.5,0.32,2.8,7.98,4.85,4.9,10.4,4.4,1.4,6.11
64,429,U?AK,S?VASLI,2.06,1.62,2.1,9.59,2.18,0.55,2.94,1.5,0.32,2.8,7.98,4.85,4.9,10.4,4.4,1.4,6.11
44,430,MALATYA,YAZIHAN,2.06,1.62,2.1,9.59,2.18,0.55,2.94,1.5,0.32,2.8,7.98,4.85,4.9,10.4,4.4,1.4,6.11
65,431,VAN,BA?KALE,2.06,1.62,2.1,9.59,2.18,0.55,2.94,1.5,0.32,2.8,7.98,4.85,4.9,10.4,4.4,1.4,6.11
50,432,NEV?EH?R,ÜRGÜP,2.06,1.62,2.1,9.59,2.18,0.55,2.94,1.5,0.32,2.8,7.98,4.85,4.9,10.4,4.4,1.4,6.11
35,433,?ZM?R,URLA,2.06,1.62,2.1,9.59,2.18,0.55,2.94,1.5,0.32,2.8,7.98,4.85,4.9,10.4,4.4,1.4,6.11
21,434,D?YARBAKIR,L?CE,2.06,1.62,2.1,9.59,2.18,0.55,2.94,1.5,0.32,2.8,7.98,4.85,4.9,10.4,4.4,1.4,6.11
35,436,?ZM?R,BAYRAKLI,2.06,1.62,2.1,9.59,2.18,0.55,2.94,1.5,0.32,2.8,7.98,4.85,4.9,10.4,4.4,1.4,6.11
3,437,AFYONKARAH?SAR,SANDIKLI,2.06,1.62,2.1,9.59,2.18,0.55,2.94,1.5,0.32,2.8,7.98,4.85,4.9,10.4,4.4,1.4,6.11
65,438,VAN,EDREM?T,2.06,1.62,2.1,9.59,2.18,0.55,2.94,1.5,0.32,2.8,7.98,4.85,4.9,10.4,4.4,1.4,6.11
64,439,U?AK,E?ME,2.06,1.62,2.1,9.59,2.18,0.55,2.94,1.5,0.32,2.8,7.98,4.85,4.9,10.4,4.4,1.4,6.11
13,440,B?TL?S,MUTK?,2.06,1.62,2.1,9.59,2.18,0.55,2.94,1.5,0.32,2.8,7.98,4.85,4.9,10.4,4.4,1.4,6.11
44,441,MALATYA,DARENDE,2.06,1.62,2.1,9.59,2.18,0.55,2.94,1.5,0.32,2.8,7.98,4.85,4.9,10.4,4.4,1.4,6.11
35,442,?ZM?R,KEMALPA?A,2.06,1.62,2.1,9.59,2.18,0.55,2.94,1.5,0.32,2.8,7.98,4.85,4.9,10.4,4.4,1.4,6.11
23,443,ELAZI?,BASK?L,2.06,1.62,2.1,9.59,2.18,0.55,2.94,1.5,0.32,2.8,7.98,4.85,4.9,10.4,4.4,1.4,6.11
35,445,?ZM?R,KAR?IYAKA,2.06,1.62,2.1,9.59,2.18,0.55,2.94,1.5,0.32,2.8,7.98,4.85,4.9,10.4,4.4,1.4,6.11
35,446,?ZM?R,BORNOVA,2.06,1.62,2.1,9.59,2.18,0.55,2.94,1.5,0.32,2.8,7.98,4.85,4.9,10.4,4.4,1.4,6.11
38,447,KAYSER?,?NCESU,2.06,1.62,2.1,9.59,2.18,0.55,2.94,1.5,0.32,2.8,7.98,4.85,4.9,10.4,4.4,1.4,6.11
35,448,?ZM?R,Ç??L?,2.06,1.62,2.1,9.59,2.18,0.55,2.94,1.5,0.32,2.8,7.98,4.85,4.9,10.4,4.4,1.4,6.11
65,451,VAN,GÜRPINAR,2.06,1.62,2.1,9.59,2.18,0.55,2.94,1.5,0.32,2.8,7.98,4.85,4.9,10.4,4.4,1.4,6.11
45,453,MAN?SA,AHMETL?,2.06,1.62,2.1,9.59,2.18,0.55,2.94,1.5,0.32,2.8,7.98,4.85,4.9,10.4,4.4,1.4,6.11
3,454,AFYONKARAH?SAR,HOCALAR,2.06,1.62,2.1,9.59,2.18,0.55,2.94,1.5,0.32,2.8,7.98,4.85,4.9,10.4,4.4,1.4,6.11
45,455,MAN?SA,TURGUTLU,2.06,1.62,2.1,9.59,2.18,0.55,2.94,1.5,0.32,2.8,7.98,4.85,4.9,10.4,4.4,1.4,6.11
21,456,D?YARBAKIR,KULP,2.06,1.62,2.1,9.59,2.18,0.55,2.94,1.5,0.32,2.8,7.98,4.85,4.9,10.4,4.4,1.4,6.11
42,458,KONYA,SARAYÖNÜ,2.06,1.62,2.1,9.59,2.18,0.55,2.94,1.5,0.32,2.8,7.98,4.85,4.9,10.4,4.4,1.4,6.11
3,459,AFYONKARAH?SAR,SULTANDA?I,2.06,1.62,2.1,9.59,2.18,0.55,2.94,1.5,0.32,2.8,7.98,4.85,4.9,10.4,4.4,1.4,6.11
42,460,KONYA,KADINHANI,2.06,1.62,2.1,9.59,2.18,0.55,2.94,1.5,0.32,2.8,7.98,4.85,4.9,10.4,4.4,1.4,6.11
3,461,AFYONKARAH?SAR,ÇOBANLAR,2.06,1.62,2.1,9.59,2.18,0.55,2.94,1.5,0.32,2.8,7.98,4.85,4.9,10.4,4.4,1.4,6.11
50,462,NEV?EH?R,GÜL?EH?R,2.06,1.62,2.1,9.59,2.18,0.55,2.94,1.5,0.32,2.8,7.98,4.85,4.9,10.4,4.4,1.4,6.11
65,463,VAN,GEVA?,2.06,1.62,2.1,9.59,2.18,0.55,2.94,1.5,0.32,2.8,7.98,4.85,4.9,10.4,4.4,1.4,6.11
45,464,MAN?SA,KULA,2.06,1.62,2.1,9.59,2.18,0.55,2.94,1.5,0.32,2.8,7.98,4.85,4.9,10.4,4.4,1.4,6.11
49,465,MU?,HASKÖY,2.06,1.62,2.1,9.59,2.18,0.55,2.94,1.5,0.32,2.8,7.98,4.85,4.9,10.4,4.4,1.4,6.11
38,466,KAYSER?,MEL?KGAZ?,2.06,1.62,2.1,9.59,2.18,0.55,2.94,1.5,0.32,2.8,7.98,4.85,4.9,10.4,4.4,1.4,6.11
23,468,ELAZI?,MERKEZ,2.06,1.62,2.1,9.59,2.18,0.55,2.94,1.5,0.32,2.8,7.98,4.85,4.9,10.4,4.4,1.4,6.11
13,469,B?TL?S,GÜROYMAK,2.06,1.62,2.1,9.59,2.18,0.55,2.94,1.5,0.32,2.8,7.98,4.85,4.9,10.4,4.4,1.4,6.11
23,470,ELAZI?,KEBAN,2.06,1.62,2.1,9.59,2.18,0.55,2.94,1.5,0.32,2.8,7.98,4.85,4.9,10.4,4.4,1.4,6.11
45,471,MAN?SA,SAL?HL?,2.06,1.62,2.1,9.59,2.18,0.55,2.94,1.5,0.32,2.8,7.98,4.85,4.9,10.4,4.4,1.4,6.11
23,472,ELAZI?,PALU,2.06,1.62,2.1,9.59,2.18,0.55,2.94,1.5,0.32,2.8,7.98,4.85,4.9,10.4,4.4,1.4,6.11
68,473,AKSARAY,A?AÇÖREN,2.06,1.62,2.1,9.59,2.18,0.55,2.94,1.5,0.32,2.8,7.98,4.85,4.9,10.4,4.4,1.4,6.11
13,474,B?TL?S,TATVAN,2.06,1.62,2.1,9.59,2.18,0.55,2.94,1.5,0.32,2.8,7.98,4.85,4.9,10.4,4.4,1.4,6.11
68,475,AKSARAY,ORTAKÖY,2.06,1.62,2.1,9.59,2.18,0.55,2.94,1.5,0.32,2.8,7.98,4.85,4.9,10.4,4.4,1.4,6.11
45,476,MAN?SA,GÖLMARMARA,2.06,1.62,2.1,9.59,2.18,0.55,2.94,1.5,0.32,2.8,7.98,4.85,4.9,10.4,4.4,1.4,6.11
35,477,?ZM?R,KARABURUN,2.06,1.62,2.1,9.59,2.18,0.55,2.94,1.5,0.32,2.8,7.98,4.85,4.9,10.4,4.4,1.4,6.11
3,479,AFYONKARAH?SAR,BOLVAD?N,2.06,1.62,2.1,9.59,2.18,0.55,2.94,1.5,0.32,2.8,7.98,4.85,4.9,10.4,4.4,1.4,6.11
35,480,?ZM?R,MENEMEN,2.06,1.62,2.1,9.59,2.18,0.55,2.94,1.5,0.32,2.8,7.98,4.85,4.9,10.4,4.4,1.4,6.11
23,481,ELAZI?,KOVANCILAR,2.06,1.62,2.1,9.59,2.18,0.55,2.94,1.5,0.32,2.8,7.98,4.85,4.9,10.4,4.4,1.4,6.11
64,482,U?AK,MERKEZ,2.06,1.62,2.1,9.59,2.18,0.55,2.94,1.5,0.32,2.8,7.98,4.85,4.9,10.4,4.4,1.4,6.11
12,483,B?NGÖL,GENÇ,2.06,1.62,2.1,9.59,2.18,0.55,2.94,1.5,0.32,2.8,7.98,4.85,4.9,10.4,4.4,1.4,6.11
38,484,KAYSER?,BÜNYAN,2.06,1.62,2.1,9.59,2.18,0.55,2.94,1.5,0.32,2.8,7.98,4.85,4.9,10.4,4.4,1.4,6.11
3,485,AFYONKARAH?SAR,S?NANPA?A,2.06,1.62,2.1,9.59,2.18,0.55,2.94,1.5,0.32,2.8,7.98,4.85,4.9,10.4,4.4,1.4,6.11
35,486,?ZM?R,FOÇA,2.06,1.62,2.1,9.59,2.18,0.55,2.94,1.5,0.32,2.8,7.98,4.85,4.9,10.4,4.4,1.4,6.11
44,487,MALATYA,KULUNCAK,2.06,1.62,2.1,9.59,2.18,0.55,2.94,1.5,0.32,2.8,7.98,4.85,4.9,10.4,4.4,1.4,6.11
42,488,KONYA,YUNAK,2.06,1.62,2.1,9.59,2.18,0.55,2.94,1.5,0.32,2.8,7.98,4.85,4.9,10.4,4.4,1.4,6.11
45,489,MAN?SA,KÖPRÜBA?I,2.06,1.62,2.1,9.59,2.18,0.55,2.94,1.5,0.32,2.8,7.98,4.85,4.9,10.4,4.4,1.4,6.11
68,490,AKSARAY,SARIYAH??,2.06,1.62,2.1,9.59,2.18,0.55,2.94,1.5,0.32,2.8,7.98,4.85,4.9,10.4,4.4,1.4,6.11
38,491,KAYSER?,MERKEZ,2.06,1.62,2.1,9.59,2.18,0.55,2.94,1.5,0.32,2.8,7.98,4.85,4.9,10.4,4.4,1.4,6.11
64,492,U?AK,BANAZ,2.06,1.62,2.1,9.59,2.18,0.55,2.94,1.5,0.32,2.8,7.98,4.85,4.9,10.4,4.4,1.4,6.11
3,493,AFYONKARAH?SAR,MERKEZ,2.06,1.62,2.1,9.59,2.18,0.55,2.94,1.5,0.32,2.8,7.98,4.85,4.9,10.4,4.4,1.4,6.11
45,494,MAN?SA,MERKEZ,2.06,1.62,2.1,9.59,2.18,0.55,2.94,1.5,0.32,2.8,7.98,4.85,4.9,10.4,4.4,1.4,6.11
42,495,KONYA,C?HANBEYL?,2.06,1.62,2.1,9.59,2.18,0.55,2.94,1.5,0.32,2.8,7.98,4.85,4.9,10.4,4.4,1.4,6.11
58,496,S?VAS,GÜRÜN,2.06,1.62,2.1,9.59,2.18,0.55,2.94,1.5,0.32,2.8,7.98,4.85,4.9,10.4,4.4,1.4,6.11
50,497,NEV?EH?R,AVANOS,2.06,1.62,2.1,9.59,2.18,0.55,2.94,1.5,0.32,2.8,7.98,4.85,4.9,10.4,4.4,1.4,6.11
43,498,KÜTAHYA,DUMLUPINAR,2.06,1.62,2.1,9.59,2.18,0.55,2.94,1.5,0.32,2.8,7.98,4.85,4.9,10.4,4.4,1.4,6.11
45,499,MAN?SA,SELEND?,2.06,1.62,2.1,9.59,2.18,0.55,2.94,1.5,0.32,2.8,7.98,4.85,4.9,10.4,4.4,1.4,6.11
49,500,MU?,KORKUT,2.06,1.62,2.1,9.59,2.18,0.55,2.94,1.5,0.32,2.8,7.98,4.85,4.9,10.4,4.4,1.4,6.11
23,501,ELAZI?,A?IN,2.06,1.62,2.1,9.59,2.18,0.55,2.94,1.5,0.32,2.8,7.98,4.85,4.9,10.4,4.4,1.4,6.11
38,502,KAYSER?,AKKI?LA,2.06,1.62,2.1,9.59,2.18,0.55,2.94,1.5,0.32,2.8,7.98,4.85,4.9,10.4,4.4,1.4,6.11
65,503,VAN,SARAY,2.06,1.62,2.1,9.59,2.18,0.55,2.94,1.5,0.32,2.8,7.98,4.85,4.9,10.4,4.4,1.4,6.11
65,504,VAN,MERKEZ,2.06,1.62,2.1,9.59,2.18,0.55,2.94,1.5,0.32,2.8,7.98,4.85,4.9,10.4,4.4,1.4,6.11
44,505,MALATYA,HEK?MHAN,2.06,1.62,2.1,9.59,2.18,0.55,2.94,1.5,0.32,2.8,7.98,4.85,4.9,10.4,4.4,1.4,6.11
62,507,TUNCEL?,PERTEK,2.06,1.62,2.1,9.59,2.18,0.55,2.94,1.5,0.32,2.8,7.98,4.85,4.9,10.4,4.4,1.4,6.11
3,508,AFYONKARAH?SAR,?SCEH?SAR,2.06,1.62,2.1,9.59,2.18,0.55,2.94,1.5,0.32,2.8,7.98,4.85,4.9,10.4,4.4,1.4,6.11
6,509,ANKARA,EVREN,2.06,1.62,2.1,9.59,2.18,0.55,2.94,1.5,0.32,2.8,7.98,4.85,4.9,10.4,4.4,1.4,6.11
44,510,MALATYA,ARGUVAN,2.06,1.62,2.1,9.59,2.18,0.55,2.94,1.5,0.32,2.8,7.98,4.85,4.9,10.4,4.4,1.4,6.11
38,511,KAYSER?,PINARBA?I,2.06,1.62,2.1,9.59,2.18,0.55,2.94,1.5,0.32,2.8,7.98,4.85,4.9,10.4,4.4,1.4,6.11
50,512,NEV?EH?R,HACIBEKTA?,2.06,1.62,2.1,9.59,2.18,0.55,2.94,1.5,0.32,2.8,7.98,4.85,4.9,10.4,4.4,1.4,6.11
43,513,KÜTAHYA,PAZARLAR,2.06,1.62,2.1,9.59,2.18,0.55,2.94,1.5,0.32,2.8,7.98,4.85,4.9,10.4,4.4,1.4,6.11
42,514,KONYA,ÇELT?K,2.06,1.62,2.1,9.59,2.18,0.55,2.94,1.5,0.32,2.8,7.98,4.85,4.9,10.4,4.4,1.4,6.11
45,515,MAN?SA,YUNUSEMRE,2.06,1.62,2.1,9.59,2.18,0.55,2.94,1.5,0.32,2.8,7.98,4.85,4.9,10.4,4.4,1.4,6.11
13,516,B?TL?S,AHLAT,2.06,1.62,2.1,9.59,2.18,0.55,2.94,1.5,0.32,2.8,7.98,4.85,4.9,10.4,4.4,1.4,6.11
62,517,TUNCEL?,MAZG?RT,2.06,1.62,2.1,9.59,2.18,0.55,2.94,1.5,0.32,2.8,7.98,4.85,4.9,10.4,4.4,1.4,6.11
35,518,?ZM?R,AL?A?A,2.06,1.62,2.1,9.59,2.18,0.55,2.94,1.5,0.32,2.8,7.98,4.85,4.9,10.4,4.4,1.4,6.11
44,520,MALATYA,ARAPG?R,2.06,1.62,2.1,9.59,2.18,0.55,2.94,1.5,0.32,2.8,7.98,4.85,4.9,10.4,4.4,1.4,6.11
38,521,KAYSER?,FELAH?YE,2.06,1.62,2.1,9.59,2.18,0.55,2.94,1.5,0.32,2.8,7.98,4.85,4.9,10.4,4.4,1.4,6.11
45,522,MAN?SA,SARUHANLI,2.06,1.62,2.1,9.59,2.18,0.55,2.94,1.5,0.32,2.8,7.98,4.85,4.9,10.4,4.4,1.4,6.11
43,523,KÜTAHYA,?APHANE,2.06,1.62,2.1,9.59,2.18,0.55,2.94,1.5,0.32,2.8,7.98,4.85,4.9,10.4,4.4,1.4,6.11
49,524,MU?,MERKEZ,2.06,1.62,2.1,9.59,2.18,0.55,2.94,1.5,0.32,2.8,7.98,4.85,4.9,10.4,4.4,1.4,6.11
65,525,VAN,TU?BA,2.06,1.62,2.1,9.59,2.18,0.55,2.94,1.5,0.32,2.8,7.98,4.85,4.9,10.4,4.4,1.4,6.11
12,526,B?NGÖL,MERKEZ,2.06,1.62,2.1,9.59,2.18,0.55,2.94,1.5,0.32,2.8,7.98,4.85,4.9,10.4,4.4,1.4,6.11
12,527,B?NGÖL,SOLHAN,2.06,1.62,2.1,9.59,2.18,0.55,2.94,1.5,0.32,2.8,7.98,4.85,4.9,10.4,4.4,1.4,6.11
38,528,KAYSER?,ÖZVATAN,2.06,1.62,2.1,9.59,2.18,0.55,2.94,1.5,0.32,2.8,7.98,4.85,4.9,10.4,4.4,1.4,6.11
62,529,TUNCEL?,ÇEM??GEZEK,2.06,1.62,2.1,9.59,2.18,0.55,2.94,1.5,0.32,2.8,7.98,4.85,4.9,10.4,4.4,1.4,6.11
3,530,AFYONKARAH?SAR,BAYAT,2.06,1.62,2.1,9.59,2.18,0.55,2.94,1.5,0.32,2.8,7.98,4.85,4.9,10.4,4.4,1.4,6.11
6,531,ANKARA,?EREFL?KOÇH?SAR,2.06,1.62,2.1,9.59,2.18,0.55,2.94,1.5,0.32,2.8,7.98,4.85,4.9,10.4,4.4,1.4,6.11
23,532,ELAZI?,KARAKOÇAN,2.06,1.62,2.1,9.59,2.18,0.55,2.94,1.5,0.32,2.8,7.98,4.85,4.9,10.4,4.4,1.4,6.11
13,533,B?TL?S,AD?LCEVAZ,2.06,1.62,2.1,9.59,2.18,0.55,2.94,1.5,0.32,2.8,7.98,4.85,4.9,10.4,4.4,1.4,6.11
65,536,VAN,ÖZALP,2.06,1.62,2.1,9.59,2.18,0.55,2.94,1.5,0.32,2.8,7.98,4.85,4.9,10.4,4.4,1.4,6.11
42,537,KONYA,KULU,2.06,1.62,2.1,9.59,2.18,0.55,2.94,1.5,0.32,2.8,7.98,4.85,4.9,10.4,4.4,1.4,6.11
45,538,MAN?SA,GÖRDES,2.06,1.62,2.1,9.59,2.18,0.55,2.94,1.5,0.32,2.8,7.98,4.85,4.9,10.4,4.4,1.4,6.11
40,539,KIR?EH?R,MUCUR,2.06,1.62,2.1,9.59,2.18,0.55,2.94,1.5,0.32,2.8,7.98,4.85,4.9,10.4,4.4,1.4,6.11
38,540,KAYSER?,SARIO?LAN,2.06,1.62,2.1,9.59,2.18,0.55,2.94,1.5,0.32,2.8,7.98,4.85,4.9,10.4,4.4,1.4,6.11
3,541,AFYONKARAH?SAR,?HSAN?YE,2.06,1.62,2.1,9.59,2.18,0.55,2.94,1.5,0.32,2.8,7.98,4.85,4.9,10.4,4.4,1.4,6.11
43,542,KÜTAHYA,ALTINTA?,2.06,1.62,2.1,9.59,2.18,0.55,2.94,1.5,0.32,2.8,7.98,4.85,4.9,10.4,4.4,1.4,6.11
43,543,KÜTAHYA,GED?Z,2.06,1.62,2.1,9.59,2.18,0.55,2.94,1.5,0.32,2.8,7.98,4.85,4.9,10.4,4.4,1.4,6.11
62,544,TUNCEL?,HOZAT,2.06,1.62,2.1,9.59,2.18,0.55,2.94,1.5,0.32,2.8,7.98,4.85,4.9,10.4,4.4,1.4,6.11
3,545,AFYONKARAH?SAR,EM?RDA?,2.06,1.62,2.1,9.59,2.18,0.55,2.94,1.5,0.32,2.8,7.98,4.85,4.9,10.4,4.4,1.4,6.11
45,546,MAN?SA,DEM?RC?,2.06,1.62,2.1,9.59,2.18,0.55,2.94,1.5,0.32,2.8,7.98,4.85,4.9,10.4,4.4,1.4,6.11
66,547,YOZGAT,ÇANDIR,2.06,1.62,2.1,9.59,2.18,0.55,2.94,1.5,0.32,2.8,7.98,4.85,4.9,10.4,4.4,1.4,6.11
26,548,ESK??EH?R,HAN,2.06,1.62,2.1,9.59,2.18,0.55,2.94,1.5,0.32,2.8,7.98,4.85,4.9,10.4,4.4,1.4,6.11
66,549,YOZGAT,YEN?FAKILI,2.06,1.62,2.1,9.59,2.18,0.55,2.94,1.5,0.32,2.8,7.98,4.85,4.9,10.4,4.4,1.4,6.11
35,550,?ZM?R,KINIK,2.06,1.62,2.1,9.59,2.18,0.55,2.94,1.5,0.32,2.8,7.98,4.85,4.9,10.4,4.4,1.4,6.11
45,551,MAN?SA,AKH?SAR,2.06,1.62,2.1,9.59,2.18,0.55,2.94,1.5,0.32,2.8,7.98,4.85,4.9,10.4,4.4,1.4,6.11
50,552,NEV?EH?R,KOZAKLI,2.06,1.62,2.1,9.59,2.18,0.55,2.94,1.5,0.32,2.8,7.98,4.85,4.9,10.4,4.4,1.4,6.11
43,553,KÜTAHYA,H?SARCIK,2.06,1.62,2.1,9.59,2.18,0.55,2.94,1.5,0.32,2.8,7.98,4.85,4.9,10.4,4.4,1.4,6.11
58,554,S?VAS,ALTINYAYLA,2.06,1.62,2.1,9.59,2.18,0.55,2.94,1.5,0.32,2.8,7.98,4.85,4.9,10.4,4.4,1.4,6.11
12,555,B?NGÖL,YAYLADERE,2.06,1.62,2.1,9.59,2.18,0.55,2.94,1.5,0.32,2.8,7.98,4.85,4.9,10.4,4.4,1.4,6.11
24,556,ERZ?NCAN,KEMAL?YE,2.06,1.62,2.1,9.59,2.18,0.55,2.94,1.5,0.32,2.8,7.98,4.85,4.9,10.4,4.4,1.4,6.11
62,557,TUNCEL?,MERKEZ,2.06,1.62,2.1,9.59,2.18,0.55,2.94,1.5,0.32,2.8,7.98,4.85,4.9,10.4,4.4,1.4,6.11
62,558,TUNCEL?,NAZIM?YE,2.06,1.62,2.1,9.59,2.18,0.55,2.94,1.5,0.32,2.8,7.98,4.85,4.9,10.4,4.4,1.4,6.11
40,559,KIR?EH?R,BOZTEPE,2.06,1.62,2.1,9.59,2.18,0.55,2.94,1.5,0.32,2.8,7.98,4.85,4.9,10.4,4.4,1.4,6.11
58,560,S?VAS,GEMEREK,2.06,1.62,2.1,9.59,2.18,0.55,2.94,1.5,0.32,2.8,7.98,4.85,4.9,10.4,4.4,1.4,6.11
43,561,KÜTAHYA,ÇAVDARH?SAR,2.06,1.62,2.1,9.59,2.18,0.55,2.94,1.5,0.32,2.8,7.98,4.85,4.9,10.4,4.4,1.4,6.11
66,562,YOZGAT,BO?AZLIYAN,2.06,1.62,2.1,9.59,2.18,0.55,2.94,1.5,0.32,2.8,7.98,4.85,4.9,10.4,4.4,1.4,6.11
40,563,KIR?EH?R,KAMAN,2.06,1.62,2.1,9.59,2.18,0.55,2.94,1.5,0.32,2.8,7.98,4.85,4.9,10.4,4.4,1.4,6.11
58,564,S?VAS,KANGAL,2.06,1.62,2.1,9.59,2.18,0.55,2.94,1.5,0.32,2.8,7.98,4.85,4.9,10.4,4.4,1.4,6.11
43,565,KÜTAHYA,ASLANAPA,2.06,1.62,2.1,9.59,2.18,0.55,2.94,1.5,0.32,2.8,7.98,4.85,4.9,10.4,4.4,1.4,6.11
65,566,VAN,MURAD?YE,2.06,1.62,2.1,9.59,2.18,0.55,2.94,1.5,0.32,2.8,7.98,4.85,4.9,10.4,4.4,1.4,6.11
35,567,?ZM?R,D?K?L?,2.06,1.62,2.1,9.59,2.18,0.55,2.94,1.5,0.32,2.8,7.98,4.85,4.9,10.4,4.4,1.4,6.11
12,568,B?NGÖL,ADAKLI,2.06,1.62,2.1,9.59,2.18,0.55,2.94,1.5,0.32,2.8,7.98,4.85,4.9,10.4,4.4,1.4,6.11
40,569,KIR?EH?R,MERKEZ,2.06,1.62,2.1,9.59,2.18,0.55,2.94,1.5,0.32,2.8,7.98,4.85,4.9,10.4,4.4,1.4,6.11
49,570,MU?,VARTO,2.06,1.62,2.1,9.59,2.18,0.55,2.94,1.5,0.32,2.8,7.98,4.85,4.9,10.4,4.4,1.4,6.11
49,571,MU?,BULANIK,2.06,1.62,2.1,9.59,2.18,0.55,2.94,1.5,0.32,2.8,7.98,4.85,4.9,10.4,4.4,1.4,6.11
26,572,ESK??EH?R,Ç?FTELER,2.06,1.62,2.1,9.59,2.18,0.55,2.94,1.5,0.32,2.8,7.98,4.85,4.9,10.4,4.4,1.4,6.11
12,573,B?NGÖL,K??I,2.06,1.62,2.1,9.59,2.18,0.55,2.94,1.5,0.32,2.8,7.98,4.85,4.9,10.4,4.4,1.4,6.11
66,574,YOZGAT,ÇAYIRALAN,2.06,1.62,2.1,9.59,2.18,0.55,2.94,1.5,0.32,2.8,7.98,4.85,4.9,10.4,4.4,1.4,6.11
45,575,MAN?SA,KIRKA?AÇ,2.06,1.62,2.1,9.59,2.18,0.55,2.94,1.5,0.32,2.8,7.98,4.85,4.9,10.4,4.4,1.4,6.11
26,576,ESK??EH?R,GÜNYÜZÜ,2.06,1.62,2.1,9.59,2.18,0.55,2.94,1.5,0.32,2.8,7.98,4.85,4.9,10.4,4.4,1.4,6.11
10,577,BALIKES?R,SINDIRGI,2.06,1.62,2.1,9.59,2.18,0.55,2.94,1.5,0.32,2.8,7.98,4.85,4.9,10.4,4.4,1.4,6.11
71,578,KIRIKKALE,ÇELEB?,2.06,1.62,2.1,9.59,2.18,0.55,2.94,1.5,0.32,2.8,7.98,4.85,4.9,10.4,4.4,1.4,6.11
12,580,B?NGÖL,KARLIOVA,2.06,1.62,2.1,9.59,2.18,0.55,2.94,1.5,0.32,2.8,7.98,4.85,4.9,10.4,4.4,1.4,6.11
62,581,TUNCEL?,OVACIK,2.06,1.62,2.1,9.59,2.18,0.55,2.94,1.5,0.32,2.8,7.98,4.85,4.9,10.4,4.4,1.4,6.11
58,582,S?VAS,ULA?,2.06,1.62,2.1,9.59,2.18,0.55,2.94,1.5,0.32,2.8,7.98,4.85,4.9,10.4,4.4,1.4,6.11
35,586,?ZM?R,BERGAMA,2.06,1.62,2.1,9.59,2.18,0.55,2.94,1.5,0.32,2.8,7.98,4.85,4.9,10.4,4.4,1.4,6.11
66,588,YOZGAT,?EFAATL?,2.06,1.62,2.1,9.59,2.18,0.55,2.94,1.5,0.32,2.8,7.98,4.85,4.9,10.4,4.4,1.4,6.11
43,589,KÜTAHYA,EMET,2.06,1.62,2.1,9.59,2.18,0.55,2.94,1.5,0.32,2.8,7.98,4.85,4.9,10.4,4.4,1.4,6.11
10,590,BALIKES?R,AYVALIK,2.06,1.62,2.1,9.59,2.18,0.55,2.94,1.5,0.32,2.8,7.98,4.85,4.9,10.4,4.4,1.4,6.11
45,592,MAN?SA,SOMA,2.06,1.62,2.1,9.59,2.18,0.55,2.94,1.5,0.32,2.8,7.98,4.85,4.9,10.4,4.4,1.4,6.11
6,593,ANKARA,HAYMANA,2.06,1.62,2.1,9.59,2.18,0.55,2.94,1.5,0.32,2.8,7.98,4.85,4.9,10.4,4.4,1.4,6.11
71,594,KIRIKKALE,KARAKEÇ?L?,2.06,1.62,2.1,9.59,2.18,0.55,2.94,1.5,0.32,2.8,7.98,4.85,4.9,10.4,4.4,1.4,6.11
12,595,B?NGÖL,YED?SU,2.06,1.62,2.1,9.59,2.18,0.55,2.94,1.5,0.32,2.8,7.98,4.85,4.9,10.4,4.4,1.4,6.11
65,597,VAN,ERC??,2.06,1.62,2.1,9.59,2.18,0.55,2.94,1.5,0.32,2.8,7.98,4.85,4.9,10.4,4.4,1.4,6.11
66,598,YOZGAT,SARIKAYA,2.06,1.62,2.1,9.59,2.18,0.55,2.94,1.5,0.32,2.8,7.98,4.85,4.9,10.4,4.4,1.4,6.11
4,599,A?RI,PATNOS,2.06,1.62,2.1,9.59,2.18,0.55,2.94,1.5,0.32,2.8,7.98,4.85,4.9,10.4,4.4,1.4,6.11
40,600,KIR?EH?R,AKPINAR,2.06,1.62,2.1,9.59,2.18,0.55,2.94,1.5,0.32,2.8,7.98,4.85,4.9,10.4,4.4,1.4,6.11
43,602,KÜTAHYA,S?MAV,2.06,1.62,2.1,9.59,2.18,0.55,2.94,1.5,0.32,2.8,7.98,4.85,4.9,10.4,4.4,1.4,6.11
25,604,ERZURUM,KARAÇOBAN,2.06,1.62,2.1,9.59,2.18,0.55,2.94,1.5,0.32,2.8,7.98,4.85,4.9,10.4,4.4,1.4,6.11
26,605,ESK??EH?R,SEY?TGAZ?,2.06,1.62,2.1,9.59,2.18,0.55,2.94,1.5,0.32,2.8,7.98,4.85,4.9,10.4,4.4,1.4,6.11
58,606,S?VAS,D?VR???,2.06,1.62,2.1,9.59,2.18,0.55,2.94,1.5,0.32,2.8,7.98,4.85,4.9,10.4,4.4,1.4,6.11
65,608,VAN,ÇALDIRAN,2.06,1.62,2.1,9.59,2.18,0.55,2.94,1.5,0.32,2.8,7.98,4.85,4.9,10.4,4.4,1.4,6.11
58,609,S?VAS,?ARKI?LA,2.06,1.62,2.1,9.59,2.18,0.55,2.94,1.5,0.32,2.8,7.98,4.85,4.9,10.4,4.4,1.4,6.11
10,610,BALIKES?R,GÖMEÇ,2.06,1.62,2.1,9.59,2.18,0.55,2.94,1.5,0.32,2.8,7.98,4.85,4.9,10.4,4.4,1.4,6.11
62,611,TUNCEL?,PÜLÜMÜR,2.06,1.62,2.1,9.59,2.18,0.55,2.94,1.5,0.32,2.8,7.98,4.85,4.9,10.4,4.4,1.4,6.11
26,612,ESK??EH?R,MAHMUD?YE,2.06,1.62,2.1,9.59,2.18,0.55,2.94,1.5,0.32,2.8,7.98,4.85,4.9,10.4,4.4,1.4,6.11
49,613,MU?,MALAZG?RT,2.06,1.62,2.1,9.59,2.18,0.55,2.94,1.5,0.32,2.8,7.98,4.85,4.9,10.4,4.4,1.4,6.11
6,614,ANKARA,BALA,2.06,1.62,2.1,9.59,2.18,0.55,2.94,1.5,0.32,2.8,7.98,4.85,4.9,10.4,4.4,1.4,6.11
10,615,BALIKES?R,B?GAD?Ç,2.06,1.62,2.1,9.59,2.18,0.55,2.94,1.5,0.32,2.8,7.98,4.85,4.9,10.4,4.4,1.4,6.11
25,616,ERZURUM,HINIS,2.06,1.62,2.1,9.59,2.18,0.55,2.94,1.5,0.32,2.8,7.98,4.85,4.9,10.4,4.4,1.4,6.11
26,617,ESK??EH?R,S?VR?H?SAR,2.06,1.62,2.1,9.59,2.18,0.55,2.94,1.5,0.32,2.8,7.98,4.85,4.9,10.4,4.4,1.4,6.11
40,618,KIR?EH?R,AKÇAKENT,2.06,1.62,2.1,9.59,2.18,0.55,2.94,1.5,0.32,2.8,7.98,4.85,4.9,10.4,4.4,1.4,6.11
10,619,BALIKES?R,SAVA?TEPE,2.06,1.62,2.1,9.59,2.18,0.55,2.94,1.5,0.32,2.8,7.98,4.85,4.9,10.4,4.4,1.4,6.11
40,620,KIR?EH?R,Ç?ÇEKDA?I,2.06,1.62,2.1,9.59,2.18,0.55,2.94,1.5,0.32,2.8,7.98,4.85,4.9,10.4,4.4,1.4,6.11
10,621,BALIKES?R,BURHAN?YE,2.06,1.62,2.1,9.59,2.18,0.55,2.94,1.5,0.32,2.8,7.98,4.85,4.9,10.4,4.4,1.4,6.11
71,622,KIRIKKALE,KESK?N,2.06,1.62,2.1,9.59,2.18,0.55,2.94,1.5,0.32,2.8,7.98,4.85,4.9,10.4,4.4,1.4,6.11
43,623,KÜTAHYA,MERKEZ,2.06,1.62,2.1,9.59,2.18,0.55,2.94,1.5,0.32,2.8,7.98,4.85,4.9,10.4,4.4,1.4,6.11
71,624,KIRIKKALE,BAH??L?,2.06,1.62,2.1,9.59,2.18,0.55,2.94,1.5,0.32,2.8,7.98,4.85,4.9,10.4,4.4,1.4,6.11
6,625,ANKARA,GÖLBA?I,2.06,1.62,2.1,9.59,2.18,0.55,2.94,1.5,0.32,2.8,7.98,4.85,4.9,10.4,4.4,1.4,6.11
24,626,ERZ?NCAN,?L?Ç,2.06,1.62,2.1,9.59,2.18,0.55,2.94,1.5,0.32,2.8,7.98,4.85,4.9,10.4,4.4,1.4,6.11
24,627,ERZ?NCAN,ÜZÜMLÜ,2.06,1.62,2.1,9.59,2.18,0.55,2.94,1.5,0.32,2.8,7.98,4.85,4.9,10.4,4.4,1.4,6.11
26,628,ESK??EH?R,MERKEZ,2.06,1.62,2.1,9.59,2.18,0.55,2.94,1.5,0.32,2.8,7.98,4.85,4.9,10.4,4.4,1.4,6.11
43,629,KÜTAHYA,TAV?ANLI,2.06,1.62,2.1,9.59,2.18,0.55,2.94,1.5,0.32,2.8,7.98,4.85,4.9,10.4,4.4,1.4,6.11
10,630,BALIKES?R,?VR?ND?,2.06,1.62,2.1,9.59,2.18,0.55,2.94,1.5,0.32,2.8,7.98,4.85,4.9,10.4,4.4,1.4,6.11
4,631,A?RI,HAMUR,2.06,1.62,2.1,9.59,2.18,0.55,2.94,1.5,0.32,2.8,7.98,4.85,4.9,10.4,4.4,1.4,6.11
66,632,YOZGAT,SARAYKENT,2.06,1.62,2.1,9.59,2.18,0.55,2.94,1.5,0.32,2.8,7.98,4.85,4.9,10.4,4.4,1.4,6.11
24,633,ERZ?NCAN,KEMAH,2.06,1.62,2.1,9.59,2.18,0.55,2.94,1.5,0.32,2.8,7.98,4.85,4.9,10.4,4.4,1.4,6.11
4,634,A?RI,TUTAK,2.06,1.62,2.1,9.59,2.18,0.55,2.94,1.5,0.32,2.8,7.98,4.85,4.9,10.4,4.4,1.4,6.11
25,635,ERZURUM,ÇAT,2.06,1.62,2.1,9.59,2.18,0.55,2.94,1.5,0.32,2.8,7.98,4.85,4.9,10.4,4.4,1.4,6.11
6,636,ANKARA,POLATLI,2.06,1.62,2.1,9.59,2.18,0.55,2.94,1.5,0.32,2.8,7.98,4.85,4.9,10.4,4.4,1.4,6.11
16,637,BURSA,HARMANCIK,2.06,1.62,2.1,9.59,2.18,0.55,2.94,1.5,0.32,2.8,7.98,4.85,4.9,10.4,4.4,1.4,6.11
26,638,ESK??EH?R,BEYL?KOVA,2.06,1.62,2.1,9.59,2.18,0.55,2.94,1.5,0.32,2.8,7.98,4.85,4.9,10.4,4.4,1.4,6.11
10,639,BALIKES?R,DURSUNBEY,2.06,1.62,2.1,9.59,2.18,0.55,2.94,1.5,0.32,2.8,7.98,4.85,4.9,10.4,4.4,1.4,6.11
26,640,ESK??EH?R,?NÖNÜ,2.06,1.62,2.1,9.59,2.18,0.55,2.94,1.5,0.32,2.8,7.98,4.85,4.9,10.4,4.4,1.4,6.11
6,641,ANKARA,ÇANKAYA,2.06,1.62,2.1,9.59,2.18,0.55,2.94,1.5,0.32,2.8,7.98,4.85,4.9,10.4,4.4,1.4,6.11
66,642,YOZGAT,AKDA?MADEN?,2.06,1.62,2.1,9.59,2.18,0.55,2.94,1.5,0.32,2.8,7.98,4.85,4.9,10.4,4.4,1.4,6.11
66,643,YOZGAT,YERKÖY,2.06,1.62,2.1,9.59,2.18,0.55,2.94,1.5,0.32,2.8,7.98,4.85,4.9,10.4,4.4,1.4,6.11
10,644,BALIKES?R,ALTIEYLÜL,2.06,1.62,2.1,9.59,2.18,0.55,2.94,1.5,0.32,2.8,7.98,4.85,4.9,10.4,4.4,1.4,6.11
43,645,KÜTAHYA,DOMAN?Ç,2.06,1.62,2.1,9.59,2.18,0.55,2.94,1.5,0.32,2.8,7.98,4.85,4.9,10.4,4.4,1.4,6.11
17,646,ÇANAKKALE,AYVACIK,2.06,1.62,2.1,9.59,2.18,0.55,2.94,1.5,0.32,2.8,7.98,4.85,4.9,10.4,4.4,1.4,6.11
4,647,A?RI,D?YAD?N,2.06,1.62,2.1,9.59,2.18,0.55,2.94,1.5,0.32,2.8,7.98,4.85,4.9,10.4,4.4,1.4,6.11
10,648,BALIKES?R,HAVRAN,2.06,1.62,2.1,9.59,2.18,0.55,2.94,1.5,0.32,2.8,7.98,4.85,4.9,10.4,4.4,1.4,6.11
24,649,ERZ?NCAN,MERKEZ,2.06,1.62,2.1,9.59,2.18,0.55,2.94,1.5,0.32,2.8,7.98,4.85,4.9,10.4,4.4,1.4,6.11
16,650,BURSA,BÜYÜK ORHAN,2.06,1.62,2.1,9.59,2.18,0.55,2.94,1.5,0.32,2.8,7.98,4.85,4.9,10.4,4.4,1.4,6.11
6,651,ANKARA,ET?MESGUT,2.06,1.62,2.1,9.59,2.18,0.55,2.94,1.5,0.32,2.8,7.98,4.85,4.9,10.4,4.4,1.4,6.11
25,652,ERZURUM,TEKMAN,2.06,1.62,2.1,9.59,2.18,0.55,2.94,1.5,0.32,2.8,7.98,4.85,4.9,10.4,4.4,1.4,6.11
6,653,ANKARA,MAMAK,2.06,1.62,2.1,9.59,2.18,0.55,2.94,1.5,0.32,2.8,7.98,4.85,4.9,10.4,4.4,1.4,6.11
71,654,KIRIKKALE,YAH??HAN,2.06,1.62,2.1,9.59,2.18,0.55,2.94,1.5,0.32,2.8,7.98,4.85,4.9,10.4,4.4,1.4,6.11
10,655,BALIKES?R,EDREM?T,2.06,1.62,2.1,9.59,2.18,0.55,2.94,1.5,0.32,2.8,7.98,4.85,4.9,10.4,4.4,1.4,6.11
66,656,YOZGAT,MERKEZ,2.06,1.62,2.1,9.59,2.18,0.55,2.94,1.5,0.32,2.8,7.98,4.85,4.9,10.4,4.4,1.4,6.11
58,657,S?VAS,?MRANLI,2.06,1.62,2.1,9.59,2.18,0.55,2.94,1.5,0.32,2.8,7.98,4.85,4.9,10.4,4.4,1.4,6.11
24,658,ERZ?NCAN,TERCAN,2.06,1.62,2.1,9.59,2.18,0.55,2.94,1.5,0.32,2.8,7.98,4.85,4.9,10.4,4.4,1.4,6.11
10,659,BALIKES?R,KEPSUT,2.06,1.62,2.1,9.59,2.18,0.55,2.94,1.5,0.32,2.8,7.98,4.85,4.9,10.4,4.4,1.4,6.11
6,660,ANKARA,MERKEZ,2.06,1.62,2.1,9.59,2.18,0.55,2.94,1.5,0.32,2.8,7.98,4.85,4.9,10.4,4.4,1.4,6.11
6,661,ANKARA,ELMADA?,2.06,1.62,2.1,9.59,2.18,0.55,2.94,1.5,0.32,2.8,7.98,4.85,4.9,10.4,4.4,1.4,6.11
71,662,KIRIKKALE,MERKEZ,2.06,1.62,2.1,9.59,2.18,0.55,2.94,1.5,0.32,2.8,7.98,4.85,4.9,10.4,4.4,1.4,6.11
66,663,YOZGAT,SORGUN,2.06,1.62,2.1,9.59,2.18,0.55,2.94,1.5,0.32,2.8,7.98,4.85,4.9,10.4,4.4,1.4,6.11
25,664,ERZURUM,KARAYAZI,2.06,1.62,2.1,9.59,2.18,0.55,2.94,1.5,0.32,2.8,7.98,4.85,4.9,10.4,4.4,1.4,6.11
60,665,TOKAT,YE??LYURT,2.06,1.62,2.1,9.59,2.18,0.55,2.94,1.5,0.32,2.8,7.98,4.85,4.9,10.4,4.4,1.4,6.11
11,666,B?LEC?K,BOZÜYÜK,2.06,1.62,2.1,9.59,2.18,0.55,2.94,1.5,0.32,2.8,7.98,4.85,4.9,10.4,4.4,1.4,6.11
26,667,ESK??EH?R,TEPEBA?I,2.06,1.62,2.1,9.59,2.18,0.55,2.94,1.5,0.32,2.8,7.98,4.85,4.9,10.4,4.4,1.4,6.11
60,668,TOKAT,SULUSARAY,2.06,1.62,2.1,9.59,2.18,0.55,2.94,1.5,0.32,2.8,7.98,4.85,4.9,10.4,4.4,1.4,6.11
66,669,YOZGAT,KADI?EHR?,2.06,1.62,2.1,9.59,2.18,0.55,2.94,1.5,0.32,2.8,7.98,4.85,4.9,10.4,4.4,1.4,6.11
71,670,KIRIKKALE,BALI?EYH,2.06,1.62,2.1,9.59,2.18,0.55,2.94,1.5,0.32,2.8,7.98,4.85,4.9,10.4,4.4,1.4,6.11
19,671,ÇORUM,BO?AZKALE,2.06,1.62,2.1,9.59,2.18,0.55,2.94,1.5,0.32,2.8,7.98,4.85,4.9,10.4,4.4,1.4,6.11
6,672,ANKARA,YEN?MAHALLE,2.06,1.62,2.1,9.59,2.18,0.55,2.94,1.5,0.32,2.8,7.98,4.85,4.9,10.4,4.4,1.4,6.11
26,673,ESK??EH?R,M?HALIÇÇIK,2.06,1.62,2.1,9.59,2.18,0.55,2.94,1.5,0.32,2.8,7.98,4.85,4.9,10.4,4.4,1.4,6.11
4,674,A?RI,DO?UBAYAZIT,2.06,1.62,2.1,9.59,2.18,0.55,2.94,1.5,0.32,2.8,7.98,4.85,4.9,10.4,4.4,1.4,6.11
24,675,ERZ?NCAN,REFAH?YE,2.06,1.62,2.1,9.59,2.18,0.55,2.94,1.5,0.32,2.8,7.98,4.85,4.9,10.4,4.4,1.4,6.11
4,676,A?RI,TA?LIÇAY,2.06,1.62,2.1,9.59,2.18,0.55,2.94,1.5,0.32,2.8,7.98,4.85,4.9,10.4,4.4,1.4,6.11
10,677,BALIKES?R,KARES?,2.06,1.62,2.1,9.59,2.18,0.55,2.94,1.5,0.32,2.8,7.98,4.85,4.9,10.4,4.4,1.4,6.11
26,678,ESK??EH?R,ALPU,2.06,1.62,2.1,9.59,2.18,0.55,2.94,1.5,0.32,2.8,7.98,4.85,4.9,10.4,4.4,1.4,6.11
24,679,ERZ?NCAN,ÇAYIRLI,2.06,1.62,2.1,9.59,2.18,0.55,2.94,1.5,0.32,2.8,7.98,4.85,4.9,10.4,4.4,1.4,6.11
10,680,BALIKES?R,BALYA,2.06,1.62,2.1,9.59,2.18,0.55,2.94,1.5,0.32,2.8,7.98,4.85,4.9,10.4,4.4,1.4,6.11
26,681,ESK??EH?R,M?HALGAZ?,2.06,1.62,2.1,9.59,2.18,0.55,2.94,1.5,0.32,2.8,7.98,4.85,4.9,10.4,4.4,1.4,6.11
6,682,ANKARA,S?NCAN,2.06,1.62,2.1,9.59,2.18,0.55,2.94,1.5,0.32,2.8,7.98,4.85,4.9,10.4,4.4,1.4,6.11
17,683,ÇANAKKALE,BOZCAADA,2.06,1.62,2.1,9.59,2.18,0.55,2.94,1.5,0.32,2.8,7.98,4.85,4.9,10.4,4.4,1.4,6.11
25,684,ERZURUM,PALANDÖKEN,2.06,1.62,2.1,9.59,2.18,0.55,2.94,1.5,0.32,2.8,7.98,4.85,4.9,10.4,4.4,1.4,6.11
24,685,ERZ?NCAN,OTLUKBEL?,2.06,1.62,2.1,9.59,2.18,0.55,2.94,1.5,0.32,2.8,7.98,4.85,4.9,10.4,4.4,1.4,6.11
16,686,BURSA,KELES,2.06,1.62,2.1,9.59,2.18,0.55,2.94,1.5,0.32,2.8,7.98,4.85,4.9,10.4,4.4,1.4,6.11
58,687,S?VAS,MERKEZ,2.06,1.62,2.1,9.59,2.18,0.55,2.94,1.5,0.32,2.8,7.98,4.85,4.9,10.4,4.4,1.4,6.11
11,688,B?LEC?K,PAZARYER?,2.06,1.62,2.1,9.59,2.18,0.55,2.94,1.5,0.32,2.8,7.98,4.85,4.9,10.4,4.4,1.4,6.11
6,689,ANKARA,ALTINDA?,2.06,1.62,2.1,9.59,2.18,0.55,2.94,1.5,0.32,2.8,7.98,4.85,4.9,10.4,4.4,1.4,6.11
71,690,KIRIKKALE,DEL?CE,2.06,1.62,2.1,9.59,2.18,0.55,2.94,1.5,0.32,2.8,7.98,4.85,4.9,10.4,4.4,1.4,6.11
58,691,S?VAS,GÖLOVA,2.06,1.62,2.1,9.59,2.18,0.55,2.94,1.5,0.32,2.8,7.98,4.85,4.9,10.4,4.4,1.4,6.11
58,692,S?VAS,AKINCILAR,2.06,1.62,2.1,9.59,2.18,0.55,2.94,1.5,0.32,2.8,7.98,4.85,4.9,10.4,4.4,1.4,6.11
6,693,ANKARA,AKYURT,2.06,1.62,2.1,9.59,2.18,0.55,2.94,1.5,0.32,2.8,7.98,4.85,4.9,10.4,4.4,1.4,6.11
4,694,A?RI,ELE?K?RT,2.06,1.62,2.1,9.59,2.18,0.55,2.94,1.5,0.32,2.8,7.98,4.85,4.9,10.4,4.4,1.4,6.11
26,695,ESK??EH?R,SARICAKAYA,2.06,1.62,2.1,9.59,2.18,0.55,2.94,1.5,0.32,2.8,7.98,4.85,4.9,10.4,4.4,1.4,6.11
11,696,B?LEC?K,?NH?SAR,2.06,1.62,2.1,9.59,2.18,0.55,2.94,1.5,0.32,2.8,7.98,4.85,4.9,10.4,4.4,1.4,6.11
60,697,TOKAT,ARTOVA,2.06,1.62,2.1,9.59,2.18,0.55,2.94,1.5,0.32,2.8,7.98,4.85,4.9,10.4,4.4,1.4,6.11
58,698,S?VAS,YILDIZEL?,2.06,1.62,2.1,9.59,2.18,0.55,2.94,1.5,0.32,2.8,7.98,4.85,4.9,10.4,4.4,1.4,6.11
16,699,BURSA,ORHANEL?,2.06,1.62,2.1,9.59,2.18,0.55,2.94,1.5,0.32,2.8,7.98,4.85,4.9,10.4,4.4,1.4,6.11
25,700,ERZURUM,A?KALE,2.06,1.62,2.1,9.59,2.18,0.55,2.94,1.5,0.32,2.8,7.98,4.85,4.9,10.4,4.4,1.4,6.11
6,701,ANKARA,PURSAKLAR,2.06,1.62,2.1,9.59,2.18,0.55,2.94,1.5,0.32,2.8,7.98,4.85,4.9,10.4,4.4,1.4,6.11
66,702,YOZGAT,ÇEKEREK,2.06,1.62,2.1,9.59,2.18,0.55,2.94,1.5,0.32,2.8,7.98,4.85,4.9,10.4,4.4,1.4,6.11
58,703,S?VAS,ZARA,2.06,1.62,2.1,9.59,2.18,0.55,2.94,1.5,0.32,2.8,7.98,4.85,4.9,10.4,4.4,1.4,6.11
66,704,YOZGAT,AYDINCIK,2.06,1.62,2.1,9.59,2.18,0.55,2.94,1.5,0.32,2.8,7.98,4.85,4.9,10.4,4.4,1.4,6.11
11,705,B?LEC?K,SÖ?ÜT,2.06,1.62,2.1,9.59,2.18,0.55,2.94,1.5,0.32,2.8,7.98,4.85,4.9,10.4,4.4,1.4,6.11
58,706,S?VAS,HAF?K,2.06,1.62,2.1,9.59,2.18,0.55,2.94,1.5,0.32,2.8,7.98,4.85,4.9,10.4,4.4,1.4,6.11
6,707,ANKARA,AYA?,2.06,1.62,2.1,9.59,2.18,0.55,2.94,1.5,0.32,2.8,7.98,4.85,4.9,10.4,4.4,1.4,6.11
17,708,ÇANAKKALE,EZ?NE,2.06,1.62,2.1,9.59,2.18,0.55,2.94,1.5,0.32,2.8,7.98,4.85,4.9,10.4,4.4,1.4,6.11
28,710,G?RESUN,ÇAMOLUK,2.06,1.62,2.1,9.59,2.18,0.55,2.94,1.5,0.32,2.8,7.98,4.85,4.9,10.4,4.4,1.4,6.11
17,711,ÇANAKKALE,BAYRAM?Ç,2.06,1.62,2.1,9.59,2.18,0.55,2.94,1.5,0.32,2.8,7.98,4.85,4.9,10.4,4.4,1.4,6.11
4,712,A?RI,MERKEZ,2.06,1.62,2.1,9.59,2.18,0.55,2.94,1.5,0.32,2.8,7.98,4.85,4.9,10.4,4.4,1.4,6.11
60,713,TOKAT,PAZAR,2.06,1.62,2.1,9.59,2.18,0.55,2.94,1.5,0.32,2.8,7.98,4.85,4.9,10.4,4.4,1.4,6.11
58,714,S?VAS,DO?AN?AR,2.06,1.62,2.1,9.59,2.18,0.55,2.94,1.5,0.32,2.8,7.98,4.85,4.9,10.4,4.4,1.4,6.11
19,715,ÇORUM,ALACA,2.06,1.62,2.1,9.59,2.18,0.55,2.94,1.5,0.32,2.8,7.98,4.85,4.9,10.4,4.4,1.4,6.11
6,716,ANKARA,KAZAN,2.06,1.62,2.1,9.59,2.18,0.55,2.94,1.5,0.32,2.8,7.98,4.85,4.9,10.4,4.4,1.4,6.11
10,717,BALIKES?R,SUSURLUK,2.06,1.62,2.1,9.59,2.18,0.55,2.94,1.5,0.32,2.8,7.98,4.85,4.9,10.4,4.4,1.4,6.11
71,718,KIRIKKALE,SULAKYURT,2.06,1.62,2.1,9.59,2.18,0.55,2.94,1.5,0.32,2.8,7.98,4.85,4.9,10.4,4.4,1.4,6.11
16,719,BURSA,?NEGÖL,2.06,1.62,2.1,9.59,2.18,0.55,2.94,1.5,0.32,2.8,7.98,4.85,4.9,10.4,4.4,1.4,6.11
76,720,I?DIR,ARALIK,2.06,1.62,2.1,9.59,2.18,0.55,2.94,1.5,0.32,2.8,7.98,4.85,4.9,10.4,4.4,1.4,6.11
25,721,ERZURUM,KÖPRÜKÖY,2.06,1.62,2.1,9.59,2.18,0.55,2.94,1.5,0.32,2.8,7.98,4.85,4.9,10.4,4.4,1.4,6.11
11,722,B?LEC?K,YEN?PAZAR,2.06,1.62,2.1,9.59,2.18,0.55,2.94,1.5,0.32,2.8,7.98,4.85,4.9,10.4,4.4,1.4,6.11
17,723,ÇANAKKALE,YEN?CE,2.06,1.62,2.1,9.59,2.18,0.55,2.94,1.5,0.32,2.8,7.98,4.85,4.9,10.4,4.4,1.4,6.11
69,724,BAYBURT,DEM?RÖZÜ,2.06,1.62,2.1,9.59,2.18,0.55,2.94,1.5,0.32,2.8,7.98,4.85,4.9,10.4,4.4,1.4,6.11
29,725,GÜMÜ?HANE,KELK?T,2.06,1.62,2.1,9.59,2.18,0.55,2.94,1.5,0.32,2.8,7.98,4.85,4.9,10.4,4.4,1.4,6.11
76,726,I?DIR,MERKEZ,2.06,1.62,2.1,9.59,2.18,0.55,2.94,1.5,0.32,2.8,7.98,4.85,4.9,10.4,4.4,1.4,6.11
16,727,BURSA,MUSTAFAKEMALPA?A,2.06,1.62,2.1,9.59,2.18,0.55,2.94,1.5,0.32,2.8,7.98,4.85,4.9,10.4,4.4,1.4,6.11
16,728,BURSA,YILDIRIM,2.06,1.62,2.1,9.59,2.18,0.55,2.94,1.5,0.32,2.8,7.98,4.85,4.9,10.4,4.4,1.4,6.11
25,729,ERZURUM,PAS?NLER,2.06,1.62,2.1,9.59,2.18,0.55,2.94,1.5,0.32,2.8,7.98,4.85,4.9,10.4,4.4,1.4,6.11
19,730,ÇORUM,ORTAKÖY,2.06,1.62,2.1,9.59,2.18,0.55,2.94,1.5,0.32,2.8,7.98,4.85,4.9,10.4,4.4,1.4,6.11
10,731,BALIKES?R,MANYAS,2.06,1.62,2.1,9.59,2.18,0.55,2.94,1.5,0.32,2.8,7.98,4.85,4.9,10.4,4.4,1.4,6.11
76,732,I?DIR,KARAKOYUNLU,2.06,1.62,2.1,9.59,2.18,0.55,2.94,1.5,0.32,2.8,7.98,4.85,4.9,10.4,4.4,1.4,6.11
29,733,GÜMÜ?HANE,KÖSE,2.06,1.62,2.1,9.59,2.18,0.55,2.94,1.5,0.32,2.8,7.98,4.85,4.9,10.4,4.4,1.4,6.11
6,734,ANKARA,KALEC?K,2.06,1.62,2.1,9.59,2.18,0.55,2.94,1.5,0.32,2.8,7.98,4.85,4.9,10.4,4.4,1.4,6.11
25,735,ERZURUM,YAKUT?YE,2.06,1.62,2.1,9.59,2.18,0.55,2.94,1.5,0.32,2.8,7.98,4.85,4.9,10.4,4.4,1.4,6.11
11,736,B?LEC?K,MERKEZ,2.06,1.62,2.1,9.59,2.18,0.55,2.94,1.5,0.32,2.8,7.98,4.85,4.9,10.4,4.4,1.4,6.11
6,737,ANKARA,NALLIHAN,2.06,1.62,2.1,9.59,2.18,0.55,2.94,1.5,0.32,2.8,7.98,4.85,4.9,10.4,4.4,1.4,6.11
6,738,ANKARA,GÜDÜL,2.06,1.62,2.1,9.59,2.18,0.55,2.94,1.5,0.32,2.8,7.98,4.85,4.9,10.4,4.4,1.4,6.11
17,739,ÇANAKKALE,ÇAN,2.06,1.62,2.1,9.59,2.18,0.55,2.94,1.5,0.32,2.8,7.98,4.85,4.9,10.4,4.4,1.4,6.11
29,740,GÜMÜ?HANE,??RAN,2.06,1.62,2.1,9.59,2.18,0.55,2.94,1.5,0.32,2.8,7.98,4.85,4.9,10.4,4.4,1.4,6.11
76,741,I?DIR,TUZLUCA,2.06,1.62,2.1,9.59,2.18,0.55,2.94,1.5,0.32,2.8,7.98,4.85,4.9,10.4,4.4,1.4,6.11
16,742,BURSA,N?LÜFER,2.06,1.62,2.1,9.59,2.18,0.55,2.94,1.5,0.32,2.8,7.98,4.85,4.9,10.4,4.4,1.4,6.11
60,743,TOKAT,Z?LE,2.06,1.62,2.1,9.59,2.18,0.55,2.94,1.5,0.32,2.8,7.98,4.85,4.9,10.4,4.4,1.4,6.11
16,744,BURSA,KESTEL,2.06,1.62,2.1,9.59,2.18,0.55,2.94,1.5,0.32,2.8,7.98,4.85,4.9,10.4,4.4,1.4,6.11
16,745,BURSA,GÜRSU,2.06,1.62,2.1,9.59,2.18,0.55,2.94,1.5,0.32,2.8,7.98,4.85,4.9,10.4,4.4,1.4,6.11
58,746,S?VAS,SU?EHR?,2.06,1.62,2.1,9.59,2.18,0.55,2.94,1.5,0.32,2.8,7.98,4.85,4.9,10.4,4.4,1.4,6.11
60,747,TOKAT,ALMUS,2.06,1.62,2.1,9.59,2.18,0.55,2.94,1.5,0.32,2.8,7.98,4.85,4.9,10.4,4.4,1.4,6.11
11,748,B?LEC?K,GÖLPAZARI,2.06,1.62,2.1,9.59,2.18,0.55,2.94,1.5,0.32,2.8,7.98,4.85,4.9,10.4,4.4,1.4,6.11
6,749,ANKARA,BEYPAZARI,2.06,1.62,2.1,9.59,2.18,0.55,2.94,1.5,0.32,2.8,7.98,4.85,4.9,10.4,4.4,1.4,6.11
19,750,ÇORUM,SUNGURLU,2.06,1.62,2.1,9.59,2.18,0.55,2.94,1.5,0.32,2.8,7.98,4.85,4.9,10.4,4.4,1.4,6.11
16,751,BURSA,YEN??EH?R,2.06,1.62,2.1,9.59,2.18,0.55,2.94,1.5,0.32,2.8,7.98,4.85,4.9,10.4,4.4,1.4,6.11
16,752,BURSA,OSMANGAZ?,2.06,1.62,2.1,9.59,2.18,0.55,2.94,1.5,0.32,2.8,7.98,4.85,4.9,10.4,4.4,1.4,6.11
25,753,ERZURUM,AZ?Z?YE,2.06,1.62,2.1,9.59,2.18,0.55,2.94,1.5,0.32,2.8,7.98,4.85,4.9,10.4,4.4,1.4,6.11
25,754,ERZURUM,HORASAN,2.06,1.62,2.1,9.59,2.18,0.55,2.94,1.5,0.32,2.8,7.98,4.85,4.9,10.4,4.4,1.4,6.11
18,755,ÇANKIRI,KIZILIRMAK,2.06,1.62,2.1,9.59,2.18,0.55,2.94,1.5,0.32,2.8,7.98,4.85,4.9,10.4,4.4,1.4,6.11
17,756,ÇANAKKALE,MERKEZ,2.06,1.62,2.1,9.59,2.18,0.55,2.94,1.5,0.32,2.8,7.98,4.85,4.9,10.4,4.4,1.4,6.11
5,757,AMASYA,GÖYNÜCEK,2.06,1.62,2.1,9.59,2.18,0.55,2.94,1.5,0.32,2.8,7.98,4.85,4.9,10.4,4.4,1.4,6.11
58,758,S?VAS,KOYULH?SAR,2.06,1.62,2.1,9.59,2.18,0.55,2.94,1.5,0.32,2.8,7.98,4.85,4.9,10.4,4.4,1.4,6.11
10,759,BALIKES?R,GÖNEN,2.06,1.62,2.1,9.59,2.18,0.55,2.94,1.5,0.32,2.8,7.98,4.85,4.9,10.4,4.4,1.4,6.11
16,760,BURSA,MUDANYA,2.06,1.62,2.1,9.59,2.18,0.55,2.94,1.5,0.32,2.8,7.98,4.85,4.9,10.4,4.4,1.4,6.11
6,761,ANKARA,ÇUBUK,2.06,1.62,2.1,9.59,2.18,0.55,2.94,1.5,0.32,2.8,7.98,4.85,4.9,10.4,4.4,1.4,6.11
60,762,TOKAT,MERKEZ,2.06,1.62,2.1,9.59,2.18,0.55,2.94,1.5,0.32,2.8,7.98,4.85,4.9,10.4,4.4,1.4,6.11
28,763,G?RESUN,?EB?NKARAH?SAR,2.06,1.62,2.1,9.59,2.18,0.55,2.94,1.5,0.32,2.8,7.98,4.85,4.9,10.4,4.4,1.4,6.11
17,764,ÇANAKKALE,GÖKÇEADA,2.06,1.62,2.1,9.59,2.18,0.55,2.94,1.5,0.32,2.8,7.98,4.85,4.9,10.4,4.4,1.4,6.11
10,765,BALIKES?R,BANDIRMA,2.06,1.62,2.1,9.59,2.18,0.55,2.94,1.5,0.32,2.8,7.98,4.85,4.9,10.4,4.4,1.4,6.11
16,766,BURSA,KARACABEY,2.06,1.62,2.1,9.59,2.18,0.55,2.94,1.5,0.32,2.8,7.98,4.85,4.9,10.4,4.4,1.4,6.11
19,767,ÇORUM,U?URLUDA?,2.06,1.62,2.1,9.59,2.18,0.55,2.94,1.5,0.32,2.8,7.98,4.85,4.9,10.4,4.4,1.4,6.11
14,768,BOLU,GÖYNÜK,2.06,1.62,2.1,9.59,2.18,0.55,2.94,1.5,0.32,2.8,7.98,4.85,4.9,10.4,4.4,1.4,6.11
60,769,TOKAT,TURHAL,2.06,1.62,2.1,9.59,2.18,0.55,2.94,1.5,0.32,2.8,7.98,4.85,4.9,10.4,4.4,1.4,6.11
54,770,SAKARYA,TARAKLI,2.06,1.62,2.1,9.59,2.18,0.55,2.94,1.5,0.32,2.8,7.98,4.85,4.9,10.4,4.4,1.4,6.11
60,771,TOKAT,RE?AD?YE,2.06,1.62,2.1,9.59,2.18,0.55,2.94,1.5,0.32,2.8,7.98,4.85,4.9,10.4,4.4,1.4,6.11
11,772,B?LEC?K,OSMANEL?,2.06,1.62,2.1,9.59,2.18,0.55,2.94,1.5,0.32,2.8,7.98,4.85,4.9,10.4,4.4,1.4,6.11
18,773,ÇANKIRI,?ABANÖZÜ,2.06,1.62,2.1,9.59,2.18,0.55,2.94,1.5,0.32,2.8,7.98,4.85,4.9,10.4,4.4,1.4,6.11
36,774,KARS,KA?IZMAN,2.06,1.62,2.1,9.59,2.18,0.55,2.94,1.5,0.32,2.8,7.98,4.85,4.9,10.4,4.4,1.4,6.11
25,775,ERZURUM,NARMAN,2.06,1.62,2.1,9.59,2.18,0.55,2.94,1.5,0.32,2.8,7.98,4.85,4.9,10.4,4.4,1.4,6.11
28,776,G?RESUN,ALUCRA,2.06,1.62,2.1,9.59,2.18,0.55,2.94,1.5,0.32,2.8,7.98,4.85,4.9,10.4,4.4,1.4,6.11
18,777,ÇANKIRI,ELD?VAN,2.06,1.62,2.1,9.59,2.18,0.55,2.94,1.5,0.32,2.8,7.98,4.85,4.9,10.4,4.4,1.4,6.11
69,779,BAYBURT,MERKEZ,2.06,1.62,2.1,9.59,2.18,0.55,2.94,1.5,0.32,2.8,7.98,4.85,4.9,10.4,4.4,1.4,6.11
60,780,TOKAT,BA?Ç?FTL?K,2.06,1.62,2.1,9.59,2.18,0.55,2.94,1.5,0.32,2.8,7.98,4.85,4.9,10.4,4.4,1.4,6.11
14,781,BOLU,SEBEN,2.06,1.62,2.1,9.59,2.18,0.55,2.94,1.5,0.32,2.8,7.98,4.85,4.9,10.4,4.4,1.4,6.11
6,782,ANKARA,ÇAMLIDERE,2.06,1.62,2.1,9.59,2.18,0.55,2.94,1.5,0.32,2.8,7.98,4.85,4.9,10.4,4.4,1.4,6.11
14,783,BOLU,KIBRISCIK,2.06,1.62,2.1,9.59,2.18,0.55,2.94,1.5,0.32,2.8,7.98,4.85,4.9,10.4,4.4,1.4,6.11
17,784,ÇANAKKALE,LÂPSEK?,2.06,1.62,2.1,9.59,2.18,0.55,2.94,1.5,0.32,2.8,7.98,4.85,4.9,10.4,4.4,1.4,6.11
69,785,BAYBURT,AYDINTEPE,2.06,1.62,2.1,9.59,2.18,0.55,2.94,1.5,0.32,2.8,7.98,4.85,4.9,10.4,4.4,1.4,6.11
19,786,ÇORUM,MEC?TÖZÜ,2.06,1.62,2.1,9.59,2.18,0.55,2.94,1.5,0.32,2.8,7.98,4.85,4.9,10.4,4.4,1.4,6.11
16,787,BURSA,ORHANGAZ?,2.06,1.62,2.1,9.59,2.18,0.55,2.94,1.5,0.32,2.8,7.98,4.85,4.9,10.4,4.4,1.4,6.11
17,788,ÇANAKKALE,ECEABAT,2.06,1.62,2.1,9.59,2.18,0.55,2.94,1.5,0.32,2.8,7.98,4.85,4.9,10.4,4.4,1.4,6.11
36,789,KARS,SARIKAMI?,2.06,1.62,2.1,9.59,2.18,0.55,2.94,1.5,0.32,2.8,7.98,4.85,4.9,10.4,4.4,1.4,6.11
16,790,BURSA,GEML?K,2.06,1.62,2.1,9.59,2.18,0.55,2.94,1.5,0.32,2.8,7.98,4.85,4.9,10.4,4.4,1.4,6.11
54,791,SAKARYA,PAMUKOVA,2.06,1.62,2.1,9.59,2.18,0.55,2.94,1.5,0.32,2.8,7.98,4.85,4.9,10.4,4.4,1.4,6.11
17,792,ÇANAKKALE,B?GA,2.06,1.62,2.1,9.59,2.18,0.55,2.94,1.5,0.32,2.8,7.98,4.85,4.9,10.4,4.4,1.4,6.11
14,793,BOLU,MUDURNU,2.06,1.62,2.1,9.59,2.18,0.55,2.94,1.5,0.32,2.8,7.98,4.85,4.9,10.4,4.4,1.4,6.11
16,794,BURSA,?ZN?K,2.06,1.62,2.1,9.59,2.18,0.55,2.94,1.5,0.32,2.8,7.98,4.85,4.9,10.4,4.4,1.4,6.11
25,797,ERZURUM,TORTUM,2.06,1.62,2.1,9.59,2.18,0.55,2.94,1.5,0.32,2.8,7.98,4.85,4.9,10.4,4.4,1.4,6.11
10,798,BALIKES?R,ERDEK,2.06,1.62,2.1,9.59,2.18,0.55,2.94,1.5,0.32,2.8,7.98,4.85,4.9,10.4,4.4,1.4,6.11
77,799,YALOVA,ARMUTLU,2.06,1.62,2.1,9.59,2.18,0.55,2.94,1.5,0.32,2.8,7.98,4.85,4.9,10.4,4.4,1.4,6.11
25,801,ERZURUM,PAZARYOLU,2.06,1.62,2.1,9.59,2.18,0.55,2.94,1.5,0.32,2.8,7.98,4.85,4.9,10.4,4.4,1.4,6.11
60,802,TOKAT,N?KSAR,2.06,1.62,2.1,9.59,2.18,0.55,2.94,1.5,0.32,2.8,7.98,4.85,4.9,10.4,4.4,1.4,6.11
19,803,ÇORUM,MERKEZ,2.06,1.62,2.1,9.59,2.18,0.55,2.94,1.5,0.32,2.8,7.98,4.85,4.9,10.4,4.4,1.4,6.11
54,804,SAKARYA,GEYVE,2.06,1.62,2.1,9.59,2.18,0.55,2.94,1.5,0.32,2.8,7.98,4.85,4.9,10.4,4.4,1.4,6.11
52,805,ORDU,AYBASTI,2.06,1.62,2.1,9.59,2.18,0.55,2.94,1.5,0.32,2.8,7.98,4.85,4.9,10.4,4.4,1.4,6.11
52,806,ORDU,MESUD?YE,2.06,1.62,2.1,9.59,2.18,0.55,2.94,1.5,0.32,2.8,7.98,4.85,4.9,10.4,4.4,1.4,6.11
29,809,GÜMÜ?HANE,TORUL,2.06,1.62,2.1,9.59,2.18,0.55,2.94,1.5,0.32,2.8,7.98,4.85,4.9,10.4,4.4,1.4,6.11
18,810,ÇANKIRI,ORTA,2.06,1.62,2.1,9.59,2.18,0.55,2.94,1.5,0.32,2.8,7.98,4.85,4.9,10.4,4.4,1.4,6.11
6,811,ANKARA,KIZILCAHAMAM,2.06,1.62,2.1,9.59,2.18,0.55,2.94,1.5,0.32,2.8,7.98,4.85,4.9,10.4,4.4,1.4,6.11
77,812,YALOVA,TERMAL,2.06,1.62,2.1,9.59,2.18,0.55,2.94,1.5,0.32,2.8,7.98,4.85,4.9,10.4,4.4,1.4,6.11
54,813,SAKARYA,KARAPÜRÇEK,2.06,1.62,2.1,9.59,2.18,0.55,2.94,1.5,0.32,2.8,7.98,4.85,4.9,10.4,4.4,1.4,6.11
77,815,YALOVA,ÇINARCIK,2.06,1.62,2.1,9.59,2.18,0.55,2.94,1.5,0.32,2.8,7.98,4.85,4.9,10.4,4.4,1.4,6.11
52,816,ORDU,GÖLKÖY,2.06,1.62,2.1,9.59,2.18,0.55,2.94,1.5,0.32,2.8,7.98,4.85,4.9,10.4,4.4,1.4,6.11
36,817,KARS,D?GOR,2.06,1.62,2.1,9.59,2.18,0.55,2.94,1.5,0.32,2.8,7.98,4.85,4.9,10.4,4.4,1.4,6.11
77,818,YALOVA,MERKEZ,2.06,1.62,2.1,9.59,2.18,0.55,2.94,1.5,0.32,2.8,7.98,4.85,4.9,10.4,4.4,1.4,6.11
14,819,BOLU,DÖRTD?VAN,2.06,1.62,2.1,9.59,2.18,0.55,2.94,1.5,0.32,2.8,7.98,4.85,4.9,10.4,4.4,1.4,6.11
18,820,ÇANKIRI,MERKEZ,2.06,1.62,2.1,9.59,2.18,0.55,2.94,1.5,0.32,2.8,7.98,4.85,4.9,10.4,4.4,1.4,6.11
54,821,SAKARYA,SAPANCA,2.06,1.62,2.1,9.59,2.18,0.55,2.94,1.5,0.32,2.8,7.98,4.85,4.9,10.4,4.4,1.4,6.11
52,822,ORDU,KABATA?,2.06,1.62,2.1,9.59,2.18,0.55,2.94,1.5,0.32,2.8,7.98,4.85,4.9,10.4,4.4,1.4,6.11
29,823,GÜMÜ?HANE,MERKEZ,2.06,1.62,2.1,9.59,2.18,0.55,2.94,1.5,0.32,2.8,7.98,4.85,4.9,10.4,4.4,1.4,6.11
41,824,KOCAEL?,KARAMÜRSEL,2.06,1.62,2.1,9.59,2.18,0.55,2.94,1.5,0.32,2.8,7.98,4.85,4.9,10.4,4.4,1.4,6.11
18,825,ÇANKIRI,KORGUN,2.06,1.62,2.1,9.59,2.18,0.55,2.94,1.5,0.32,2.8,7.98,4.85,4.9,10.4,4.4,1.4,6.11
77,826,YALOVA,Ç?FTL?KKÖY,2.06,1.62,2.1,9.59,2.18,0.55,2.94,1.5,0.32,2.8,7.98,4.85,4.9,10.4,4.4,1.4,6.11
54,827,SAKARYA,AR?F?YE,2.06,1.62,2.1,9.59,2.18,0.55,2.94,1.5,0.32,2.8,7.98,4.85,4.9,10.4,4.4,1.4,6.11
41,828,KOCAEL?,GÖLCÜK,2.06,1.62,2.1,9.59,2.18,0.55,2.94,1.5,0.32,2.8,7.98,4.85,4.9,10.4,4.4,1.4,6.11
41,829,KOCAEL?,BA??SKELE,2.06,1.62,2.1,9.59,2.18,0.55,2.94,1.5,0.32,2.8,7.98,4.85,4.9,10.4,4.4,1.4,6.11
19,830,ÇORUM,BAYAT,2.06,1.62,2.1,9.59,2.18,0.55,2.94,1.5,0.32,2.8,7.98,4.85,4.9,10.4,4.4,1.4,6.11
19,831,ÇORUM,O?UZLAR,2.06,1.62,2.1,9.59,2.18,0.55,2.94,1.5,0.32,2.8,7.98,4.85,4.9,10.4,4.4,1.4,6.11
19,832,ÇORUM,LÂÇ?N,2.06,1.62,2.1,9.59,2.18,0.55,2.94,1.5,0.32,2.8,7.98,4.85,4.9,10.4,4.4,1.4,6.11
28,833,G?RESUN,DEREL?,2.06,1.62,2.1,9.59,2.18,0.55,2.94,1.5,0.32,2.8,7.98,4.85,4.9,10.4,4.4,1.4,6.11
18,834,ÇANKIRI,YAPRAKLI,2.06,1.62,2.1,9.59,2.18,0.55,2.94,1.5,0.32,2.8,7.98,4.85,4.9,10.4,4.4,1.4,6.11
77,835,YALOVA,ALTINOVA,2.06,1.62,2.1,9.59,2.18,0.55,2.94,1.5,0.32,2.8,7.98,4.85,4.9,10.4,4.4,1.4,6.11
54,836,SAKARYA,ERENLER,2.06,1.62,2.1,9.59,2.18,0.55,2.94,1.5,0.32,2.8,7.98,4.85,4.9,10.4,4.4,1.4,6.11
5,837,AMASYA,MERKEZ,2.06,1.62,2.1,9.59,2.18,0.55,2.94,1.5,0.32,2.8,7.98,4.85,4.9,10.4,4.4,1.4,6.11
29,839,GÜMÜ?HANE,KÜRTÜN,2.06,1.62,2.1,9.59,2.18,0.55,2.94,1.5,0.32,2.8,7.98,4.85,4.9,10.4,4.4,1.4,6.11
25,840,ERZURUM,UZUNDERE,2.06,1.62,2.1,9.59,2.18,0.55,2.94,1.5,0.32,2.8,7.98,4.85,4.9,10.4,4.4,1.4,6.11
41,841,KOCAEL?,KARTEPE,2.06,1.62,2.1,9.59,2.18,0.55,2.94,1.5,0.32,2.8,7.98,4.85,4.9,10.4,4.4,1.4,6.11
10,842,BALIKES?R,MARMARA,2.06,1.62,2.1,9.59,2.18,0.55,2.94,1.5,0.32,2.8,7.98,4.85,4.9,10.4,4.4,1.4,6.11
52,843,ORDU,KORGAN,2.06,1.62,2.1,9.59,2.18,0.55,2.94,1.5,0.32,2.8,7.98,4.85,4.9,10.4,4.4,1.4,6.11
14,844,BOLU,YEN?ÇA?A,2.06,1.62,2.1,9.59,2.18,0.55,2.94,1.5,0.32,2.8,7.98,4.85,4.9,10.4,4.4,1.4,6.11
5,845,AMASYA,HAMAMÖZÜ,2.06,1.62,2.1,9.59,2.18,0.55,2.94,1.5,0.32,2.8,7.98,4.85,4.9,10.4,4.4,1.4,6.11
81,846,DÜZCE,GÖLYAKA,2.06,1.62,2.1,9.59,2.18,0.55,2.94,1.5,0.32,2.8,7.98,4.85,4.9,10.4,4.4,1.4,6.11
61,847,TRABZON,ÇAYKARA,2.06,1.62,2.1,9.59,2.18,0.55,2.94,1.5,0.32,2.8,7.98,4.85,4.9,10.4,4.4,1.4,6.11
5,848,AMASYA,SULUOVA,2.06,1.62,2.1,9.59,2.18,0.55,2.94,1.5,0.32,2.8,7.98,4.85,4.9,10.4,4.4,1.4,6.11
19,849,ÇORUM,DODURGA,2.06,1.62,2.1,9.59,2.18,0.55,2.94,1.5,0.32,2.8,7.98,4.85,4.9,10.4,4.4,1.4,6.11
28,850,G?RESUN,DO?ANKENT,2.06,1.62,2.1,9.59,2.18,0.55,2.94,1.5,0.32,2.8,7.98,4.85,4.9,10.4,4.4,1.4,6.11
14,851,BOLU,GEREDE,2.06,1.62,2.1,9.59,2.18,0.55,2.94,1.5,0.32,2.8,7.98,4.85,4.9,10.4,4.4,1.4,6.11
54,852,SAKARYA,AKYAZI,2.06,1.62,2.1,9.59,2.18,0.55,2.94,1.5,0.32,2.8,7.98,4.85,4.9,10.4,4.4,1.4,6.11
60,853,TOKAT,ERBAA,2.06,1.62,2.1,9.59,2.18,0.55,2.94,1.5,0.32,2.8,7.98,4.85,4.9,10.4,4.4,1.4,6.11
81,854,DÜZCE,KAYNA?LI,2.06,1.62,2.1,9.59,2.18,0.55,2.94,1.5,0.32,2.8,7.98,4.85,4.9,10.4,4.4,1.4,6.11
52,855,ORDU,KABADÜZ,2.06,1.62,2.1,9.59,2.18,0.55,2.94,1.5,0.32,2.8,7.98,4.85,4.9,10.4,4.4,1.4,6.11
61,856,TRABZON,KÖPRÜBA?I,2.06,1.62,2.1,9.59,2.18,0.55,2.94,1.5,0.32,2.8,7.98,4.85,4.9,10.4,4.4,1.4,6.11
41,857,KOCAEL?,DARICA,2.06,1.62,2.1,9.59,2.18,0.55,2.94,1.5,0.32,2.8,7.98,4.85,4.9,10.4,4.4,1.4,6.11
61,859,TRABZON,DERNEKPAZARI,2.06,1.62,2.1,9.59,2.18,0.55,2.94,1.5,0.32,2.8,7.98,4.85,4.9,10.4,4.4,1.4,6.11
52,860,ORDU,GÜRGENTEPE,2.06,1.62,2.1,9.59,2.18,0.55,2.94,1.5,0.32,2.8,7.98,4.85,4.9,10.4,4.4,1.4,6.11
52,861,ORDU,ULUBEY,2.06,1.62,2.1,9.59,2.18,0.55,2.94,1.5,0.32,2.8,7.98,4.85,4.9,10.4,4.4,1.4,6.11
54,862,SAKARYA,SERD?VAN,2.06,1.62,2.1,9.59,2.18,0.55,2.94,1.5,0.32,2.8,7.98,4.85,4.9,10.4,4.4,1.4,6.11
81,863,DÜZCE,GÜMÜ?OVA,2.06,1.62,2.1,9.59,2.18,0.55,2.94,1.5,0.32,2.8,7.98,4.85,4.9,10.4,4.4,1.4,6.11
28,864,G?RESUN,YA?LIDERE,2.06,1.62,2.1,9.59,2.18,0.55,2.94,1.5,0.32,2.8,7.98,4.85,4.9,10.4,4.4,1.4,6.11
18,865,ÇANKIRI,ATKARACALAR,2.06,1.62,2.1,9.59,2.18,0.55,2.94,1.5,0.32,2.8,7.98,4.85,4.9,10.4,4.4,1.4,6.11
52,866,ORDU,ÇATALPINAR,2.06,1.62,2.1,9.59,2.18,0.55,2.94,1.5,0.32,2.8,7.98,4.85,4.9,10.4,4.4,1.4,6.11
52,867,ORDU,AKKU?,2.06,1.62,2.1,9.59,2.18,0.55,2.94,1.5,0.32,2.8,7.98,4.85,4.9,10.4,4.4,1.4,6.11
25,868,ERZURUM,?SP?R,2.06,1.62,2.1,9.59,2.18,0.55,2.94,1.5,0.32,2.8,7.98,4.85,4.9,10.4,4.4,1.4,6.11
28,869,G?RESUN,MERKEZ,2.06,1.62,2.1,9.59,2.18,0.55,2.94,1.5,0.32,2.8,7.98,4.85,4.9,10.4,4.4,1.4,6.11
53,870,R?ZE,?K?ZDERE,2.06,1.62,2.1,9.59,2.18,0.55,2.94,1.5,0.32,2.8,7.98,4.85,4.9,10.4,4.4,1.4,6.11
25,871,ERZURUM,OLTU,2.06,1.62,2.1,9.59,2.18,0.55,2.94,1.5,0.32,2.8,7.98,4.85,4.9,10.4,4.4,1.4,6.11
28,872,G?RESUN,GÜCE,2.06,1.62,2.1,9.59,2.18,0.55,2.94,1.5,0.32,2.8,7.98,4.85,4.9,10.4,4.4,1.4,6.11
36,873,KARS,SEL?M,2.06,1.62,2.1,9.59,2.18,0.55,2.94,1.5,0.32,2.8,7.98,4.85,4.9,10.4,4.4,1.4,6.11
52,874,ORDU,ÇAMA?,2.06,1.62,2.1,9.59,2.18,0.55,2.94,1.5,0.32,2.8,7.98,4.85,4.9,10.4,4.4,1.4,6.11
28,875,G?RESUN,BULANCAK,2.06,1.62,2.1,9.59,2.18,0.55,2.94,1.5,0.32,2.8,7.98,4.85,4.9,10.4,4.4,1.4,6.11
5,877,AMASYA,TA?OVA,2.06,1.62,2.1,9.59,2.18,0.55,2.94,1.5,0.32,2.8,7.98,4.85,4.9,10.4,4.4,1.4,6.11
28,878,G?RESUN,P?RAZ?Z,2.06,1.62,2.1,9.59,2.18,0.55,2.94,1.5,0.32,2.8,7.98,4.85,4.9,10.4,4.4,1.4,6.11
41,879,KOCAEL?,ÇAYIROVA,2.06,1.62,2.1,9.59,2.18,0.55,2.94,1.5,0.32,2.8,7.98,4.85,4.9,10.4,4.4,1.4,6.11
61,880,TRABZON,MAÇKA,2.06,1.62,2.1,9.59,2.18,0.55,2.94,1.5,0.32,2.8,7.98,4.85,4.9,10.4,4.4,1.4,6.11
17,881,ÇANAKKALE,GEL?BOLU,2.06,1.62,2.1,9.59,2.18,0.55,2.94,1.5,0.32,2.8,7.98,4.85,4.9,10.4,4.4,1.4,6.11
18,882,ÇANKIRI,KUR?UNLU,2.06,1.62,2.1,9.59,2.18,0.55,2.94,1.5,0.32,2.8,7.98,4.85,4.9,10.4,4.4,1.4,6.11
52,883,ORDU,KUMRU,2.06,1.62,2.1,9.59,2.18,0.55,2.94,1.5,0.32,2.8,7.98,4.85,4.9,10.4,4.4,1.4,6.11
18,884,ÇANKIRI,ÇERKE?,2.06,1.62,2.1,9.59,2.18,0.55,2.94,1.5,0.32,2.8,7.98,4.85,4.9,10.4,4.4,1.4,6.11
28,885,G?RESUN,ÇANAKÇI,2.06,1.62,2.1,9.59,2.18,0.55,2.94,1.5,0.32,2.8,7.98,4.85,4.9,10.4,4.4,1.4,6.11
34,886,?STANBUL,ADALAR,2.06,1.62,2.1,9.59,2.18,0.55,2.94,1.5,0.32,2.8,7.98,4.85,4.9,10.4,4.4,1.4,6.11
52,887,ORDU,GÜLYALI,2.06,1.62,2.1,9.59,2.18,0.55,2.94,1.5,0.32,2.8,7.98,4.85,4.9,10.4,4.4,1.4,6.11
81,888,DÜZCE,Ç?L?ML?,2.06,1.62,2.1,9.59,2.18,0.55,2.94,1.5,0.32,2.8,7.98,4.85,4.9,10.4,4.4,1.4,6.11
19,889,ÇORUM,?SK?L?P,2.06,1.62,2.1,9.59,2.18,0.55,2.94,1.5,0.32,2.8,7.98,4.85,4.9,10.4,4.4,1.4,6.11
55,890,SAMSUN,LAD?K,2.06,1.62,2.1,9.59,2.18,0.55,2.94,1.5,0.32,2.8,7.98,4.85,4.9,10.4,4.4,1.4,6.11
41,891,KOCAEL?,D?LOVASI,2.06,1.62,2.1,9.59,2.18,0.55,2.94,1.5,0.32,2.8,7.98,4.85,4.9,10.4,4.4,1.4,6.11
61,892,TRABZON,DÜZKÖY,2.06,1.62,2.1,9.59,2.18,0.55,2.94,1.5,0.32,2.8,7.98,4.85,4.9,10.4,4.4,1.4,6.11
28,893,G?RESUN,ESP?YE,2.06,1.62,2.1,9.59,2.18,0.55,2.94,1.5,0.32,2.8,7.98,4.85,4.9,10.4,4.4,1.4,6.11
28,895,G?RESUN,KE?AP,2.06,1.62,2.1,9.59,2.18,0.55,2.94,1.5,0.32,2.8,7.98,4.85,4.9,10.4,4.4,1.4,6.11
14,897,BOLU,MERKEZ,2.06,1.62,2.1,9.59,2.18,0.55,2.94,1.5,0.32,2.8,7.98,4.85,4.9,10.4,4.4,1.4,6.11
54,898,SAKARYA,HENDEK,2.06,1.62,2.1,9.59,2.18,0.55,2.94,1.5,0.32,2.8,7.98,4.85,4.9,10.4,4.4,1.4,6.11
61,899,TRABZON,HAYRAT,2.06,1.62,2.1,9.59,2.18,0.55,2.94,1.5,0.32,2.8,7.98,4.85,4.9,10.4,4.4,1.4,6.11
61,900,TRABZON,SÜRMENE,2.06,1.62,2.1,9.59,2.18,0.55,2.94,1.5,0.32,2.8,7.98,4.85,4.9,10.4,4.4,1.4,6.11
81,901,DÜZCE,CUMAYER?,2.06,1.62,2.1,9.59,2.18,0.55,2.94,1.5,0.32,2.8,7.98,4.85,4.9,10.4,4.4,1.4,6.11
61,902,TRABZON,TONYA,2.06,1.62,2.1,9.59,2.18,0.55,2.94,1.5,0.32,2.8,7.98,4.85,4.9,10.4,4.4,1.4,6.11
5,903,AMASYA,MERZ?FON,2.06,1.62,2.1,9.59,2.18,0.55,2.94,1.5,0.32,2.8,7.98,4.85,4.9,10.4,4.4,1.4,6.11
54,904,SAKARYA,ADAPAZARI,2.06,1.62,2.1,9.59,2.18,0.55,2.94,1.5,0.32,2.8,7.98,4.85,4.9,10.4,4.4,1.4,6.11
52,905,ORDU,MERKEZ,2.06,1.62,2.1,9.59,2.18,0.55,2.94,1.5,0.32,2.8,7.98,4.85,4.9,10.4,4.4,1.4,6.11
61,906,TRABZON,?ALPAZARI,2.06,1.62,2.1,9.59,2.18,0.55,2.94,1.5,0.32,2.8,7.98,4.85,4.9,10.4,4.4,1.4,6.11
25,908,ERZURUM,?ENKAYA,2.06,1.62,2.1,9.59,2.18,0.55,2.94,1.5,0.32,2.8,7.98,4.85,4.9,10.4,4.4,1.4,6.11
61,909,TRABZON,ARAKLI,2.06,1.62,2.1,9.59,2.18,0.55,2.94,1.5,0.32,2.8,7.98,4.85,4.9,10.4,4.4,1.4,6.11
81,910,DÜZCE,MERKEZ,2.06,1.62,2.1,9.59,2.18,0.55,2.94,1.5,0.32,2.8,7.98,4.85,4.9,10.4,4.4,1.4,6.11
61,911,TRABZON,ARS?N,2.06,1.62,2.1,9.59,2.18,0.55,2.94,1.5,0.32,2.8,7.98,4.85,4.9,10.4,4.4,1.4,6.11
18,912,ÇANKIRI,ILGAZ,2.06,1.62,2.1,9.59,2.18,0.55,2.94,1.5,0.32,2.8,7.98,4.85,4.9,10.4,4.4,1.4,6.11
61,913,TRABZON,YOMRA,2.06,1.62,2.1,9.59,2.18,0.55,2.94,1.5,0.32,2.8,7.98,4.85,4.9,10.4,4.4,1.4,6.11
14,914,BOLU,MENGEN,2.06,1.62,2.1,9.59,2.18,0.55,2.94,1.5,0.32,2.8,7.98,4.85,4.9,10.4,4.4,1.4,6.11
41,915,KOCAEL?,?ZM?T,2.06,1.62,2.1,9.59,2.18,0.55,2.94,1.5,0.32,2.8,7.98,4.85,4.9,10.4,4.4,1.4,6.11
59,916,TEK?RDA?,?ARKÖY,2.06,1.62,2.1,9.59,2.18,0.55,2.94,1.5,0.32,2.8,7.98,4.85,4.9,10.4,4.4,1.4,6.11
54,917,SAKARYA,SÖ?ÜTLÜ,2.06,1.62,2.1,9.59,2.18,0.55,2.94,1.5,0.32,2.8,7.98,4.85,4.9,10.4,4.4,1.4,6.11
52,918,ORDU,ÇAYBA?I,2.06,1.62,2.1,9.59,2.18,0.55,2.94,1.5,0.32,2.8,7.98,4.85,4.9,10.4,4.4,1.4,6.11
78,919,KARABÜK,ESK?PAZAR,2.06,1.62,2.1,9.59,2.18,0.55,2.94,1.5,0.32,2.8,7.98,4.85,4.9,10.4,4.4,1.4,6.11
36,920,KARS,MERKEZ,2.06,1.62,2.1,9.59,2.18,0.55,2.94,1.5,0.32,2.8,7.98,4.85,4.9,10.4,4.4,1.4,6.11
5,921,AMASYA,GÜMÜ?HACIKÖY,2.06,1.62,2.1,9.59,2.18,0.55,2.94,1.5,0.32,2.8,7.98,4.85,4.9,10.4,4.4,1.4,6.11
53,922,R?ZE,KALKANDERE,2.06,1.62,2.1,9.59,2.18,0.55,2.94,1.5,0.32,2.8,7.98,4.85,4.9,10.4,4.4,1.4,6.11
18,923,ÇANKIRI,BAYRAMÖREN,2.06,1.62,2.1,9.59,2.18,0.55,2.94,1.5,0.32,2.8,7.98,4.85,4.9,10.4,4.4,1.4,6.11
34,924,?STANBUL,KARTAL,2.06,1.62,2.1,9.59,2.18,0.55,2.94,1.5,0.32,2.8,7.98,4.85,4.9,10.4,4.4,1.4,6.11
55,925,SAMSUN,AYVACIK,2.06,1.62,2.1,9.59,2.18,0.55,2.94,1.5,0.32,2.8,7.98,4.85,4.9,10.4,4.4,1.4,6.11
52,926,ORDU,FATSA,2.06,1.62,2.1,9.59,2.18,0.55,2.94,1.5,0.32,2.8,7.98,4.85,4.9,10.4,4.4,1.4,6.11
28,927,G?RESUN,T?REBOLU,2.06,1.62,2.1,9.59,2.18,0.55,2.94,1.5,0.32,2.8,7.98,4.85,4.9,10.4,4.4,1.4,6.11
61,928,TRABZON,MERKEZ,2.06,1.62,2.1,9.59,2.18,0.55,2.94,1.5,0.32,2.8,7.98,4.85,4.9,10.4,4.4,1.4,6.11
61,929,TRABZON,OF,2.06,1.62,2.1,9.59,2.18,0.55,2.94,1.5,0.32,2.8,7.98,4.85,4.9,10.4,4.4,1.4,6.11
34,930,?STANBUL,TUZLA,2.06,1.62,2.1,9.59,2.18,0.55,2.94,1.5,0.32,2.8,7.98,4.85,4.9,10.4,4.4,1.4,6.11
55,931,SAMSUN,ASARCIK,2.06,1.62,2.1,9.59,2.18,0.55,2.94,1.5,0.32,2.8,7.98,4.85,4.9,10.4,4.4,1.4,6.11
28,932,G?RESUN,GÖRELE,2.06,1.62,2.1,9.59,2.18,0.55,2.94,1.5,0.32,2.8,7.98,4.85,4.9,10.4,4.4,1.4,6.11
22,933,ED?RNE,ENEZ,2.06,1.62,2.1,9.59,2.18,0.55,2.94,1.5,0.32,2.8,7.98,4.85,4.9,10.4,4.4,1.4,6.11
34,934,?STANBUL,MALTEPE,2.06,1.62,2.1,9.59,2.18,0.55,2.94,1.5,0.32,2.8,7.98,4.85,4.9,10.4,4.4,1.4,6.11
41,935,KOCAEL?,DER?NCE,2.06,1.62,2.1,9.59,2.18,0.55,2.94,1.5,0.32,2.8,7.98,4.85,4.9,10.4,4.4,1.4,6.11
81,936,DÜZCE,YI?ILCA,2.06,1.62,2.1,9.59,2.18,0.55,2.94,1.5,0.32,2.8,7.98,4.85,4.9,10.4,4.4,1.4,6.11
52,937,ORDU,?K?ZCE,2.06,1.62,2.1,9.59,2.18,0.55,2.94,1.5,0.32,2.8,7.98,4.85,4.9,10.4,4.4,1.4,6.11
34,938,?STANBUL,SULTANBEYL?,2.06,1.62,2.1,9.59,2.18,0.55,2.94,1.5,0.32,2.8,7.98,4.85,4.9,10.4,4.4,1.4,6.11
53,939,R?ZE,?Y?DERE,2.06,1.62,2.1,9.59,2.18,0.55,2.94,1.5,0.32,2.8,7.98,4.85,4.9,10.4,4.4,1.4,6.11
53,940,R?ZE,GÜNEYSU,2.06,1.62,2.1,9.59,2.18,0.55,2.94,1.5,0.32,2.8,7.98,4.85,4.9,10.4,4.4,1.4,6.11
41,941,KOCAEL?,KÖRFEZ,2.06,1.62,2.1,9.59,2.18,0.55,2.94,1.5,0.32,2.8,7.98,4.85,4.9,10.4,4.4,1.4,6.11
61,942,TRABZON,BE??KDÜZÜ,2.06,1.62,2.1,9.59,2.18,0.55,2.94,1.5,0.32,2.8,7.98,4.85,4.9,10.4,4.4,1.4,6.11
61,943,TRABZON,VAKFIKEB?R,2.06,1.62,2.1,9.59,2.18,0.55,2.94,1.5,0.32,2.8,7.98,4.85,4.9,10.4,4.4,1.4,6.11
28,944,G?RESUN,EYNES?L,2.06,1.62,2.1,9.59,2.18,0.55,2.94,1.5,0.32,2.8,7.98,4.85,4.9,10.4,4.4,1.4,6.11
34,945,?STANBUL,ATA?EH?R,2.06,1.62,2.1,9.59,2.18,0.55,2.94,1.5,0.32,2.8,7.98,4.85,4.9,10.4,4.4,1.4,6.11
53,946,R?ZE,DEREPAZARI,2.06,1.62,2.1,9.59,2.18,0.55,2.94,1.5,0.32,2.8,7.98,4.85,4.9,10.4,4.4,1.4,6.11
54,947,SAKARYA,KOCAAL?,2.06,1.62,2.1,9.59,2.18,0.55,2.94,1.5,0.32,2.8,7.98,4.85,4.9,10.4,4.4,1.4,6.11
34,948,?STANBUL,KADIKÖY,2.06,1.62,2.1,9.59,2.18,0.55,2.94,1.5,0.32,2.8,7.98,4.85,4.9,10.4,4.4,1.4,6.11
34,949,?STANBUL,BAKIRKÖY,2.06,1.62,2.1,9.59,2.18,0.55,2.94,1.5,0.32,2.8,7.98,4.85,4.9,10.4,4.4,1.4,6.11
54,950,SAKARYA,FER?ZL?,2.06,1.62,2.1,9.59,2.18,0.55,2.94,1.5,0.32,2.8,7.98,4.85,4.9,10.4,4.4,1.4,6.11
52,951,ORDU,PER?EMBE,2.06,1.62,2.1,9.59,2.18,0.55,2.94,1.5,0.32,2.8,7.98,4.85,4.9,10.4,4.4,1.4,6.11
41,952,KOCAEL?,GEBZE,2.06,1.62,2.1,9.59,2.18,0.55,2.94,1.5,0.32,2.8,7.98,4.85,4.9,10.4,4.4,1.4,6.11
52,953,ORDU,ÜNYE,2.06,1.62,2.1,9.59,2.18,0.55,2.94,1.5,0.32,2.8,7.98,4.85,4.9,10.4,4.4,1.4,6.11
81,954,DÜZCE,AKÇAKOCA,2.06,1.62,2.1,9.59,2.18,0.55,2.94,1.5,0.32,2.8,7.98,4.85,4.9,10.4,4.4,1.4,6.11
25,955,ERZURUM,OLUR,2.06,1.62,2.1,9.59,2.18,0.55,2.94,1.5,0.32,2.8,7.98,4.85,4.9,10.4,4.4,1.4,6.11
61,956,TRABZON,AKÇAABAT,2.06,1.62,2.1,9.59,2.18,0.55,2.94,1.5,0.32,2.8,7.98,4.85,4.9,10.4,4.4,1.4,6.11
78,957,KARABÜK,OVACIK,2.06,1.62,2.1,9.59,2.18,0.55,2.94,1.5,0.32,2.8,7.98,4.85,4.9,10.4,4.4,1.4,6.11
34,958,?STANBUL,ZEYT?NBURNU,2.06,1.62,2.1,9.59,2.18,0.55,2.94,1.5,0.32,2.8,7.98,4.85,4.9,10.4,4.4,1.4,6.11
34,959,?STANBUL,BEYL?KDÜZÜ,2.06,1.62,2.1,9.59,2.18,0.55,2.94,1.5,0.32,2.8,7.98,4.85,4.9,10.4,4.4,1.4,6.11
34,960,?STANBUL,BAHÇEL?EVLER,2.06,1.62,2.1,9.59,2.18,0.55,2.94,1.5,0.32,2.8,7.98,4.85,4.9,10.4,4.4,1.4,6.11
34,961,?STANBUL,SANCAKTEPE,2.06,1.62,2.1,9.59,2.18,0.55,2.94,1.5,0.32,2.8,7.98,4.85,4.9,10.4,4.4,1.4,6.11
61,962,TRABZON,ÇAR?IBA?I,2.06,1.62,2.1,9.59,2.18,0.55,2.94,1.5,0.32,2.8,7.98,4.85,4.9,10.4,4.4,1.4,6.11
34,963,?STANBUL,PEND?K,2.06,1.62,2.1,9.59,2.18,0.55,2.94,1.5,0.32,2.8,7.98,4.85,4.9,10.4,4.4,1.4,6.11
34,964,?STANBUL,FAT?H,2.06,1.62,2.1,9.59,2.18,0.55,2.94,1.5,0.32,2.8,7.98,4.85,4.9,10.4,4.4,1.4,6.11
34,965,?STANBUL,GÜNGÖREN,2.06,1.62,2.1,9.59,2.18,0.55,2.94,1.5,0.32,2.8,7.98,4.85,4.9,10.4,4.4,1.4,6.11
55,966,SAMSUN,SALIPAZARI,2.06,1.62,2.1,9.59,2.18,0.55,2.94,1.5,0.32,2.8,7.98,4.85,4.9,10.4,4.4,1.4,6.11
37,967,KASTAMONU,TOSYA,2.06,1.62,2.1,9.59,2.18,0.55,2.94,1.5,0.32,2.8,7.98,4.85,4.9,10.4,4.4,1.4,6.11
53,968,R?ZE,MERKEZ,2.06,1.62,2.1,9.59,2.18,0.55,2.94,1.5,0.32,2.8,7.98,4.85,4.9,10.4,4.4,1.4,6.11
34,969,?STANBUL,ÜMRAN?YE,2.06,1.62,2.1,9.59,2.18,0.55,2.94,1.5,0.32,2.8,7.98,4.85,4.9,10.4,4.4,1.4,6.11
34,970,?STANBUL,BEYO?LU,2.06,1.62,2.1,9.59,2.18,0.55,2.94,1.5,0.32,2.8,7.98,4.85,4.9,10.4,4.4,1.4,6.11
53,971,R?ZE,HEM??N,2.06,1.62,2.1,9.59,2.18,0.55,2.94,1.5,0.32,2.8,7.98,4.85,4.9,10.4,4.4,1.4,6.11
34,972,?STANBUL,KÜÇÜKÇEKMECE,2.06,1.62,2.1,9.59,2.18,0.55,2.94,1.5,0.32,2.8,7.98,4.85,4.9,10.4,4.4,1.4,6.11
34,973,?STANBUL,ÜSKÜDAR,2.06,1.62,2.1,9.59,2.18,0.55,2.94,1.5,0.32,2.8,7.98,4.85,4.9,10.4,4.4,1.4,6.11
34,974,?STANBUL,BA?CILAR,2.06,1.62,2.1,9.59,2.18,0.55,2.94,1.5,0.32,2.8,7.98,4.85,4.9,10.4,4.4,1.4,6.11
36,975,KARS,SUSUZ,2.06,1.62,2.1,9.59,2.18,0.55,2.94,1.5,0.32,2.8,7.98,4.85,4.9,10.4,4.4,1.4,6.11
34,976,?STANBUL,BAYRAMPA?A,2.06,1.62,2.1,9.59,2.18,0.55,2.94,1.5,0.32,2.8,7.98,4.85,4.9,10.4,4.4,1.4,6.11
34,977,?STANBUL,???L?,2.06,1.62,2.1,9.59,2.18,0.55,2.94,1.5,0.32,2.8,7.98,4.85,4.9,10.4,4.4,1.4,6.11
54,978,SAKARYA,KARASU,2.06,1.62,2.1,9.59,2.18,0.55,2.94,1.5,0.32,2.8,7.98,4.85,4.9,10.4,4.4,1.4,6.11
34,979,?STANBUL,GAZ? OSMANPA?A,2.06,1.62,2.1,9.59,2.18,0.55,2.94,1.5,0.32,2.8,7.98,4.85,4.9,10.4,4.4,1.4,6.11
34,980,?STANBUL,BE??KTA?,2.06,1.62,2.1,9.59,2.18,0.55,2.94,1.5,0.32,2.8,7.98,4.85,4.9,10.4,4.4,1.4,6.11
53,981,R?ZE,ÇAMLIHEM??N,2.06,1.62,2.1,9.59,2.18,0.55,2.94,1.5,0.32,2.8,7.98,4.85,4.9,10.4,4.4,1.4,6.11
67,982,ZONGULDAK,ALAPLI,2.06,1.62,2.1,9.59,2.18,0.55,2.94,1.5,0.32,2.8,7.98,4.85,4.9,10.4,4.4,1.4,6.11
19,983,ÇORUM,OSMANCIK,2.06,1.62,2.1,9.59,2.18,0.55,2.94,1.5,0.32,2.8,7.98,4.85,4.9,10.4,4.4,1.4,6.11
34,984,?STANBUL,ESENYURT,2.06,1.62,2.1,9.59,2.18,0.55,2.94,1.5,0.32,2.8,7.98,4.85,4.9,10.4,4.4,1.4,6.11
34,985,?STANBUL,KA?ITHANE,2.06,1.62,2.1,9.59,2.18,0.55,2.94,1.5,0.32,2.8,7.98,4.85,4.9,10.4,4.4,1.4,6.11
34,986,?STANBUL,ESENLER,2.06,1.62,2.1,9.59,2.18,0.55,2.94,1.5,0.32,2.8,7.98,4.85,4.9,10.4,4.4,1.4,6.11
34,987,?STANBUL,ÇEKMEKÖY,2.06,1.62,2.1,9.59,2.18,0.55,2.94,1.5,0.32,2.8,7.98,4.85,4.9,10.4,4.4,1.4,6.11
75,988,ARDAHAN,GÖLE,2.06,1.62,2.1,9.59,2.18,0.55,2.94,1.5,0.32,2.8,7.98,4.85,4.9,10.4,4.4,1.4,6.11
34,989,?STANBUL,AVCILAR,2.06,1.62,2.1,9.59,2.18,0.55,2.94,1.5,0.32,2.8,7.98,4.85,4.9,10.4,4.4,1.4,6.11
54,990,SAKARYA,KAYNARCA,2.06,1.62,2.1,9.59,2.18,0.55,2.94,1.5,0.32,2.8,7.98,4.85,4.9,10.4,4.4,1.4,6.11
55,991,SAMSUN,TEKKEKÖY,2.06,1.62,2.1,9.59,2.18,0.55,2.94,1.5,0.32,2.8,7.98,4.85,4.9,10.4,4.4,1.4,6.11
8,992,ARTV?N,YUSUFEL?,2.06,1.62,2.1,9.59,2.18,0.55,2.94,1.5,0.32,2.8,7.98,4.85,4.9,10.4,4.4,1.4,6.11
53,993,R?ZE,ÇAYEL?,2.06,1.62,2.1,9.59,2.18,0.55,2.94,1.5,0.32,2.8,7.98,4.85,4.9,10.4,4.4,1.4,6.11
36,994,KARS,AKYAKA,2.06,1.62,2.1,9.59,2.18,0.55,2.94,1.5,0.32,2.8,7.98,4.85,4.9,10.4,4.4,1.4,6.11
55,995,SAMSUN,HAVZA,2.06,1.62,2.1,9.59,2.18,0.55,2.94,1.5,0.32,2.8,7.98,4.85,4.9,10.4,4.4,1.4,6.11
55,996,SAMSUN,CAN?K,2.06,1.62,2.1,9.59,2.18,0.55,2.94,1.5,0.32,2.8,7.98,4.85,4.9,10.4,4.4,1.4,6.11
55,997,SAMSUN,KAVAK,2.06,1.62,2.1,9.59,2.18,0.55,2.94,1.5,0.32,2.8,7.98,4.85,4.9,10.4,4.4,1.4,6.11
34,998,?STANBUL,BÜYÜKÇEKMECE,2.06,1.62,2.1,9.59,2.18,0.55,2.94,1.5,0.32,2.8,7.98,4.85,4.9,10.4,4.4,1.4,6.11
59,999,TEK?RDA?,MARMARA ERE?L?S?,2.06,1.62,2.1,9.59,2.18,0.55,2.94,1.5,0.32,2.8,7.98,4.85,4.9,10.4,4.4,1.4,6.11
41,1000,KOCAEL?,KANDIRA,2.06,1.62,2.1,9.59,2.18,0.55,2.94,1.5,0.32,2.8,7.98,4.85,4.9,10.4,4.4,1.4,6.11
34,1001,?STANBUL,BA?AK?EH?R,2.06,1.62,2.1,9.59,2.18,0.55,2.94,1.5,0.32,2.8,7.98,4.85,4.9,10.4,4.4,1.4,6.11
34,1002,?STANBUL,SULTANGAZ?,2.06,1.62,2.1,9.59,2.18,0.55,2.94,1.5,0.32,2.8,7.98,4.85,4.9,10.4,4.4,1.4,6.11
37,1003,KASTAMONU,?HSANGAZ?,2.06,1.62,2.1,9.59,2.18,0.55,2.94,1.5,0.32,2.8,7.98,4.85,4.9,10.4,4.4,1.4,6.11
19,1004,ÇORUM,KARGI,2.06,1.62,2.1,9.59,2.18,0.55,2.94,1.5,0.32,2.8,7.98,4.85,4.9,10.4,4.4,1.4,6.11
53,1005,R?ZE,PAZAR,2.06,1.62,2.1,9.59,2.18,0.55,2.94,1.5,0.32,2.8,7.98,4.85,4.9,10.4,4.4,1.4,6.11
55,1006,SAMSUN,MERKEZ,2.06,1.62,2.1,9.59,2.18,0.55,2.94,1.5,0.32,2.8,7.98,4.85,4.9,10.4,4.4,1.4,6.11
22,1007,ED?RNE,KE?AN,2.06,1.62,2.1,9.59,2.18,0.55,2.94,1.5,0.32,2.8,7.98,4.85,4.9,10.4,4.4,1.4,6.11
34,1008,?STANBUL,??LE,2.06,1.62,2.1,9.59,2.18,0.55,2.94,1.5,0.32,2.8,7.98,4.85,4.9,10.4,4.4,1.4,6.11
55,1009,SAMSUN,VEZ?RKÖPRÜ,2.06,1.62,2.1,9.59,2.18,0.55,2.94,1.5,0.32,2.8,7.98,4.85,4.9,10.4,4.4,1.4,6.11
78,1010,KARABÜK,YEN?CE,2.06,1.62,2.1,9.59,2.18,0.55,2.94,1.5,0.32,2.8,7.98,4.85,4.9,10.4,4.4,1.4,6.11
55,1011,SAMSUN,TERME,2.06,1.62,2.1,9.59,2.18,0.55,2.94,1.5,0.32,2.8,7.98,4.85,4.9,10.4,4.4,1.4,6.11
34,1012,?STANBUL,BEYKOZ,2.06,1.62,2.1,9.59,2.18,0.55,2.94,1.5,0.32,2.8,7.98,4.85,4.9,10.4,4.4,1.4,6.11
67,1013,ZONGULDAK,DEVREK,2.06,1.62,2.1,9.59,2.18,0.55,2.94,1.5,0.32,2.8,7.98,4.85,4.9,10.4,4.4,1.4,6.11
36,1014,KARS,ARPAÇAY,2.06,1.62,2.1,9.59,2.18,0.55,2.94,1.5,0.32,2.8,7.98,4.85,4.9,10.4,4.4,1.4,6.11
78,1015,KARABÜK,MERKEZ,2.06,1.62,2.1,9.59,2.18,0.55,2.94,1.5,0.32,2.8,7.98,4.85,4.9,10.4,4.4,1.4,6.11
59,1016,TEK?RDA?,MALKARA,2.06,1.62,2.1,9.59,2.18,0.55,2.94,1.5,0.32,2.8,7.98,4.85,4.9,10.4,4.4,1.4,6.11
22,1017,ED?RNE,?PSALA,2.06,1.62,2.1,9.59,2.18,0.55,2.94,1.5,0.32,2.8,7.98,4.85,4.9,10.4,4.4,1.4,6.11
57,1018,S?NOP,SARAYDÜZÜ,2.06,1.62,2.1,9.59,2.18,0.55,2.94,1.5,0.32,2.8,7.98,4.85,4.9,10.4,4.4,1.4,6.11
55,1019,SAMSUN,ÇAR?AMBA,2.06,1.62,2.1,9.59,2.18,0.55,2.94,1.5,0.32,2.8,7.98,4.85,4.9,10.4,4.4,1.4,6.11
53,1020,R?ZE,ARDE?EN,2.06,1.62,2.1,9.59,2.18,0.55,2.94,1.5,0.32,2.8,7.98,4.85,4.9,10.4,4.4,1.4,6.11
59,1021,TEK?RDA?,MERKEZ,2.06,1.62,2.1,9.59,2.18,0.55,2.94,1.5,0.32,2.8,7.98,4.85,4.9,10.4,4.4,1.4,6.11
37,1022,KASTAMONU,ARAÇ,2.06,1.62,2.1,9.59,2.18,0.55,2.94,1.5,0.32,2.8,7.98,4.85,4.9,10.4,4.4,1.4,6.11
67,1023,ZONGULDAK,GÖKÇEBEY,2.06,1.62,2.1,9.59,2.18,0.55,2.94,1.5,0.32,2.8,7.98,4.85,4.9,10.4,4.4,1.4,6.11
34,1024,?STANBUL,SARIYER,2.06,1.62,2.1,9.59,2.18,0.55,2.94,1.5,0.32,2.8,7.98,4.85,4.9,10.4,4.4,1.4,6.11
67,1025,ZONGULDAK,ERE?L?,2.06,1.62,2.1,9.59,2.18,0.55,2.94,1.5,0.32,2.8,7.98,4.85,4.9,10.4,4.4,1.4,6.11
55,1026,SAMSUN,ATAKUM,2.06,1.62,2.1,9.59,2.18,0.55,2.94,1.5,0.32,2.8,7.98,4.85,4.9,10.4,4.4,1.4,6.11
34,1027,?STANBUL,EYÜP,2.06,1.62,2.1,9.59,2.18,0.55,2.94,1.5,0.32,2.8,7.98,4.85,4.9,10.4,4.4,1.4,6.11
59,1028,TEK?RDA?,ÇORLU,2.06,1.62,2.1,9.59,2.18,0.55,2.94,1.5,0.32,2.8,7.98,4.85,4.9,10.4,4.4,1.4,6.11
8,1029,ARTV?N,ARDANUÇ,2.06,1.62,2.1,9.59,2.18,0.55,2.94,1.5,0.32,2.8,7.98,4.85,4.9,10.4,4.4,1.4,6.11
53,1030,R?ZE,FINDIKLI,2.06,1.62,2.1,9.59,2.18,0.55,2.94,1.5,0.32,2.8,7.98,4.85,4.9,10.4,4.4,1.4,6.11
59,1031,TEK?RDA?,MURATLI,2.06,1.62,2.1,9.59,2.18,0.55,2.94,1.5,0.32,2.8,7.98,4.85,4.9,10.4,4.4,1.4,6.11
67,1032,ZONGULDAK,KOZLU,2.06,1.62,2.1,9.59,2.18,0.55,2.94,1.5,0.32,2.8,7.98,4.85,4.9,10.4,4.4,1.4,6.11
75,1033,ARDAHAN,MERKEZ,2.06,1.62,2.1,9.59,2.18,0.55,2.94,1.5,0.32,2.8,7.98,4.85,4.9,10.4,4.4,1.4,6.11
8,1034,ARTV?N,MURGUL,2.06,1.62,2.1,9.59,2.18,0.55,2.94,1.5,0.32,2.8,7.98,4.85,4.9,10.4,4.4,1.4,6.11
67,1035,ZONGULDAK,MERKEZ,2.06,1.62,2.1,9.59,2.18,0.55,2.94,1.5,0.32,2.8,7.98,4.85,4.9,10.4,4.4,1.4,6.11
34,1036,?STANBUL,ARNAVUTKÖY,2.06,1.62,2.1,9.59,2.18,0.55,2.94,1.5,0.32,2.8,7.98,4.85,4.9,10.4,4.4,1.4,6.11
59,1037,TEK?RDA?,ÇERKEZKÖY,2.06,1.62,2.1,9.59,2.18,0.55,2.94,1.5,0.32,2.8,7.98,4.85,4.9,10.4,4.4,1.4,6.11
8,1038,ARTV?N,ARHAV?,2.06,1.62,2.1,9.59,2.18,0.55,2.94,1.5,0.32,2.8,7.98,4.85,4.9,10.4,4.4,1.4,6.11
34,1039,?STANBUL,S?L?VR?,2.06,1.62,2.1,9.59,2.18,0.55,2.94,1.5,0.32,2.8,7.98,4.85,4.9,10.4,4.4,1.4,6.11
8,1040,ARTV?N,MERKEZ,2.06,1.62,2.1,9.59,2.18,0.55,2.94,1.5,0.32,2.8,7.98,4.85,4.9,10.4,4.4,1.4,6.11
37,1041,KASTAMONU,MERKEZ,2.06,1.62,2.1,9.59,2.18,0.55,2.94,1.5,0.32,2.8,7.98,4.85,4.9,10.4,4.4,1.4,6.11
78,1042,KARABÜK,SAFRANBOLU,2.06,1.62,2.1,9.59,2.18,0.55,2.94,1.5,0.32,2.8,7.98,4.85,4.9,10.4,4.4,1.4,6.11
67,1043,ZONGULDAK,K?L?ML?,2.06,1.62,2.1,9.59,2.18,0.55,2.94,1.5,0.32,2.8,7.98,4.85,4.9,10.4,4.4,1.4,6.11
59,1044,TEK?RDA?,KAPAKLI,2.06,1.62,2.1,9.59,2.18,0.55,2.94,1.5,0.32,2.8,7.98,4.85,4.9,10.4,4.4,1.4,6.11
78,1045,KARABÜK,EFLAN?,2.06,1.62,2.1,9.59,2.18,0.55,2.94,1.5,0.32,2.8,7.98,4.85,4.9,10.4,4.4,1.4,6.11
57,1046,S?NOP,DURA?AN,2.06,1.62,2.1,9.59,2.18,0.55,2.94,1.5,0.32,2.8,7.98,4.85,4.9,10.4,4.4,1.4,6.11
8,1047,ARTV?N,HOPA,2.06,1.62,2.1,9.59,2.18,0.55,2.94,1.5,0.32,2.8,7.98,4.85,4.9,10.4,4.4,1.4,6.11
67,1048,ZONGULDAK,ÇAYCUMA,2.06,1.62,2.1,9.59,2.18,0.55,2.94,1.5,0.32,2.8,7.98,4.85,4.9,10.4,4.4,1.4,6.11
59,1049,TEK?RDA?,HAYRABOLU,2.06,1.62,2.1,9.59,2.18,0.55,2.94,1.5,0.32,2.8,7.98,4.85,4.9,10.4,4.4,1.4,6.11
22,1050,ED?RNE,MER?Ç,2.06,1.62,2.1,9.59,2.18,0.55,2.94,1.5,0.32,2.8,7.98,4.85,4.9,10.4,4.4,1.4,6.11
37,1051,KASTAMONU,DADAY,2.06,1.62,2.1,9.59,2.18,0.55,2.94,1.5,0.32,2.8,7.98,4.85,4.9,10.4,4.4,1.4,6.11
55,1052,SAMSUN,19 MAYIS,2.06,1.62,2.1,9.59,2.18,0.55,2.94,1.5,0.32,2.8,7.98,4.85,4.9,10.4,4.4,1.4,6.11
59,1053,TEK?RDA?,ERGENE,2.06,1.62,2.1,9.59,2.18,0.55,2.94,1.5,0.32,2.8,7.98,4.85,4.9,10.4,4.4,1.4,6.11
75,1054,ARDAHAN,ÇILDIR,2.06,1.62,2.1,9.59,2.18,0.55,2.94,1.5,0.32,2.8,7.98,4.85,4.9,10.4,4.4,1.4,6.11
75,1055,ARDAHAN,DAMAL,2.06,1.62,2.1,9.59,2.18,0.55,2.94,1.5,0.32,2.8,7.98,4.85,4.9,10.4,4.4,1.4,6.11
75,1056,ARDAHAN,HANAK,2.06,1.62,2.1,9.59,2.18,0.55,2.94,1.5,0.32,2.8,7.98,4.85,4.9,10.4,4.4,1.4,6.11
55,1057,SAMSUN,ALAÇAM,2.06,1.62,2.1,9.59,2.18,0.55,2.94,1.5,0.32,2.8,7.98,4.85,4.9,10.4,4.4,1.4,6.11
55,1058,SAMSUN,YAKAKENT,2.06,1.62,2.1,9.59,2.18,0.55,2.94,1.5,0.32,2.8,7.98,4.85,4.9,10.4,4.4,1.4,6.11
8,1059,ARTV?N,KEMALPA?A,2.06,1.62,2.1,9.59,2.18,0.55,2.94,1.5,0.32,2.8,7.98,4.85,4.9,10.4,4.4,1.4,6.11
57,1060,S?NOP,D?KMEN,2.06,1.62,2.1,9.59,2.18,0.55,2.94,1.5,0.32,2.8,7.98,4.85,4.9,10.4,4.4,1.4,6.11
57,1061,S?NOP,BOYABAT,2.06,1.62,2.1,9.59,2.18,0.55,2.94,1.5,0.32,2.8,7.98,4.85,4.9,10.4,4.4,1.4,6.11
8,1062,ARTV?N,BORÇKA,2.06,1.62,2.1,9.59,2.18,0.55,2.94,1.5,0.32,2.8,7.98,4.85,4.9,10.4,4.4,1.4,6.11
39,1063,KIRKLAREL?,PEHL?VANKÖY,2.06,1.62,2.1,9.59,2.18,0.55,2.94,1.5,0.32,2.8,7.98,4.85,4.9,10.4,4.4,1.4,6.11
8,1064,ARTV?N,?AV?AT,2.06,1.62,2.1,9.59,2.18,0.55,2.94,1.5,0.32,2.8,7.98,4.85,4.9,10.4,4.4,1.4,6.11
22,1065,ED?RNE,UZUNKÖPRÜ,2.06,1.62,2.1,9.59,2.18,0.55,2.94,1.5,0.32,2.8,7.98,4.85,4.9,10.4,4.4,1.4,6.11
55,1066,SAMSUN,BAFRA,2.06,1.62,2.1,9.59,2.18,0.55,2.94,1.5,0.32,2.8,7.98,4.85,4.9,10.4,4.4,1.4,6.11
37,1067,KASTAMONU,SEYD?LER,2.06,1.62,2.1,9.59,2.18,0.55,2.94,1.5,0.32,2.8,7.98,4.85,4.9,10.4,4.4,1.4,6.11
37,1068,KASTAMONU,HANÖNÜ,2.06,1.62,2.1,9.59,2.18,0.55,2.94,1.5,0.32,2.8,7.98,4.85,4.9,10.4,4.4,1.4,6.11
37,1069,KASTAMONU,TA?KÖPRÜ,2.06,1.62,2.1,9.59,2.18,0.55,2.94,1.5,0.32,2.8,7.98,4.85,4.9,10.4,4.4,1.4,6.11
74,1070,BARTIN,ULUS,2.06,1.62,2.1,9.59,2.18,0.55,2.94,1.5,0.32,2.8,7.98,4.85,4.9,10.4,4.4,1.4,6.11
34,1071,?STANBUL,ÇATALCA,2.06,1.62,2.1,9.59,2.18,0.55,2.94,1.5,0.32,2.8,7.98,4.85,4.9,10.4,4.4,1.4,6.11
59,1072,TEK?RDA?,SARAY,2.06,1.62,2.1,9.59,2.18,0.55,2.94,1.5,0.32,2.8,7.98,4.85,4.9,10.4,4.4,1.4,6.11
57,1073,S?NOP,SAZLI,2.06,1.62,2.1,9.59,2.18,0.55,2.94,1.5,0.32,2.8,7.98,4.85,4.9,10.4,4.4,1.4,6.11
37,1074,KASTAMONU,PINARBA?I,2.06,1.62,2.1,9.59,2.18,0.55,2.94,1.5,0.32,2.8,7.98,4.85,4.9,10.4,4.4,1.4,6.11
74,1075,BARTIN,MERKEZ,2.06,1.62,2.1,9.59,2.18,0.55,2.94,1.5,0.32,2.8,7.98,4.85,4.9,10.4,4.4,1.4,6.11
39,1076,KIRKLAREL?,LÜLEBURGAZ,2.06,1.62,2.1,9.59,2.18,0.55,2.94,1.5,0.32,2.8,7.98,4.85,4.9,10.4,4.4,1.4,6.11
74,1077,BARTIN,AMASRA,2.06,1.62,2.1,9.59,2.18,0.55,2.94,1.5,0.32,2.8,7.98,4.85,4.9,10.4,4.4,1.4,6.11
75,1078,ARDAHAN,POSOF,2.06,1.62,2.1,9.59,2.18,0.55,2.94,1.5,0.32,2.8,7.98,4.85,4.9,10.4,4.4,1.4,6.11
37,1079,KASTAMONU,DEVREKÂN?,2.06,1.62,2.1,9.59,2.18,0.55,2.94,1.5,0.32,2.8,7.98,4.85,4.9,10.4,4.4,1.4,6.11
37,1080,KASTAMONU,A?LI,2.06,1.62,2.1,9.59,2.18,0.55,2.94,1.5,0.32,2.8,7.98,4.85,4.9,10.4,4.4,1.4,6.11
74,1081,BARTIN,KURUCA??LE,2.06,1.62,2.1,9.59,2.18,0.55,2.94,1.5,0.32,2.8,7.98,4.85,4.9,10.4,4.4,1.4,6.11
39,1082,KIRKLAREL?,BABAESK?,2.06,1.62,2.1,9.59,2.18,0.55,2.94,1.5,0.32,2.8,7.98,4.85,4.9,10.4,4.4,1.4,6.11
57,1083,S?NOP,GERZE,2.06,1.62,2.1,9.59,2.18,0.55,2.94,1.5,0.32,2.8,7.98,4.85,4.9,10.4,4.4,1.4,6.11
37,1084,KASTAMONU,AZDAVAY,2.06,1.62,2.1,9.59,2.18,0.55,2.94,1.5,0.32,2.8,7.98,4.85,4.9,10.4,4.4,1.4,6.11
37,1085,KASTAMONU,KÜRE,2.06,1.62,2.1,9.59,2.18,0.55,2.94,1.5,0.32,2.8,7.98,4.85,4.9,10.4,4.4,1.4,6.11
37,1086,KASTAMONU,?ENPAZAR,2.06,1.62,2.1,9.59,2.18,0.55,2.94,1.5,0.32,2.8,7.98,4.85,4.9,10.4,4.4,1.4,6.11
57,1087,S?NOP,TÜRKEL?,2.06,1.62,2.1,9.59,2.18,0.55,2.94,1.5,0.32,2.8,7.98,4.85,4.9,10.4,4.4,1.4,6.11
37,1088,KASTAMONU,ÇATALZEYT?N,2.06,1.62,2.1,9.59,2.18,0.55,2.94,1.5,0.32,2.8,7.98,4.85,4.9,10.4,4.4,1.4,6.11
57,1089,S?NOP,AYANCIK,2.06,1.62,2.1,9.59,2.18,0.55,2.94,1.5,0.32,2.8,7.98,4.85,4.9,10.4,4.4,1.4,6.11
39,1090,KIRKLAREL?,V?ZE,2.06,1.62,2.1,9.59,2.18,0.55,2.94,1.5,0.32,2.8,7.98,4.85,4.9,10.4,4.4,1.4,6.11
37,1091,KASTAMONU,BOZKURT,2.06,1.62,2.1,9.59,2.18,0.55,2.94,1.5,0.32,2.8,7.98,4.85,4.9,10.4,4.4,1.4,6.11
37,1092,KASTAMONU,ABANA,2.06,1.62,2.1,9.59,2.18,0.55,2.94,1.5,0.32,2.8,7.98,4.85,4.9,10.4,4.4,1.4,6.11
22,1093,ED?RNE,HAVSA,2.06,1.62,2.1,9.59,2.18,0.55,2.94,1.5,0.32,2.8,7.98,4.85,4.9,10.4,4.4,1.4,6.11
37,1094,KASTAMONU,?NEBOLU,2.06,1.62,2.1,9.59,2.18,0.55,2.94,1.5,0.32,2.8,7.98,4.85,4.9,10.4,4.4,1.4,6.11
57,1095,S?NOP,ERFELEK,2.06,1.62,2.1,9.59,2.18,0.55,2.94,1.5,0.32,2.8,7.98,4.85,4.9,10.4,4.4,1.4,6.11
37,1096,KASTAMONU,DO?ANYURT,2.06,1.62,2.1,9.59,2.18,0.55,2.94,1.5,0.32,2.8,7.98,4.85,4.9,10.4,4.4,1.4,6.11
37,1097,KASTAMONU,C?DE,2.06,1.62,2.1,9.59,2.18,0.55,2.94,1.5,0.32,2.8,7.98,4.85,4.9,10.4,4.4,1.4,6.11
39,1098,KIRKLAREL?,PINARH?SAR,2.06,1.62,2.1,9.59,2.18,0.55,2.94,1.5,0.32,2.8,7.98,4.85,4.9,10.4,4.4,1.4,6.11
57,1099,S?NOP,MERKEZ,2.06,1.62,2.1,9.59,2.18,0.55,2.94,1.5,0.32,2.8,7.98,4.85,4.9,10.4,4.4,1.4,6.11
22,1100,ED?RNE,MERKEZ,2.06,1.62,2.1,9.59,2.18,0.55,2.94,1.5,0.32,2.8,7.98,4.85,4.9,10.4,4.4,1.4,6.11
22,1101,ED?RNE,SÜLO?LU,2.06,1.62,2.1,9.59,2.18,0.55,2.94,1.5,0.32,2.8,7.98,4.85,4.9,10.4,4.4,1.4,6.11
22,1102,ED?RNE,LALAPA?A,2.06,1.62,2.1,9.59,2.18,0.55,2.94,1.5,0.32,2.8,7.98,4.85,4.9,10.4,4.4,1.4,6.11
39,1103,KIRKLAREL?,MERKEZ,2.06,1.62,2.1,9.59,2.18,0.55,2.94,1.5,0.32,2.8,7.98,4.85,4.9,10.4,4.4,1.4,6.11
39,1104,KIRKLAREL?,KOFÇAZ,2.06,1.62,2.1,9.59,2.18,0.55,2.94,1.5,0.32,2.8,7.98,4.85,4.9,10.4,4.4,1.4,6.11
